label	text	style	verifier_label	agree
press	Pourriez-vous envoyer notre dernier communiqué de presse concernant le lancement de l'application GreenTech aux rédactions spécialisées ?	des messages courts et directs (une phrase), niveau de langue courant	press	1
press	Je souhaiterais organiser une interview avec notre CEO pour le prochain numéro du magazine Économie Hebdo.	des messages courts et directs (une phrase), niveau de langue courant	press	1
press	Voici le dossier de presse relatif à l'ouverture de notre nouvelle usine à Lyon.	des messages courts et directs (une phrase), niveau de langue courant	press	1
press	Serait-il possible d'obtenir un créneau pour un entretien téléphonique avec notre responsable innovation ?	des messages courts et directs (une phrase), niveau de langue courant	press	1
press	Nous aimerions proposer une exclusivité sur notre nouvelle gamme de cosméties bio à votre rédaction.	des messages courts et directs (une phrase), niveau de langue courant	press	1
press	Veuillez trouver ci-joint le communiqué de presse annonçant notre partenariat avec la Fondation Santé.	des messages courts et directs (une phrase), niveau de langue courant	press	1
press	Est-ce que vous pourriez relancer les journalistes de la presse régionale pour notre annonce de demain ?	des messages courts et directs (une phrase), niveau de langue courant	press	1
press	Je vous sollicite pour une demande d'interview concernant les nouveaux chiffres de notre croissance annuelle.	des messages courts et directs (une phrase), niveau de langue courant	press	1
press	Nous avons préparé un kit presse numérique pour le lancement du produit X, pouvez-vous le diffuser ?	des messages courts et directs (une phrase), niveau de langue courant	press	1
press	Notre porte-parole est disponible mardi prochain pour répondre à vos questions sur l'acquisition de la startup Alpha.	des messages courts et directs (une phrase), niveau de langue courant	press	1
press	Bonjour, je travaille actuellement sur le lancement d'une nouvelle gamme de cosmétiques biologiques au sein de notre structure. Nous avons déjà finalisé toute la partie logistique et le déploiement national est prévu pour le mois prochain. Je souhaiterais savoir si vous pourriez nous aider à diffuser un communiqué de presse pour annoncer cette nouveauté auprès de la presse beauté.	des messages longs (3 à 5 phrases) avec du contexte personnel ; le vrai sujet n'apparaît qu'au milieu ou à la fin	press	1
press	J'espère que vous allez bien et que votre début de semaine se passe au mieux. Suite à nos récents échanges sur l'évolution de notre visibilité digitale, je reviens vers vous concernant une opportunité média. Nous aimerions organiser une demande d'interview pour notre CEO afin d'évoquer sa vision du marché de la tech.	des messages longs (3 à 5 phrases) avec du contexte personnel ; le vrai sujet n'apparaît qu'au milieu ou à la fin	press	1
press	Nous sommes en train de boucler notre calendrier éditorial pour le trimestre à venir avec nos partenaires stratégiques. Dans ce cadre, j'ai un dossier très spécifique à vous soumettre concernant notre dernière innovation technologique. Serait-il possible de préparer un kit de relations presse pour accompagner le lancement de notre nouveau logiciel ?	des messages longs (3 à 5 phrases) avec du contexte personnel ; le vrai sujet n'apparaît qu'au milieu ou à la fin	press	1
press	Le projet sur lequel nous travaillons depuis six mois touche enfin à sa fin et les résultats sont très prometteurs. Je me demandais si vous aviez des contacts disponibles dans la presse spécialisée agriculture. Nous avons besoin de transmettre un communiqué de presse détaillant nos nouveaux procédés de culture durable.	des messages longs (3 à 5 phrases) avec du contexte personnel ; le vrai sujet n'apparaît qu'au milieu ou à la fin	press	1
press	Je vous contacte car nous prévoyons une annonce majeure concernant une levée de fonds réalisée hier soir. L'équipe est très enthousiaste et nous voulons que l'information soit relayée de la manière la plus efficace possible. Pourriez-vous gérer l'envoi d'un communiqué de presse aux journalistes du secteur financier ?	des messages longs (3 à 5 phrases) avec du contexte personnel ; le vrai sujet n'apparaît qu'au milieu ou à la fin	press	1
press	Je repensais à notre discussion de mardi dernier concernant la stratégie de notoriété de notre marque de prêt-à-porter. Un sujet presse vient de surgir concernant notre nouvelle collection capsule qui sera disponible à Paris dès lundi. Serait-il possible de solliciter une demande d'interview avec notre directeur artistique pour un magazine de mode ?	des messages longs (3 à 5 phrases) avec du contexte personnel ; le vrai sujet n'apparaît qu'au milieu ou à la fin	press	1
press	La direction nous a donné le feu vert pour communiquer sur notre expansion internationale en Asie. Les préparatifs avancent bien et nous sommes dans une phase de communication très active. Nous aurions besoin de votre expertise pour orchestrer une campagne de relations presse ciblant les médias spécialisés en commerce international.	des messages longs (3 à 5 phrases) avec du contexte personnel ; le vrai sujet n'apparaît qu'au milieu ou à la fin	press	1
press	Après plusieurs mois de recherche et développement, nos ingénieurs ont enfin réussi une percée majeure dans le domaine de l'énergie solaire. C'est une étape cruciale pour l'avenir de notre entreprise et nous voulons le faire savoir. Pouvons-nous convenir d'un point pour structurer un communiqué de presse percutant ?	des messages longs (3 à 5 phrases) avec du contexte personnel ; le vrai sujet n'apparaît qu'au milieu ou à la fin	press	1
press	Le dossier sur la transformation digitale de nos services est presque prêt pour présentation aux actionnaires. En parallèle de ce travail, j'ai une opportunité de visibilité très intéressante à vous proposer. Je souhaiterais que nous travaillions sur une demande d'interview pour notre responsable innovation auprès d'un podcast influent.	des messages longs (3 à 5 phrases) avec du contexte personnel ; le vrai sujet n'apparaît qu'au milieu ou à la fin	press	1
press	Je reviens vers vous suite à l'annonce de notre nouveau partenariat stratégique avec le groupe Albatros. Nous voulons capitaliser sur cette synergie pour renforcer notre image de marque auprès du grand public. Est-ce que vous pourriez vous charger de la rédaction et de la diffusion d'un communiqué de presse pour cet événement ?	des messages longs (3 à 5 phrases) avec du contexte personnel ; le vrai sujet n'apparaît qu'au milieu ou à la fin	press	1
press	Salut, on vient de sortir le CP pour la nouvelle gamme BioZen. Tu peux l'envoyer direct aux journalistes spécialité conso ? Voici le lien : [url]	un style SMS ou messagerie instantanée : familier, abréviations, fautes d'orthographe, peu de ponctuation	press	1
press	Dis, tu penses pouvoir caler un entretien avec Marc pour le JT de demain ? Il est dispo vers 14h	un style SMS ou messagerie instantanée : familier, abréviations, fautes d'orthographe, peu de ponctuation	press	1
press	Hello, on a besoin de faire passer l'info sur le rachat de TechCorp aux médias. T'as une idée de la liste de presse à cibler ?	un style SMS ou messagerie instantanée : familier, abréviations, fautes d'orthographe, peu de ponctuation	press	1
press	Hey, j'ai reçu une demande d'interview de l'équipe de Pressegaz pour le CEO... tu gères le retour ?	un style SMS ou messagerie instantanée : familier, abréviations, fautes d'orthographe, peu de ponctuation	press	1
press	Cest bon pour le communiqué sur le nouveau bureau a Lyon, tu peux le diffuser aux rédactions dès lundi ?	un style SMS ou messagerie instantanée : familier, abréviations, fautes d'orthographe, peu de ponctuation	press	1
press	Slt, t'as reçu mon mail avec le dossier de presse pour le lancement de l'appli ? Dis moi si manque un truc	un style SMS ou messagerie instantanée : familier, abréviations, fautes d'orthographe, peu de ponctuation	press	1
press	On voudrait un petit encart dans la rubrique conso de l'actu demain, tu peux t'en occuper ?	un style SMS ou messagerie instantanée : familier, abréviations, fautes d'orthographe, peu de ponctuation	press	1
press	Besoin d'un coup de main pour relancer les journalistes sur le dossier Vertigo, ils répondent pas trop là	un style SMS ou messagerie instantanée : familier, abréviations, fautes d'orthographe, peu de ponctuation	press	1
press	Hello, la demande d'interview pour l'émission de radio est confirmée. On fait quoi pour le briefing ?	un style SMS ou messagerie instantanée : familier, abréviations, fautes d'orthographe, peu de ponctuation	press	1
press	Madame, Monsieur, Veuillez trouver ci-joint le communiqué de presse relatif au lancement de notre nouvelle gamme de cosmétiques bio 'Éclat Nature'. Nous restons à votre entière disposition pour toute information complémentaire ou pour organiser un entretien avec notre directrice de l'innovation. Cordialement, L'équipe Communication.	des e-mails formels avec formule d'appel et formule de politesse	press	1
press	Cher Monsieur Morel, Dans la perspective de votre prochaine chronique sur les technologies durables, je souhaiterais vous proposer une interview exclusive avec notre CEO, Marc Lefebvre. Il pourra détailler notre récente levée de fonds de 5 millions d'euros. Dans l'attente de votre retour, je vous prie d'agréer mes sincères salutations.	des e-mails formels avec formule d'appel et formule de politesse	press	1
press	À l'attention de la rédaction, Nous avons le plaisir de vous informer de la nomination de Julie Bernard au poste de Directrice Générale de l'entreprise TechFlow. Vous trouverez en pièce jointe la note d'information détaillant son parcours. Bien à vous, Le service Relations Presse.	des e-mails formels avec formule d'appel et formule de politesse	press	1
press	Bonjour, Nous lançons demain notre campagne nationale de sensibilisation au recyclage. Seriez-vous disponible pour un échange téléphonique afin que nous vous présentions les points clés de cette initiative et les chiffres clés à retenir ? Je vous remercie par avance. Sincèrement, Direction de la Communication.	des e-mails formels avec formule d'appel et formule de politesse	press	1
press	Madame la Journaliste, Je vous contacte pour vous proposer un sujet concernant l'expansion de notre groupe en Europe de l'Est. Nous disposons de chiffres inédits sur notre croissance au premier trimestre. Je reste à votre disposition pour convenir d'un rendez-vous. Très cordialement, Agence PR Global.	des e-mails formels avec formule d'appel et formule de politesse	press	1
press	Monsieur, Vous trouverez ci-annexé le communiqué de presse concernant l'acquisition de la start-up GreenDrive par notre groupe. Nous serions ravis de répondre à vos éventuelles questions lors d'un point presse téléphonique. Respectueusement, Service Presse.	des e-mails formels avec formule d'appel et formule de politesse	press	1
press	Chère équipe rédactionnelle, Nous souhaiterions organiser une rencontre entre votre envoyé spécial et notre porte-parole pour discuter de l'impact de la nouvelle réglementation sur notre secteur. Merci de nous indiquer vos disponibilités pour la semaine prochaine. Cordialement.	des e-mails formels avec formule d'appel et formule de politesse	press	1
press	Monsieur le Rédacteur en chef, Je me permets de vous transmettre notre dernier communiqué concernant l'ouverture de notre nouveau centre de recherche à Lyon. Ce projet représente un investissement de 12 millions d'euros pour la région. Dans l'attente de vous lire, Bien à vous.	des e-mails formels avec formule d'appel et formule de politesse	press	1
press	Bonjour, Suite à l'annonce de notre partenariat avec la Fondation Éducation, nous souhaiterions vous proposer une interview de notre responsable RSE. Nous pourrons ainsi aborder les enjeux de notre engagement social. Je vous prie d'agréer l'expression de mes salutations distinguées.	des e-mails formels avec formule d'appel et formule de politesse	press	1
press	Madame, Veuillez prendre connaissance du communiqué de presse ci-joint concernant les résultats annuels de la société Altius. Nous sommes disponibles pour toute demande d'entretien complémentaire pour approfondir ces données. Sincères salutations, Département Communication.	des e-mails formels avec formule d'appel et formule de politesse	press	1
press	Bonjour, nous venons de finaliser notre annonce sur la nouvelle gamme de soins bio pour l'automne. Est-il possible de transmettre le dossier complet aux journalistes spécialisés de votre liste de diffusion ?	des formulations indirectes : le sujet se devine sans reprendre les mots-clés de la description de la catégorie	press	1
press	Bonjour l'équipe, pourriez-vous nous aider à solliciter une rencontre avec le rédacteur en chef du Figaro Économie pour présenter les résultats de notre étude annuelle sur le pouvoir d'achat ?	des formulations indirectes : le sujet se devine sans reprendre les mots-clés de la description de la catégorie	press	1
press	Nous souhaiter'ions savoir si vous auriez une disponibilité pour organiser un échange téléphonique entre notre CEO et l'équipe de BFM Business suite à notre récente levée de fonds de 5 millions d'euros.	des formulations indirectes : le sujet se devine sans reprendre les mots-clés de la description de la catégorie	press	1
press	Bonjour, notre nouveau prototype de véhicule électrique sera présenté dans deux semaines. Nous aimerions que l'information soit relayée dans la presse automobile spécialisée dès lundi prochain.	des formulations indirectes : le sujet se devine sans reprendre les mots-clés de la description de la catégorie	press	1
press	Est-ce que vous pourriez contacter les rédactions de la presse lifestyle pour leur proposer d'envager un test produit de notre nouvelle montre connectée ? Nous avons des unités de test disponibles.	des formulations indirectes : le sujet se devine sans reprendre les mots-clés de la description de la catégorie	press	1
press	Bonjour, suite à l'annonce de notre rachat par le groupe Alizé, nous aimerions que les principaux titres de la presse spécialisée reçoivent une note officielle détaillant les enjeux de cette opération.	des formulations indirectes : le sujet se devine sans reprendre les mots-clés de la description de la catégorie	press	1
press	Nous cherchons à obtenir un passage dans l'émission de radio de demain matin pour discuter de l'impact de notre nouvelle technologie sur la transition énergétique.	des formulations indirectes : le sujet se devine sans reprendre les mots-clés de la description de la catégorie	press	1
press	Bonjour, pourriez-vous préparer un dossier de présentation pour les journalistes locaux concernant l'ouverture de notre nouvelle usine de production dans la région lyonnaise ?	des formulations indirectes : le sujet se devine sans reprendre les mots-clés de la description de la catégorie	press	1
press	Nous avons besoin de faire savoir au plus large possible que notre application est désormais disponible en version française, avec un angle axé sur l'innovation utilisateur.	des formulations indirectes : le sujet se devine sans reprendre les mots-clés de la description de la catégorie	press	1
internal	Il faudrait envoyer une note d'information à toute l'équipe concernant la nouvelle procédure de notes de frais.	des messages courts et directs (une phrase), niveau de langue courant	internal	1
internal	Peux-tu préparer une annonce pour l'intranet afin d'annoncer l'arrivée de Marc en tant que nouveau directeur financier ?	des messages courts et directs (une phrase), niveau de langue courant	internal	1
internal	On doit informer les collaborateurs du changement d'horaires de la cantine dès lundi prochain.	des messages courts et directs (une phrase), niveau de langue courant	internal	1
internal	Il faut rédiger un court message de bienvenue pour les nouveaux arrivants sur le réseau social interne.	des messages courts et directs (une phrase), niveau de langue courant	internal	1
internal	Pourrais-tu diffuser une alerte sur l'intranet pour rappeler les consignes de sécurité concernant le parking ?	des messages courts et directs (une phrase), niveau de langue courant	internal	1
internal	Il nous faut une newsletter mensuelle pour tenir les salariés informés des derniers résultats du groupe.	des messages courts et directs (une phrase), niveau de langue courant	internal	1
internal	N'oublie pas de poster l'annonce de la mise à jour du logiciel RH sur le portail interne.	des messages courts et directs (une phrase), niveau de langue courant	internal	1
internal	Je souhaite envoyer un mail de félicitations à tous les salariés pour l'atteinte de l'objectif de production.	des messages courts et directs (une phrase), niveau de langue courant	internal	1
internal	Il faut préparer un petit texte pour l'espace actualités de l'intranet sur la nouvelle mutuelle d'entreprise.	des messages courts et directs (une phrase), niveau de langue courant	internal	1
internal	On doit communiquer auprès des agents de Lyon sur la mise en place du télétravail renforcé.	des messages courts et directs (une phrase), niveau de langue courant	internal	1
internal	Bonjour à toute l'équipe, j'espère que vous avez passé un bon week-end malgré la pluie. Nous avons remarqué pas mal de questions circuler sur la machine à café de l'étage, alors je voulais vous prévenir que la mise à jour de notre plateforme intranet sera effectuée ce soir pour faciliter l'accès aux nouveaux menus. N'oubliez pas de vous reconnecter demain matin pour vérifier vos accès.	des messages longs (3 à 5 phrases) avec du contexte personnel ; le vrai sujet n'apparaît qu'au milieu ou à la fin	internal	1
internal	Chère équipe, après les récents changements dans l'organisation du pôle marketing, je tenais à vous rassurer sur la continuité de nos projets. Nous avons décidé de lancer une nouvelle newsletter mensuelle destinée uniquement aux collaborateurs pour partager les succès de chacun. Vous recevrez le premier numéro dès lundi prochain directement dans votre boîte mail professionnelle.	des messages longs (3 à 5 phrases) avec du contexte personnel ; le vrai sujet n'apparaît qu'au milieu ou à la fin	internal	1
internal	Salut tout le monde, je viens de terminer la revue des indicateurs de performance du trimestre dernier avec la direction. Suite à ces résultats encourageants, nous allons déployer un nouveau guide de bienvenue pour les nouveaux arrivants sur l'espace partagé de l'entreprise. Je compte sur vous pour le relire et nous faire vos retours d'ici vendredi.	des messages longs (3 à 5 phrases) avec du contexte personnel ; le vrai sujet n'apparaît qu'au milieu ou à la fin	internal	1
internal	Bonjour à tous, je sais que la période est intense avec la clôture de l'année comptable qui approche à grands pas. Pour alléger votre charge mentale, nous avons mis en place un nouveau canal de discussion interne sur Slack dédié aux échanges informels. L'idée est vraiment de recréer du lien entre les différents services qui ne se croisent plus assez.	des messages longs (3 à 5 phrases) avec du contexte personnel ; le vrai sujet n'apparaît qu'au milieu ou à la fin	internal	1
internal	Hello l'équipe, j'ai passé une matinée assez chargée en réunions de budget avec les responsables de département. Pour que tout le monde soit au même niveau d'information, je vais publier un mémo détaillé sur le portail RH d'ici demain. Il récapitulera les nouvelles règles concernant les notes de frais et les déplacements.	des messages longs (3 à 5 phrases) avec du contexte personnel ; le vrai sujet n'apparaît qu'au milieu ou à la fin	internal	1
internal	Bonjour, je reviens vers vous concernant les retours que certains d'entre vous m'ont fait sur l'ergonomie de nos outils numériques. Nous avons donc lancé une refonte complète de la page d'accueil de notre intranet pour la rendre plus intuitive. Le déploiement est prévu pour le mois prochain sur l'ensemble du site de Lyon.	des messages longs (3 à 5 phrases) avec du contexte personnel ; le vrai sujet n'apparaît qu'au milieu ou à la fin	internal	1
internal	Chers collaborateurs, le café de ce matin avec la direction était très instructif sur nos ambitions pour l'année prochaine. Dans cette dynamique de transparence, nous allons instaurons un système de boîte à idées numérique accessible à tous sur votre espace personnel. N'hésitez pas à y déposer vos suggestions pour améliorer notre quotidien au bureau.	des messages longs (3 à 5 phrases) avec du contexte personnel ; le vrai sujet n'apparaît qu'au milieu ou à la fin	internal	1
internal	Bonjour à tous, j'espère que vous n'êtes pas trop fatigués par le rush actuel sur le projet Alpha. Pour clarifier la répartition des tâches, je viens de mettre à jour le calendrier collaboratif accessible via l'onglet 'Projets' de votre espace de travail interne. Merci de bien vouloir consulter vos nouvelles échéances dès que possible.	des messages longs (3 à 5 phrases) avec du contexte personnel ; le vrai sujet n'apparaît qu'au milieu ou à la fin	internal	1
internal	Salut l'équipe, je suis en train de préparer le bilan de l'année pour le département des ressources humaines. À ce sujet, je vais diffuser une courte note de service interne pour expliquer les changements de processus de validation des congés. Ce document sera disponible dans la section 'Vie de l'entreprise' de notre réseau social interne.	des messages longs (3 à 5 phrases) avec du contexte personnel ; le vrai sujet n'apparaît qu'au milieu ou à la fin	internal	1
internal	Bonjour, je suis actuellement en déplacement à Bordeaux pour rencontrer nos partenaires locaux. Pendant mon absence, j'ai demandé à Julie de centraliser toutes vos demandes concernant la mise à jour de la newsletter interne. Elle postera une annonce sur l'intranet dès que nous aurons validé le nouveau calendrier éditorial pour les salariés.	des messages longs (3 à 5 phrases) avec du contexte personnel ; le vrai sujet n'apparaît qu'au milieu ou à la fin	internal	1
internal	Salut l'équipe, faut qu'on mette à jour la news sur l'intranet pour l'arrivée de Marc au service RH, il arrive lundi	un style SMS ou messagerie instantanée : familier, abréviations, fautes d'orthographe, peu de ponctuation	internal	1
internal	dis moi tu peux envoyer un mail à tous les collaborateurs pour les congés d'été ? faut leur rappeler la deadline du 15 juin	un style SMS ou messagerie instantanée : familier, abréviations, fautes d'orthographe, peu de ponctuation	internal	1
internal	Hello, on peut poster un petit mot sur le réseau interne pour féliciter l'équipe de Lyon pour les super résultats du T3 ??	un style SMS ou messagerie instantanée : familier, abréviations, fautes d'orthographe, peu de ponctuation	internal	1
internal	Hey, j'ai oublier de dire... faut envoyer une petite note interne pour prévenir que la cafet va être fermée demain midi	un style SMS ou messagerie instantanée : familier, abréviations, fautes d'orthographe, peu de ponctuation	internal	1
internal	tu peux préparer un message pour la newsletter interne ? on doit présenter le nouveau logiciel de gestion des congés	un style SMS ou messagerie instantanée : familier, abréviations, fautes d'orthographe, peu de ponctuation	internal	1
internal	salut, on fait un petit post sur le mur de l'intranet pour l'anniversaire de la boîte ? 10 ans déjà lol	un style SMS ou messagerie instantanée : familier, abréviations, fautes d'orthographe, peu de ponctuation	internal	1
internal	faut envoyer un mail urgent aux chefs de service pour leur rappeler de remplir le sondage satisfaction interne stp	un style SMS ou messagerie instantanée : familier, abréviations, fautes d'orthographe, peu de ponctuation	internal	1
internal	dis, on peut mettre un petit mot sur le canal slack pour dire que les nouveaux process RH sont dispo dans l'espace doc interne	un style SMS ou messagerie instantanée : familier, abréviations, fautes d'orthographe, peu de ponctuation	internal	1
internal	hello, oublie pas de rédiger la petite note pour les salariés concernant les nouveaux horaires d'accès au bâtiment	un style SMS ou messagerie instantanée : familier, abréviations, fautes d'orthographe, peu de ponctuation	internal	1
internal	estce que tu peux checker si le message sur la nouvelle mutuelle est bien passé sur l'intranet ?? les gens demandent grave	un style SMS ou messagerie instantanée : familier, abréviations, fautes d'orthographe, peu de ponctuation	internal	1
internal	Madame, Monsieur, nous souhaiterions lancer une campagne de sensibilisation sur notre nouvel outil de gestion des congés via l'intranet. Pourriez-vous nous aider à rédiger une note d'information destinée à l'ensemble des collaborateurs du groupe afin d'expliquer les nouveaux processus de validation ? Bien cordialement, La Direction des Ressources Humaines.	des e-mails formels avec formule d'appel et formule de politesse	internal	1
internal	Bonjour, dans le cadre de la refonte de notre newsletter mensuelle destinée aux salariés, nous aurions besoin de votre expertise pour structurer les rubriques 'Vie de l'entreprise' et 'Nouveaux arrivants'. L'objectif est de rendre le contenu plus dynamique pour nos 500 collaborateurs. Dans l'attente de votre retour, Bien à vous, Thomas Lefebvre, Responsable Communication Interne.	des e-mails formels avec formule d'appel et formule de politesse	internal	1
internal	Madame, Monsieur, suite au récent déménagement de nos bureaux à Lyon, nous devons informer les équipes sur l'aménagement des nouveaux espaces de travail. Nous aimerions diffuser un message de bienvenue chaleureux sur le portail interne pour accompagner cette transition. Je vous remercie par avance pour vos propositions. Cordialement, Sophie Martin, Directrice de Site.	des e-mails formels avec formule d'appel et formule de politesse	internal	1
internal	Monsieur, nous avons besoin de votre aide pour préparer l'annonce de la mise en place du nouveau plan de formation continue. Il s'agit de diffuser un e-mail explicatif à tous les managers de la division logistique pour détailler les modalités d'inscription sur la plateforme LMS. Salutations distinguées, Jean-Pierre Dupont, DRH.	des e-mails formels avec formule d'appel et formule de politesse	internal	1
internal	Bonjour, nous souhaitons mettre à jour la section 'Culture d'entreprise' de notre intranet. Pourriez-vous nous accompagner dans la rédaction d'un texte de présentation de nos valeurs et de notre mission, afin que chaque nouvel embauché puisse s'approprier l'ADN de la société dès son arrivée ? Merci d'avance, Amélie Roux, Responsable de l'Engagement.	des e-mails formels avec formule d'appel et formule de politesse	internal	1
internal	Madame, Monsieur, le service informatique déploiera une nouvelle version de notre logiciel de messagerie interne le mois prochain. Nous avons besoin d'une série de messages courts et pédagogiques à destination de tous les salariés pour les prévenir des changements d'interface et des bonnes pratiques de sécurité. Bien cordialement, Marc Durand, DSI.	des e-mails formels avec formule d'appel et formule de politesse	internal	1
internal	Bonjour, nous organisons une campagne de 'bien-être au travail' pour le trimestre à venir. Nous aimerions que vous nous aidiez à concevoir une série de messages de rappel à diffuser sur les écrans dynamiques de la cafétéria et sur l'intranet, portant sur l'importance de la pause déjeuner et de l'ergonomie des postes. Cordialement, Lucie Morel, Responsable QVT.	des e-mails formels avec formule d'appel et formule de politesse	internal	1
internal	Monsieur, dans le cadre de notre politique de transparence, la Direction Générale souhaite envoyer une lettre interne trimestrielle pour partager les indicateurs de performance du premier semestre. Nous comptons sur vous pour nous aider à vulgariser ces chiffres de manière accessible à tous les services. Je reste à votre disposition. Sincèrement, Pierre Vallet, CEO.	des e-mails formels avec formule d'appel et formule de politesse	internal	1
internal	Madame, Monsieur, nous lançons un nouveau programme de parrainage interne pour le recrutement de nos ingénieurs. Nous aurions besoin d'un e-mail d'annonce impactant, destiné à tous nos salariés, pour expliquer le fonctionnement de la prime de cooptation et les étapes à suivre. Dans l'attente de vous lire, Bien à vous, Claire Fontaine, Responsable Recrutement.	des e-mails formels avec formule d'appel et formule de politesse	internal	1
internal	Bonjour, nous avons pour projet de créer un espace 'Espace Vie Associative' sur notre intranet pour valoriser les initiatives des collaborateurs. Nous souhaiterions que vous nous aidiez à rédiger le message de lancement pour inciter les employés à partager leurs projets et à utiliser ce nouvel outil collaboratif. Merci de votre retour, Nicolas Berger, Responsable de la Communication Interne.	des e-mails formels avec formule d'appel et formule de politesse	internal	1
internal	Bonjour l'équipe, nous avons mis à jour les procédures de validation des congés sur le portail RH. Merci de consulter la nouvelle section 'Espace Personnel' pour vos futures demandes.	des formulations indirectes : le sujet se devine sans reprendre les mots-clés de la description de la catégorie	internal	1
internal	Suite à l'intégration de la filiale de Lyon, une newsletter mensuelle sera désormais diffusée chaque premier mardi du mois pour partager les actualités de nos différents sites.	des formulations indirectes : le sujet se devine sans reprendre les mots-clés de la description de la catégorie	internal	1
internal	Chers collaborateurs, n'oubliez pas que les nouveaux accès au serveur partagé sont disponibles. Vous pouvez les récupérer auprès de votre manager de proximité.	des formulations indirectes : le sujet se devine sans reprendre les mots-clés de la description de la catégorie	internal	1
internal	Le déploiement du nouvel outil de gestion des notes de frais sera effectif dès lundi. Un guide d'utilisation est disponible dans l'onglet 'Outils' de notre plateforme collaborative.	des formulations indirectes : le sujet se devine sans reprendre les mots-clés de la description de la catégorie	internal	1
internal	Nous avons le plaisir de vous annoncer l'arrivée de Marc Lefebvre au poste de Directeur Technique. Il rejoint nos bureaux de Nantes pour renforcer le pôle ingénierie.	des formulations indirectes : le sujet se devine sans reprendre les mots-clés de la description de la catégorie	internal	1
internal	Un rappel concernant les règles de sécurité informatique : pensez à verrouiller vos sessions dès que vous quittez votre poste de travail.	des formulations indirectes : le sujet se devine sans reprendre les mots-clés de la description de la catégorie	internal	1
internal	Les résultats de l'enquête de satisfaction annuelle sont maintenant consultables sur l'espace dédié. Vos retours ont permis de mettre en place les actions correctives présentées en réunion de direction.	des formulations indirectes : le sujet se devine sans reprendre les mots-clés de la description de la catégorie	internal	1
internal	Suite au passage à la semaine de 4,5 jours, les horaires de fin de service ont été légèrement ajustés pour l'ensemble des services opérationnels.	des formulations indirectes : le sujet se devine sans reprendre les mots-clés de la description de la catégorie	internal	1
internal	La plateforme de partage de documents migre vers une nouvelle interface plus intuitive. Les anciens liens de téléchargement resteront actifs jusqu'à la fin du trimestre.	des formulations indirectes : le sujet se devine sans reprendre les mots-clés de la description de la catégorie	internal	1
internal	Petit message pour vous informer que la cafétéria sera fermée pour travaux durant toute la semaine prochaine. Merci de votre compréhension.	des formulations indirectes : le sujet se devine sans reprendre les mots-clés de la description de la catégorie	internal	1
crisis	On a un énorme problème de fuite de données clients sur Facebook, il faut réagir immédiatement.	des messages courts et directs (une phrase), niveau de langue courant	crisis	1
crisis	Une vidéo de notre PDG tenant des propos déplacés est en train de devenir virale sur Twitter.	des messages courts et directs (une phrase), niveau de langue courant	crisis	1
crisis	Les clients sont furieux suite à la panne de serveur qui dure depuis trois heures et personne ne répond au SAV.	des messages courts et directs (une phrase), niveau de langue courant	crisis	1
crisis	Une rumeur sur la présence de composants toxiques dans notre gamme 'BioNature' circule sur les forums.	des messages courts et directs (une phrase), niveau de langue courant	crisis	1
crisis	On vient de se faire dénoncer par une association de consommateurs pour des pratiques de prix abusives.	des messages courts et directs (une phrase), niveau de langue courant	crisis	1
crisis	Le hashtag #BoycottLumina est en train de monter en flèche suite au dernier post Instagram de la marque.	des messages courts et directs (une phrase), niveau de langue courant	crisis	1
crisis	On a un bad buzz majeur sur l'affiche de notre campagne de publicité jugée sexiste par les médias.	des messages courts et directs (une phrase), niveau de langue courant	crisis	1
crisis	Il y a une vague de commentaires négatifs sans précédent sur notre fiche Google Maps suite à l'incident d'hier.	des messages courts et directs (une phrase), niveau de langue courant	crisis	1
crisis	Une plainte pour harcèlement a été publiée par une ex-employée et les journalistes commencent à nous appeler.	des messages courts et directs (une phrase), niveau de langue courant	crisis	1
crisis	L'annonce du retrait de notre produit phare de la vente à cause d'un défaut de fabrication crée un chaos sur les réseaux.	des messages courts et directs (une phrase), niveau de langue courant	crisis	1
crisis	Je vous contacte car nous avons un problème majeur avec notre toute nouvelle gamme de jus de fruits bio, 'PureNature'. Plusieurs clients ont posté des photos sur Twitter montrant des traces de moisissures à l'intérieur des bouteilles scellées. La situation devient virale et nous craignons un rappel massif de produits dès demain matin.	des messages longs (3 à 5 phrases) avec du contexte personnel ; le vrai sujet n'apparaît qu'au milieu ou à la fin	crisis	1
crisis	Nous avons lancé notre campagne de sponsoring pour le festival de musique de Lyon ce matin, mais les premiers retours sont catastrophiques. Une vidéo montrant un de nos agents en train de tenir des propos très déplacés envers un artiste circule sur Instagram. Il faut impérativement une stratégie de réponse avant que les marques partenaires ne nous demandent des comptes.	des messages longs (3 à 5 phrases) avec du contexte personnel ; le vrai sujet n'apparaît qu'au milieu ou à la fin	crisis	1
crisis	Le rapport d'audit environnemental vient de fuiter sur un forum spécialisé et les chiffres concernant nos rejets de CO2 sont catastrophiques. Les associations écologistes commencent déjà à nous interpeller sur LinkedIn avec beaucoup d'agressivité. Nous devons préparer un plan de communication d'urgence pour limiter les dégâts sur notre image de marque.	des messages longs (3 à 5 phrases) avec du contexte personnel ; le vrai sujet n'apparaît qu'au milieu ou à la fin	crisis	1
crisis	Je viens de voir que notre dernier post Facebook concernant la nouvelle application 'EasyPay' a généré une vague de commentaires extrêmement hostiles. Un utilisateur influent a partagé une capture d'écran suggérant une faille de sécurité majeure dans le système de paiement. Nous sommes en plein début de bad buzz et il faut agir avant que la presse ne s'en empare.	des messages longs (3 à 5 phrases) avec du contexte personnel ; le vrai sujet n'apparaît qu'au milieu ou à la fin	crisis	1
crisis	L'ambiance est très tendue au siège suite à la publication d'un article de blog dénonçant des pratiques de management toxiques au sein de notre département logistique. Les critiques sont très précises et citent plusieurs noms de managers de notre site de Bordeaux. Nous avons besoin de votre expertise pour gérer cette polémique avant qu'elle ne devienne une crise sociale.	des messages longs (3 à 5 phrases) avec du contexte personnel ; le vrai sujet n'apparaît qu'au milieu ou à la fin	crisis	1
crisis	Nous avons un souci avec la livraison de notre dernier colis de goodies pour le lancement du projet 'Horizon'. Un client influent a publié une vidéo montrant que les produits sont non seulement cassés, mais aussi accompagnés de matériaux non recyclables contraires à nos engagements. Les réseaux sociaux s'enflamment et les accusations de greenwashing commencent à pleuvoir.	des messages longs (3 à 5 phrases) avec du contexte personnel ; le vrai sujet n'apparaît qu'au milieu ou à la fin	crisis	1
crisis	Je suis en train de lire les notifications qui s'accumulent sur notre compte Twitter officiel et c'est assez inquiétant. Un ancien collaborateur vient de publier un long thread détaillant des irrégularités financières dans la gestion de nos subventions. Il faut absolument que nous trouvions une manière de désamorcer cette polémique avant la fin de la journée.	des messages longs (3 à 5 phrases) avec du contexte personnel ; le vrai sujet n'apparaît qu'au milieu ou à la fin	crisis	1
crisis	>'AlphaTech' est au cœur d'une tempête médiatique suite à une rumeur persistante de vol de propriété intellectuelle auprès d'une petite startup française. Bien que nous n'ayons pas encore de preuves formelles, la pression monte et nos clients commencent à nous envoyer des mails de précaution. Nous avons besoin d'une cellule de crise pour gérer ces attaques.	des messages longs (3 à 5 phrases) avec du contexte personnel ; le vrai sujet n'apparaît qu'au milieu ou à la fin	crisis	1
crisis	Le déploiement de notre nouveau système de surveillance dans les entrepôts de Nantes a suscité une réaction très violente de la part des syndicats. Une pétition en ligne a déjà récolté plus de 5000 signatures en seulement trois heures. Nous devons réagir rapidement pour éviter que cette polémique ne s'étende à l'ensemble de notre communication institutionnelle.	des messages longs (3 à 5 phrases) avec du contexte personnel ; le vrai sujet n'apparaît qu'au milieu ou à la fin	crisis	1
crisis	Je vous écris car un bug majeur sur notre plateforme d'e-commerce a causé la perte de données personnelles de plusieurs centaines de clients hier soir. La nouvelle a commencé à circuler sur les forums spécialisés en cybersécurité et l'inquiétude grandit. Nous sommes face à une véritable crise de confiance qui nécessite une réponse immédiate et structurée.	des messages longs (3 à 5 phrases) avec du contexte personnel ; le vrai sujet n'apparaît qu'au milieu ou à la fin	crisis	1
crisis	Alerte !! Y a un mec sur twitter qui vient de poster une video de notre nouveau burger avec un truc bizarre dedans... ca commence a tourner hyper vite on fait quoi ??	un style SMS ou messagerie instantanée : familier, abréviations, fautes d'orthographe, peu de ponctuation	crisis	1
crisis	Hello l'agence, gros probleme sur fb la marque est en train de se faire massacrer suite au post de ce matin sur l'ecologie. faut repondre direct qquch avant que ca devienne ingérable	un style SMS ou messagerie instantanée : familier, abréviations, fautes d'orthographe, peu de ponctuation	crisis	1
crisis	On a un souci avec le lot de creme hydratante #42, y a des clients qui disent avoir des plaques rouges. les commentaires sous l'insta sont en train d'exploser... aidez nous svp	un style SMS ou messagerie instantanée : familier, abréviations, fautes d'orthographe, peu de ponctuation	crisis	1
crisis	Putain c est le bordel sur linkedin, le rdv avec le maire a fuit et tout le monde s'en fout de nous. faut stopper la cascade de critiques vite	un style SMS ou messagerie instantanée : familier, abréviations, fautes d'orthographe, peu de ponctuation	crisis	1
crisis	Euh tu as vu le thread sur le nouveau jeu ? Les gens disent que c est du vol pur et dur. faut preparer un statement d urgence	un style SMS ou messagerie instantanée : familier, abréviations, fautes d'orthographe, peu de ponctuation	crisis	1
crisis	Désolée de vous recontacter si vite mais la polémique sur les salaires est en train de prendre une ampleur de dingue sur les groupes de quartiers. On est en train de perdre le controle du narrative	un style SMS ou messagerie instantanée : familier, abréviations, fautes d'orthographe, peu de ponctuation	crisis	1
crisis	Urgent !! Un influenceur vient de faire un direct pour critiquer notre service client et il a 50k personnes en live. On est en train de se faire démonter en direct	un style SMS ou messagerie instantanée : familier, abréviations, fautes d'orthographe, peu de ponctuation	crisis	1
crisis	C est la panique ici, les tweets sur l'incident de l'usine circulent partout. faut qu'on voie comment calmer le jeu avant que la presse s'en mêle	un style SMS ou messagerie instantanée : familier, abréviations, fautes d'orthographe, peu de ponctuation	crisis	1
crisis	On a un gros bad buzz sur la campagne de pub, les gens trouvent ca hyper offensant pour la communauté. Faut qu on agisse avant que ca monte trop	un style SMS ou messagerie instantanée : familier, abréviations, fautes d'orthographe, peu de ponctuation	crisis	1
crisis	T'as vu les retours sur le produit X ? C est un carnage sur les forums de consommation. On doit trouver une solution de com de crise ASAP	un style SMS ou messagerie instantanée : familier, abréviations, fautes d'orthographe, peu de ponctuation	crisis	1
crisis	Monsieur, Je vous contacte en toute urgence suite à la publication d'une vidéo virale sur X (anciennement Twitter) montrant une anomalie sur notre gamme de yaourts 'BioPure'. Le nombre de partages explose et les commentaires deviennent très agressifs. Nous avons besoin d'un plan de réponse immédiat pour stopper l'hémorragie sur les réseaux sociaux. Dans l'attente de votre retour rapide, Cordialement, Marc Lefebvre, Directeur de la Qualité.	des e-mails formels avec formule d'appel et formule de politesse	crisis	1
crisis	Madame, Nous faisons face à une situation extrêmement délicate concernant une fuite de données clients sur notre plateforme d'e-commerce. La presse spécialisée commence à s'emparer de l'affaire et l'inquiétude monte chez nos abonnés. Il est impératif de définir une stratégie de communication de crise pour rassurer les utilisateurs et limiter le préjudice réputationnel. Je vous prie d'agréer, Madame, l'expression de mes salutations distinguées. Sophie Durand, Responsable Service Client.	des e-mails formels avec formule d'appel et formule de politesse	crisis	1
crisis	Monsieur le Directeur, Un incident grave vient de survenir sur notre chantier de Lyon : un éboulement a causé des dommages à une habitation voisine. Bien qu'aucun blessé ne soit à déplorer, la polémique est déjà lancée sur les groupes Facebook locaux. Nous devons impérativement préparer une note de positionnement pour contrer les rumeurs de négligence. Bien cordialement, Jean-Pierre Morel, Directeur d'Exploitation.	des e-mails formels avec formule d'appel et formule de politesse	crisis	1
crisis	Madame, Je vous informe qu'une campagne de boycott s'organise actuellement à l'encontre de notre marque suite aux propos malheureux d'un de nos cadres lors d'une soirée privée. Les critiques sur Instagram sont massives et touchent directement notre image de marque. Nous sollicitons votre expertise pour une gestion de bad buzz immédiate. Dans l'attente de vous lire, Sincères salutations, Clara Valmont, Directrice de la Communication.	des e-mails formels avec formule d'appel et formule de politesse	crisis	1
crisis	Monsieur, Nous rencontrons un problème majeur avec notre dernier lot de composants électroniques 'TechCore'. Plusieurs retours clients signalent un risque de surchauffe. Si cette information devient publique sans une communication maîtrisée, notre crédibilité sera définitivement entachée. Nous avons besoin d'un protocole de gestion de crise pour les prochainę semaines. Cordialement, Antoine de la Roche, CEO.	des e-mails formels avec formule d'appel et formule de politesse	crisis	1
crisis	Madame, La polémique autour de notre nouvelle publicité 'Horizon' prend une ampleur incontrôlable. De nombreux internautes nous accusent de manque de sensibilité sociale. La situation s'envenime minute après minute et nous devons agir avant que cela ne devienne ingérable. Je compte sur votre réactivité pour une cellule de crise. Bien à vous, Émilie Bertrand, Responsable Marketing.	des e-mails formels avec formule d'appel et formule de politesse	crisis	1
crisis	Monsieur, Une enquête de l'association 'Eco-Vigilance' vient de paraître, nous accusant de greenwashing sur nos engagements carbone. L'impact sur notre e-réputation est immédiat et les appels au retrait de nos produits se multiplient. Nous devons coordonner une réponse de défense d'urgence. Je vous prie d'agréer, Monsieur, mes respectueuses salutations. Luc Dumont, Directeur RSE.	des e-mails formels avec formule d'appel et formule de politesse	crisis	1
crisis	Madame, Nous sommes confrontés à une situation de crise sanitaire suite à des signalements de cas d'intoxication dans notre établissement de Nantes. La presse locale est aux aguets et nous craignons une reprise médiatique désastreuse demain matin. Un plan de communication défensif est nécessaire dès maintenant. Dans l'attente de vos propositions, Cordialement, Dr. Isabelle Martin, Directrice Médicale.	des e-mails formels avec formule d'appel et formule de politesse	crisis	1
crisis	Monsieur, Un employé de notre service logistique a tenu des propos discriminatoires qui circulent actuellement sur LinkedIn. L'indignation est générale et notre entreprise est directement visée par les critiques. Il nous faut une stratégie de réponse pour désamorcer ce bad buzz avant que le lien avec notre marque ne soit indissociable de cet incident. Sincères salutations, Thomas Girard, DRH.	des e-mails formels avec formule d'appel et formule de politesse	crisis	1
crisis	Madame, L'annonce du retard de livraison de notre projet 'SmartCity' provoque une vive colère chez nos investisseurs et une polémique sur les réseaux professionnels. Les accusations de mauvaise gestion de projet se propagent. Nous devons mettre en place une cellule de gestion de crise pour stabiliser l'opinion. Je reste dans l'attente de votre appel. Bien cordialement, Pierre Lambert, Directeur de Projet.	des e-mails formels avec formule d'appel et formule de politesse	crisis	1
crisis	On vient de voir passer une vidéo virale sur Twitter concernant le rappel de lots de notre gamme de yaourts Bio-Nature. Les commentaires deviennent vraiment incontrôlables et les clients demandent des remboursements immédiats. Il faut qu'on agisse vite pour limiter les dégâts sur l'image de la marque.	des formulations indirectes : le sujet se devine sans reprendre les mots-clés de la description de la catégorie	crisis	1
crisis	L'article publié ce matin dans Le Monde concernant les conditions de travail dans nos entrepôts de Lyon est en train de faire polémique. Les réseaux sociaux s'enflamment et on reçoit des messages très agressifs de la part des associations de défense des droits. Quel est le plan pour répondre à cette vague de critiques ?	des formulations indirectes : le sujet se devine sans reprendre les mots-clés de la description de la catégorie	crisis	1
crisis	Une rumeur infondée circule depuis quelques heures sur LinkedIn concernant un prétendu détournement de fonds au sein de notre direction financière. La situation prend une ampleur démesurée et nous avons besoin de savoir comment calmer le jeu avant que la presse spécialisée ne s'en empare.	des formulations indirectes : le sujet se devine sans reprendre les mots-clés de la description de la catégorie	crisis	1
crisis	Le bug technique sur notre application mobile a entraîné une perte de données pour plusieurs milliers d'utilisateurs. La colère monte sur les forums et on commence à voir des menaces de boycott. On ne peut plus rester silencieux face à ce mécontentement généralisé.	des formulations indirectes : le sujet se devine sans reprendre les mots-clés de la description de la catégorie	crisis	1
crisis	On a une situation très délicate à gérer suite aux propos déplacés d'un de nos cadres lors d'un dîner privé, qui ont fuité hier soir. Le hashtag lié à notre entreprise est en tendance négative et la pression monte pour que nous prenions position officiellement.	des formulations indirectes : le sujet se devine sans reprendre les mots-clés de la description de la catégorie	crisis	1
crisis	Les chiffres du dernier rapport de durabilité qui ont été fuités ne correspondent pas du tout à notre discours officiel sur la réduction du carbone. Si cela devient public, la confiance de nos investisseurs va s'effondrer. On a besoin d'une stratégie pour désamorcer cette bombe à retardement.	des formulations indirectes : le sujet se devine sans reprendre les mots-clés de la description de la catégorie	crisis	1
crisis	Une plainte pour défaut de sécurité sur l'un de nos modèles de trottinettes électriques vient d'être déposée. Les premiers signalements d'accidents sont déjà relayés par des influenceurs tech. Comment on gère la communication autour de cette possible mise en cause de notre responsabilité ?	des formulations indirectes : le sujet se devine sans reprendre les mots-clés de la description de la catégorie	crisis	1
crisis	Il y a un énorme problème de perception suite à l'annonce du rachat de la startup concurrente. Les clients perçoivent cela comme une fin de l'éthique de notre groupe et la réputation de notre engagement social est directement menacée par cette interprification.	des formulations indirectes : le sujet se devine sans reprendre les mots-clés de la description de la catégorie	crisis	1
crisis	Le témoignage anonyme publié sur un blog influent dénonce une culture d'entreprise toxique chez nous. Les réactions sont immédiates et très virales. On ne peut pas laisser cette narration s'installer sans une réponse coordonnée pour protéger notre réputation.	des formulations indirectes : le sujet se devine sans reprendre les mots-clés de la description de la catégorie	crisis	1
crisis	On est en plein chaos suite à l'incendie de notre usine de Nantes. Les premières informations qui circulent sur Facebook sont catastrophiques et très alarmistes, ce qui crée une panique inutile auprès de nos partenaires locaux. Il nous faut une cellule pour stabiliser la diffusion des faits.	des formulations indirectes : le sujet se devine sans reprendre les mots-clés de la description de la catégorie	crisis	1
events	Nous aimerions organiser un séminaire de deux jours à Biarritz pour notre direction en juin prochain.	des messages courts et directs (une phrase), niveau de langue courant	events	1
events	Pourriez-vous nous faire une proposition budgétaire pour la location de stands lors du salon TechInnov 2025 ?	des messages courts et directs (une phrase), niveau de langue courant	events	1
events	Il nous faut trouver un lieu atypique à Lyon pour accueillir notre conférence annuelle de septembre.	des messages courts et directs (une phrase), niveau de langue courant	events	1
events	Nous prévoyons le lancement de notre gamme 'ÉcoBoost' via un événement cocktail le 15 octobre.	des messages courts et directs (une phrase), niveau de langue courant	events	1
events	Serait-il possible de gérer la logistique et le traiteur pour notre atelier client prévu à Paris ?	des messages courts et directs (une phrase), niveau de langue courant	events	1
events	Nous recherchons une agence pour coordonner l'aménagement d'un espace de réception pour 200 personnes.	des messages courts et directs (une phrase), niveau de langue courant	events	1
events	Est-ce que vous pouvez vous occuper de la réservation des salles et de l'accueil des participants pour notre symposium ?	des messages courts et directs (une phrase), niveau de langue courant	events	1
events	Nous avons besoin d'un devis pour l'organisation de notre journée de team building au domaine de Chantilly.	des messages courts et directs (une phrase), niveau de langue courant	events	1
events	L'idée est de transformer notre hall d'accueil en un espace d'exposition pour notre nouvelle collection.	des messages courts et directs (une phrase), niveau de langue courant	events	1
events	Je souhaite déléguer toute la partie technique et l'installation de la scène pour notre forum industriel.	des messages courts et directs (une phrase), niveau de langue courant	events	1
events	Bonjour à toute l'équipe, nous venons de boucler notre budget pour le prochain semestre et les perspectives sont excellentes. Pour célébrer cette croissance, j'aimerais que nous réfléchissions ensemble à l'organisation d'un séminaire de trois jours dans le Luberon. Il faudrait prévoir des activités de team building et un lieu de conférence assez spacieux pour 50 collaborateurs.	des messages longs (3 à 5 phrases) avec du contexte personnel ; le vrai sujet n'apparaît qu'au milieu ou à la fin	events	1
events	Bonjour, je reviens vers vous concernant notre présence sur le marché européen qui s'accélère nettement. Nous avons une opportunité majeure de visibilité lors de la prochaine édition de l'ExpoTech à Berlin en octobre. Je souhaiterais que vous preniez en charge la logistique et la conception de notre stand pour cet événement international.	des messages longs (3 à 5 phrases) avec du contexte personnel ; le vrai sujet n'apparaît qu'au milieu ou à la fin	events	1
events	Chère équipe, après plusieurs mois de réflexion sur notre stratégie de marque, nous avons décidé de franchir une nouvelle étape. Nous aimerions lancer officiellement notre nouvelle gamme 'BioEssence' lors d'une soirée de lancement dédiée à nos partenaires clés. Est-il possible de nous proposer un devis pour la gestion complète de cet événement en fin d'année ?	des messages longs (3 à 5 phrases) avec du contexte personnel ; le vrai sujet n'apparaît qu'au milieu ou à la fin	events	1
events	Bonjour, notre direction souhaite marquer le coup pour l'anniversaire des 20 ans de la société. Nous pensons à quelque chose de prestigieux qui réunisse nos clients VIP et nos investisseurs au Grand Palais. Je vous contacte pour savoir si vous seriez en mesure de piloter l'organisation de cette grande conférence anniversaire.	des messages longs (3 à 5 phrases) avec du contexte personnel ; le vrai sujet n'apparaît qu'au milieu ou à la fin	events	1
events	L'entreprise traverse une phase de restructuration importante et nous devons réunir l'ensemble de nos cadres régionaux. Il s'agit de poser les bases de notre nouvelle organisation pour l'année prochaine. Pourriez-vous nous accompagner sur la planification logistique de ce séminaire de direction qui se tiendra à Lyon ?	des messages longs (3 à 5 phrases) avec du contexte personnel ; le vrai sujet n'apparaît qu'au milieu ou à la fin	events	1
events	Nous avons reçu de nombreux retours positifs sur nos derniers produits, ce qui est très encourageant pour la suite. Afin de maintenir cette dynamique, nous prévoyons d'organiser un salon de démonstration dans nos propres locaux le mois prochain. Nous aurions besoin de votre expertise pour gérer l'accueil des visiteurs et l'aménagement de l'espace exposition.	des messages longs (3 à 5 phrases) avec du contexte personnel ; le vrai sujet n'apparaît qu'au milieu ou à la fin	events	1
events	La saison est toujours très chargée pour nos équipes de production et nous arrivons bientôt au bout de ce cycle. Pour décompresser et repartir sur de bonnes bases, la direction souhaite organiser un événement de cohésion en extérieur. Je vous sollicite donc pour l'organisation d'un rallye urbain et d'un cocktail de clôture pour nos 200 salariés.	des messages longs (3 à 5 phrases) avec du contexte personnel ; le vrai sujet n'apparaît qu'au milieu ou à la fin	events	1
events	Nos indicateurs de performance sont au vert et nous avons une visibilité confortable sur les mois à venir. Dans ce contexte, nous voulons mettre en avant notre savoir-faire lors de la prochaine foire aux vins de Bordeaux. J'aimerais que vous vous occupiez de la réservation de l'espace et de la coordination de l'événement.	des messages longs (3 à 5 phrases) avec du contexte personnel ; le vrai sujet n'apparaît qu'au milieu ou à la fin	events	1
events	Le projet 'Horizon 2030' arrive enfin à sa phase de déploiement opérationnel sur tout le territoire. Pour présenter les enjeux techniques de ce projet à nos partenaires industriels, nous envisageons une conférence thématique de deux jours. Pourriez-vous nous faire une proposition pour la gestion événementielle de ce rendez-vous ?	des messages longs (3 à 5 phrases) avec du contexte personnel ; le vrai sujet n'apparaît qu'au milieu ou à la fin	events	1
events	Après une longue période de travail intense sur le développement de notre application mobile, nous sommes prêts pour la phase de test. Nous aimerions organiser un workshop collaboratif avec nos principaux testeurs et influenceurs du secteur. Il faudrait prévoir une gestion complète de l'événement, de l'invitation à la logistique de la journée.	des messages longs (3 à 5 phrases) avec du contexte personnel ; le vrai sujet n'apparaît qu'au milieu ou à la fin	events	1
events	Salut l'équipe, faut qu'on se cale un call pour le salon de l'agro à Lyon en mars. On doit gérer le stand et la logistique	un style SMS ou messagerie instantanée : familier, abréviations, fautes d'orthographe, peu de ponctuation	events	1
events	Coucou, tu peux regarder pour un devis traiteur pour notre séminaire de direction le 15 juin ? On sera 25 personnes max	un style SMS ou messagerie instantanée : familier, abréviations, fautes d'orthographe, peu de ponctuation	events	1
events	Hello, on lance l'organisation du lancement de la gamme X. Faut trouver un lieu sympa à Paris, genre rooftop ou loft, pour 100 invités	un style SMS ou messagerie instantanée : familier, abréviations, fautes d'orthographe, peu de ponctuation	events	1
events	Slt, on a besoin d'un coup de main pour le setup du stand sur le salon tech de la semaine pro. Faut gérer les kakemonos et les badges	un style SMS ou messagerie instantanée : familier, abréviations, fautes d'orthographe, peu de ponctuation	events	1
events	Dis moi, t'as une idée de lieu pour un workshop de 2 jours en Bretagne ? On veut un truc calme avec salle de réunion équipée	un style SMS ou messagerie instantanée : familier, abréviations, fautes d'orthographe, peu de ponctuation	events	1
events	Besoin d'aide pour le planning du convoi et des arrivées des speakers pour la conf de novembre. C'est la galère sur le fichier Excel	un style SMS ou messagerie instantanée : familier, abréviations, fautes d'orthographe, peu de ponctuation	events	1
events	Hey, on veut organiser un cocktail de networking fin d'année. T'as des contacts pour un lieu atypique vers Bordeaux ?	un style SMS ou messagerie instantanée : familier, abréviations, fautes d'orthographe, peu de ponctuation	events	1
events	Slt, on doit réserver les hôtels et les navettes pour les intervenants du séminaire de juin. Tu peux t'en occuper ?	un style SMS ou messagerie instantanée : familier, abréviations, fautes d'orthographe, peu de ponctuation	events	1
events	On doit prévoir la signalétique et les goodies pour le forum de l'emploi de lundi. Faut que tout soit prêt pour 8h	un style SMS ou messagerie instantanée : familier, abréviations, fautes d'orthographe, peu de ponctuation	events	1
events	Hello ! On commence à chercher une agence pour piloter le stand de la foire internationale. Budget serré mais faut que ça claque	un style SMS ou messagerie instantanée : familier, abréviations, fautes d'orthographe, peu de ponctuation	events	1
events	Madame, Monsieur, notre direction souhaite organiser un séminaire annuel de trois jours pour l'ensemble de la direction régionale à Lyon en octobre prochain. Nous aurions besoin d'un devis incluant la réservation de salles de réunion, la gestion de l'hébergement pour 45 collaborateurs ainsi qu'une prestation de restauration complète. Dans l'attente de votre retour, je vous prie d'agréer mes sincères salutations.	des e-mails formels avec formule d'appel et formule de politesse	events	1
events	Monsieur le Directeur, nous prévoyons le lancement de notre nouvelle gamme de cosmétiques bio lors d'une soirée de présentation le 15 juin à Paris. Pourriez-vous nous accompagner sur la logistique événementielle, notamment le choix du lieu, le traiteur et la gestion des prestataires techniques ? Bien cordialement.	des e-mails formels avec formule d'appel et formule de politesse	events	1
events	Bonjour, dans le cadre de notre expansion européenne, nous organisons une conférence internationale sur l'innovation numérique au Palais des Congrès. Nous sollicitons votre expertise pour la gestion de l'accueil des délégations étrangères et la coordination technique de la journée. Je reste à votre disposition pour un échange téléphonique. Cordialement.	des e-mails formels avec formule d'appel et formule de politesse	events	1
events	Madame, l'entreprise TechSolutions prévoit d'animer un salon professionnel dédié à la cybersécurité durant le mois de novembre. Nous recherchons une agence pour la conception du stand, la décoration de l'espace et la gestion des flux de visiteurs. Je vous remercie par avance pour votre proposition commerciale. Sincères salutations.	des e-mails formels avec formule d'appel et formule de politesse	events	1
events	Monsieur, nous souhaitons organiser un workshop de deux jours pour nos partenaires stratégiques dans le domaine de l'énergie renouvelable. L'événement devra comprendre des ateliers pratiques et une session de networking en fin de journée. Pourriez-vous nous soumettre un projet d'organisation ? Je vous prie d'agréer, Monsieur, l'expression de mes salutations distinguées.	des e-mails formels avec formule d'appel et formule de politesse	events	1
events	Bonjour à toute l'équipe, nous avons pour projet d'organiser un team building en extérieur pour nos 120 salariés de l'agence de Bordeaux. Nous recherchons des activités originales et une logistique de transport et de repas adaptée. Merci de nous faire part de vos disponibilités et de vos idées. Bien à vous.	des e-mails formels avec formule d'appel et formule de politesse	events	1
events	Madame, notre fondation organise un gala de charité annuel pour récolter des fonds pour la recherche médicale. L'événement aura lieu au Château de Versailles et nécessite une coordination précise des prestataires de décoration, de son et lumière, ainsi que de la gestion des invitations. Dans l'attente de votre devis, je vous prie d'agréer mes salutations respectueuses.	des e-mails formels avec formule d'appel et formule de politesse	events	1
events	Monsieur, nous travaillons actuellement sur l'organisation d'une journée de portes ouvertes pour notre nouvelle usine de fabrication de batteries à Nantes. Nous avons besoin d'un accompagnement pour la gestion de l'accueil du public, le parcours de visite et la mise en place d'espaces de démonstration. Cordialement.	des e-mails formels avec formule d'appel et formule de politesse	events	1
events	Madame la Responsable, nous souhaitons planifier un forum des métiers pour les étudiants de notre école d'ingénieurs à Lille. La logistique inclut l'aménagement de stands pour 30 entreprises et la gestion des inscriptions. Pourriez-vous nous proposer un accompagnement logistique complet ? Je vous prie de recevoir mes salutations distinguées.	des e-mails formels avec formule d'appel et formule de politesse	events	1
events	Bonjour, l'entreprise BioAgri projette d'organiser un salon de l'agriculture durable en plein air durant la saison estivale. Nous recherchons une agence capable de gérer l'aménagement du site, la gestion des infrastructures temporaires et la sécurité du public. Merci de nous recontacter pour discuter de la faisabilité. Bien cordialement.	des e-mails formels avec formule d'appel et formule de politesse	events	1
events	Bonjour, nous prévoyons de réunir l'ensemble de nos partenaires stratégiques au Palais des Congrès de Lyon en octobre prochain. Pourriez-vous nous soumettre une proposition pour la gestion de la logistique, de la scénographie et de l'accueil des invités ?	des formulations indirectes : le sujet se devine sans reprendre les mots-clés de la description de la catégorie	events	1
events	Notre fondation souhaite mettre en place une rencontre annuelle autour de l'innovation durable. Nous avons besoin d'un accompagnement pour la réservation de l'espace, le traiteur et la coordination technique du matériel audiovisuel.	des formulations indirectes : le sujet se devine sans reprendre les mots-clés de la description de la catégorie	events	1
events	Dans le cadre du lancement de notre nouvelle gamme 'Horizon', nous aimerions transformer le hall de notre siège en un véritable espace d'exposition interactif pendant trois jours avec des démonstrations en direct.	des formulations indirectes : le sujet se devine sans reprendre les mots-clés de la description de la catégorie	events	1
events	Nous cherchons un prestataire capable de piloter la mise en place d'une journée de cohésion pour nos 150 collaborateurs, incluant la recherche d'un lieu atypique en bord de mer et l'animation de plusieurs ateliers.	des formulations indirectes : le sujet se devine sans reprendre les mots-clés de la description de la catégorie	events	1
events	Est-il possible de nous aider pour la conception de notre prochain rendez-vous professionnel à la Défense ? L'idée est de créer un parcours fluide entre les stands de présentation et les zones de networking.	des formulations indirectes : le sujet se devine sans reprendre les mots-clés de la description de la catégorie	events	1
events	L'équipe marketing souhaite organiser une session de travail intensive de deux jours en dehors de Paris. Nous avons besoin d'une structure clé en main incluant l'hébergement et la gestion des pauses café.	des formulations indirectes : le sujet se devine sans reprendre les mots-clés de la description de la catégorie	events	1
events	Pour célébrer notre 20ème anniversaire, nous projetons une soirée de gala prestigieuse. Nous comptons sur votre expertise pour la gestion des flux de convives et l'aménagement de la partie réception.	des formulations indirectes : le sujet se devine sans reprendre les mots-clés de la description de la catégorie	events	1
events	Nous avons pour projet de mobiliser les acteurs de la tech autour d'un sommet de trois jours. Le défi sera de coordonner les prestataires de services, la signalétique et les sessions de panels thématiques.	des formulations indirectes : le sujet se devine sans reprendre les mots-clés de la description de la catégorie	events	1
events	Pourriez-vous nous faire un devis concernant la mise en place d'un espace de stands modulables dans le cadre de notre présence sur le marché de la décoration d'intérieur ?	des formulations indirectes : le sujet se devine sans reprendre les mots-clés de la description de la catégorie	events	1
events	Nous souhaitons structurer un rendez-vous périodique avec nos concessionnaires régionaux, incluant une partie technique et un moment de convivialité, avec une gestion complète des inscriptions et de l'accueil sur place.	des formulations indirectes : le sujet se devine sans reprendre les mots-clés de la description de la catégorie	events	1
public_speaking	Notre PDG doit s'exprimer lors de la prochaine assemblée générale et il a besoin de travailler sa posture.	des messages courts et directs (une phrase), niveau de langue courant	public_speaking	1
public_speaking	Pourriez-vous organiser une séance de media training pour notre nouveau directeur commercial avant sa rencontre avec BFM TV ?	des messages courts et directs (une phrase), niveau de langue courant	public_speaking	1
public_speaking	Je cherche un coach pour aider notre porte-parole à mieux gérer son stress lors des interventions en direct.	des messages courts et directs (une phrase), niveau de langue courant	public_speaking	1
public_speaking	Nous aurions besoin d'un atelier sur l'art de la rhétorique pour nos cadres dirigeants le mois prochain.	des messages courts et directs (une phrase), niveau de langue courant	public_speaking	1
public_speaking	Est-il possible de prévoir une répétition de son discours de vœux pour affiner sa diction ?	des messages courts et directs (une phrase), niveau de langue courant	public_speaking	1
public_speaking	Notre responsable innovation doit présenter ses résultats lors d'une webinaire et nous voulons perfectionner son aisance orale.	des messages courts et directs (une phrase), niveau de langue courant	public_speaking	1
public_speaking	Nous souhaitons une formation sur la maîtrise du langage non-verbal pour nos interlocuteurs clés.	des messages courts et directs (une phrase), niveau de langue courant	public_speaking	1
public_speaking	Le directeur de la stratégie doit préparer une intervention orale percutante pour la clôture du trimestre.	des messages courts et directs (une phrase), niveau de langue courant	public_speaking	1
public_speaking	Pouvez-vous nous accompagner sur la structure narrative du discours de présentation du projet Helios ?	des messages courts et directs (une phrase), niveau de langue courant	public_speaking	1
public_speaking	Nous avons besoin d'un expert pour coacher notre équipe sur la gestion des questions difficiles face caméra.	des messages courts et directs (une phrase), niveau de langue courant	public_speaking	1
public_speaking	Bonjour, je reviens vers vous suite à notre échange téléphonique de mardi dernier concernant le nouveau projet de la direction. Nous devons préparer l'intervention de notre CEO lors de la prochaine assemblée annuelle de l'industrie. J'aimerais savoir si vous proposez un accompagnement spécifique pour travailler sa posture et sa gestion du stress en public.	des messages longs (3 à 5 phrases) avec du contexte personnel ; le vrai sujet n'apparaît qu'au milieu ou à la fin	public_speaking	1
public_speaking	Je travaille actuellement sur le lancement de notre gamme de cosmétiques bio 'Éclat Naturel' et je me sens un peu dépassé par les échéances. Mon manager me demande d'animer une présentation devant le comité exécutif le mois prochain. Serait-il possible de prévoir quelques séances de media training pour m'aider à maîtriser mes arguments face aux décideurs ?	des messages longs (3 à 5 phrases) avec du contexte personnel ; le vrai sujet n'apparaît qu'au milieu ou à la fin	public_speaking	1
public_speaking	Le calendrier de la rentrée s'annonce très chargé pour notre département marketing avec de nombreuses échéances. Monsieur Morel doit s'exprimer prochainement devant un auditoire d'investisseurs internationaux pour présenter nos résultats. Nous aurions besoin d'un expert pour travailler son éloquence et sa capacité à captiver l'audience.	des messages longs (3 à 5 phrases) avec du contexte personnel ; le vrai sujet n'apparaît qu'au milieu ou à la fin	public_speaking	1
public_speaking	Depuis que j'ai pris mes fonctions de directrice de la communication, je cherche à perfectionner mes interventions orales. Je sens que mes présentations manquent parfois d'impact et de conviction lors des réunions de direction. Proposez-vous des modules de coaching axés uniquement sur la prise de parole et la maîtrise de la voix ?	des messages longs (3 à 5 phrases) avec du contexte personnel ; le vrai sujet n'apparaît qu'au milieu ou à la fin	public_speaking	1
public_speaking	Nous avons une opportunité unique de présenter notre nouvelle technologie de robotique lors d'un grand forum international. Le directeur technique est très brillant techniquement, mais il est extrêmement nerveux dès qu'il doit s'exprimer devant une foule. Nous cherchons une solution pour l'aider à gagner en assurance et en charisme scénique.	des messages longs (3 à 5 phrases) avec du contexte personnel ; le vrai sujet n'apparaît qu'au milieu ou à la fin	public_speaking	1
public_speaking	Après plusieurs années dans l'industrie, je souhaite donner une nouvelle dimension à ma carrière de cadre dirigeant. Je ressens le besoin de travailler mon charisme et ma capacité à structurer un discours percutant. Est-ce que votre agence propose des prestations de coaching en art oratoire ?	des messages longs (3 à 5 phrases) avec du contexte personnel ; le vrai sujet n'apparaît qu'au milieu ou à la fin	public_speaking	1
public_speaking	L'entreprise prévoit une restructuration majeure de ses services au cours du prochain trimestre. Notre porte-parole doit présenter les nouveaux enjeux stratégiques de manière très fluide et convaincante. Nous souhaiterions organiser une session de préparation à la parole pour l'aider à fluidifier ses interventions orales.	des messages longs (3 à 5 phrases) avec du contexte personnel ; le vrai sujet n'apparaît qu'au milieu ou à la fin	public_speaking	1
public_speaking	Je prépare actuellement un dossier très important pour le déploiement de notre nouvelle application mobile 'ConnectPlus'. Le grand patron doit faire une démonstration en direct devant les partenaires majeurs de l'écosystème numérique. Nous aurions besoin de conseils sur la gestuelle et la gestion de l'espace lors d'un discours.	des messages longs (3 à 5 phrases) avec du contexte personnel ; le vrai sujet n'apparaît qu'au milieu ou à la fin	public_speaking	1
public_speaking	Les retours de nos clients sur notre nouvelle interface sont excellents, mais nous devons maintenant convaincre les régulateurs. Le responsable de la conformité doit s'exprimer oralement lors d'une audition très formelle. Un accompagnement sur la maîtrise du langage non-verbal serait un vrai plus pour lui.	des messages longs (3 à 5 phrases) avec du contexte personnel ; le vrai sujet n'apparaît qu'au milieu ou à la fin	public_speaking	1
public_speaking	Je suis en pleine réflexion sur ma montée en compétences pour l'année prochaine au sein du groupe. Je remarque que je perds souvent mes moyens lors des prises de parole improvisées en réunion de service. Est-ce que vous pourriez m'aider à travailler ma répartie et ma structure de discours ?	des messages longs (3 à 5 phrases) avec du contexte personnel ; le vrai sujet n'apparaît qu'au milieu ou à la fin	public_speaking	1
public_speaking	dis salut on a besoin d un coach pour le PDG il est super stressé par sa prez de demain matin... possible de faire un point media training sur les questions pièges ?	un style SMS ou messagerie instantanée : familier, abréviations, fautes d'orthographe, peu de ponctuation	public_speaking	1
public_speaking	hello l agence, tu penses q on peut caser une session de prise de parole pour l équipe marketing ? ils galèrent trop pour etre convaincants en public	un style SMS ou messagerie instantanée : familier, abréviations, fautes d'orthographe, peu de ponctuation	public_speaking	1
public_speaking	slt j'ai le dossier de l intervention de Julie vendredi... faut vraiment qu on bosse sa posture et le ton de sa voix avant qu elle monte sur scène	un style SMS ou messagerie instantanée : familier, abréviations, fautes d'orthographe, peu de ponctuation	public_speaking	1
public_speaking	hey on cherche un expert en art oratoire pour accompagner le nouveau directeur. il doit faire un discours hyper impactant pour le lancement de l app X-Tech	un style SMS ou messagerie instantanée : familier, abréviations, fautes d'orthographe, peu de ponctuation	public_speaking	1
public_speaking	dis moi t as des dispos pour une séance de coaching voix ? le boss veut vraiment maîtriser son débit de parole pour la prochaine keynote	un style SMS ou messagerie instantanée : familier, abréviations, fautes d'orthographe, peu de ponctuation	public_speaking	1
public_speaking	besoin d un coup de main urgent pour préparer le pitch de Marc. il perd ses moyens dès qu y a du monde dans la salle... un petit atelier de gestion du stress et prise de parole ca serait top	un style SMS ou messagerie instantanée : familier, abréviations, fautes d'orthographe, peu de ponctuation	public_speaking	1
public_speaking	coucou on voudrait organiser un petit workshop sur l aisance orale pour les chefs de projet. q est ce que vous proposez comme programme ?	un style SMS ou messagerie instantanée : familier, abréviations, fautes d'orthographe, peu de ponctuation	public_speaking	1
public_speaking	slt on a un gros souci sur la gestuelle de la directrice pendant ses allocutions. si t as un programme media training axé sur le non-verbal on est preneurs	un style SMS ou messagerie instantanée : familier, abréviations, fautes d'orthographe, peu de ponctuation	public_speaking	1
public_speaking	hello je t appelle plus tard mais faut qu on voie pour le training de l équipe commerciale. ils ont besoin de savoir captiver l auditoire sans lire leurs notes	un style SMS ou messagerie instantanée : familier, abréviations, fautes d'orthographe, peu de ponctuation	public_speaking	1
public_speaking	re j'ai besoin de tes conseils pour structurer le discours de vœux de la présidente. faut que ca soit percutant et que sa voix transmette de l émotion	un style SMS ou messagerie instantanée : familier, abréviations, fautes d'orthographe, peu de ponctuation	public_speaking	1
public_speaking	Madame, Monsieur, notre Directeur Général doit s'exprimer lors de la prochaine assemblée annuelle de notre secteur. Nous souhaiterions solliciter votre expertise pour une séance de media training afin de perfectionner sa posture et son aisance face caméra. Dans l'attente de votre retour, je vous prie d'agréer mes salutations distinguées.	des e-mails formels avec formule d'appel et formule de politesse	public_speaking	1
public_speaking	Monsieur, dans le cadre du lancement de notre nouvelle gamme 'Éco-Zen', notre porte-parole doit intervenir lors de plusieurs plateaux télévisés. Pourriez-vous nous proposer un accompagnement sur la structure du discours et la gestion du stress ? Bien cordialement.	des e-mails formels avec formule d'appel et formule de politesse	public_speaking	1
public_speaking	Madame, j'aimerais organiser une session de coaching pour nos cadres dirigeants concernant la prise de parole en public. L'objectif est de travailler l'éloquence et la maîtrise du langage non-verbal lors de leurs interventions en public. Je vous remercie par avance de votre proposition. Sincères salutations.	des e-mails formels avec formule d'appel et formule de politesse	public_speaking	1
public_speaking	Monsieur le Consultant, notre CEO doit effectuer une série de présentations devant des investisseurs internationaux le mois prochain. Nous avons besoin d'un entraînement spécifique sur la gestion des questions difficiles et la projection de la voix. Restant à votre disposition, je vous prie d'agré cas de recevoir mes respectueuses salutations.	des e-mails formels avec formule d'appel et formule de politesse	public_speaking	1
public_speaking	Madame, nous sollicitons votre agence pour préparer l'intervention de notre responsable RSE lors d'un débat public. Nous souhaiterions un travail approfondi sur l'art oratoire et la conviction du message. Cordialement.	des e-mails formels avec formule d'appel et formule de politesse	public_speaking	1
public_speaking	Monsieur, notre équipe de direction souhaite bénéficier d'un programme de formation à l'aisance oratoire. Il s'agit de renforcer leur capacité à captiver un auditoire lors de présentations stratégiques. Pourriez-vous nous transmettre vos disponibilités ? Je vous prie d'agréer l'expression de mes sentiments distingués.	des e-mails formels avec formule d'appel et formule de politesse	public_speaking	1
public_speaking	Madame, dans la perspective de la prochaine convention sectorielle, nous aimerions mettre en place un atelier de media training pour nos porte-paroles. L'accent doit être mis sur la clarté du message et la gestion du micro. Dans l'attente de vous lire, je vous adresse mes sincères salutations.	des e-mails formels avec formule d'appel et formule de politesse	public_speaking	1
public_speaking	Monsieur, notre nouveau produit 'Alpha-Tech' nécessite une communication orale percutante. Nous avons besoin d'un accompagnement sur la gestuelle et la modulation de la voix pour nos présentateurs. Bien à vous.	des e-mails formels avec formule d'appel et formule de politesse	public_speaking	1
public_speaking	Madame, j'écris pour solliciter un accompagnement en prise de parole pour notre directrice de la communication. Elle doit intervenir lors de divers panels et souhaite travailler sa présence scénique et son impact. Je vous remercie de votre retour. Cordialement.	des e-mails formels avec formule d'appel et formule de politesse	public_speaking	1
public_speaking	Monsieur, nous souhaitons engager un expert pour préparer nos dirigeants à des interventions orales de haut niveau. Le focus doit porter sur la structure narrative du discours et la maîtrise du souffle. Je vous prie de recevoir, Madame, Monsieur, l'assurance de ma considération.	des e-mails formels avec formule d'appel et formule de politesse	public_speaking	1
public_speaking	Bonjour, notre PDG doit intervenir lors de la prochaine assemblée générale et il est assez nerveux face à l'auditoire. Pourriez-vous l'aider à travailler sa posture et sa gestion du stress ?	des formulations indirectes : le sujet se devine sans reprendre les mots-clés de la description de la catégorie	public_speaking	1
content	Pourriez-vous nous proposer un nouveau projet de rédaction pour notre brochure commerciale de printemps ?	des messages courts et directs (une phrase), niveau de langue courant	content	1
content	Nous avons besoin d'un rédacteur pour transformer nos données techniques en un rapport annuel lisible.	des messages courts et directs (une phrase), niveau de langue courant	content	1
content	Il faudrait rédiger une série d'articles de blog sur nos nouveaux services de consulting pour le site web.	des messages courts et directs (une phrase), niveau de langue courant	content	1
content	Pouvez-vous reprendre la mise en page et le texte de notre plaquette institutionnelle de 12 pages ?	des messages courts et directs (une phrase), niveau de langue courant	content	1
content	Nous cherchons un prestataire pour la rédaction du livre blanc sur la transition énergétique.	des messages courts et directs (une phrase), niveau de langue courant	content	1
content	Est-il possible de commander la rédaction de trois fiches produits détaillées pour la gamme BioTech ?	des messages courts et directs (une phrase), niveau de langue courant	content	1
content	Votre agence peut-elle s'occuper de la rédaction du rapport d'activité 2023 de notre fondation ?	des messages courts et directs (une phrase), niveau de langue courant	content	1
content	Nous aimerions une refonte complète du contenu textuel de notre catalogue de produits de luxe.	des messages courts et directs (une phrase), niveau de langue courant	content	1
content	Il nous faut des articles de fond pour notre magazine interne trimestriel, axés sur nos innovations.	des messages courts et directs (une phrase), niveau de langue courant	content	1
content	Je souhaite vous confier la rédaction d'une brochure de présentation pour notre nouveau complexe hôtelier à Lyon.	des messages courts et directs (une phrase), niveau de langue courant	content	1
content	Bonjour à toute l'équipe, nous venons de terminer notre phase de conception pour la nouvelle gamme d'accessoires éco-responsables. Le catalogue produit est presque prêt, mais il nous manque une touche professionnelle pour le présenter. Pourriez-vous nous accompagner sur la rédaction de la brochure commerciale qui accompagnera le lancement en boutique ?	des messages longs (3 à 5 phrases) avec du contexte personnel ; le vrai sujet n'apparaît qu'au milieu ou à la fin	content	1
content	Après plusieurs mois de travail intense sur les indicateurs de performance, nous avons enfin les chiffres définitifs de l'exercice écoulé. Nous devons maintenant synthétiser toutes ces données financières et extraire les points forts de notre croissance. Je souhaiterais vous confier la mission de rédiger le rapport annuel de la direction pour nos actionnaires.	des messages longs (3 à 5 phrases) avec du contexte personnel ; le vrai sujet n'apparaît qu'au milieu ou à la fin	content	1
content	Le projet de restructuration de notre pôle innovation avance bien et nous avons beaucoup de nouveaux éléments à partager. Il est important que nos partenaires comprennent bien notre nouvelle vision stratégique pour l'horizon 2030. Nous aurions besoin de votre expertise pour concevoir une série d'articles de fond pour notre magazine institutionnel.	des messages longs (3 à 5 phrases) avec du contexte personnel ; le vrai sujet n'apparaît qu'au milieu ou à la fin	content	1
content	Nous avons reçu les premiers retours de nos clients sur notre nouvelle interface logicielle et les retours sont très positifs. Pour capitaliser sur ce succès, nous voulons créer un livre blanc très détaillé sur l'impact du digital dans notre secteur. Est-il possible de prévoir une prestation de rédaction de contenu technique pour ce support ?	des messages longs (3 à 5 phrases) avec du contexte personnel ; le vrai sujet n'apparaît qu'au milieu ou à la fin	content	1
content	La direction souhaite donner plus de visibilité à nos engagements RSE auprès de nos clients institutionnels. Nous avons déjà une liste de toutes nos actions environnementales réalisées l'année dernière à Lyon. Nous cherchons quelqu'un pour transformer ces notes brutes en un rapport de développement durable fluide et percutant.	des messages longs (3 à 5 phrases) avec du contexte personnel ; le vrai sujet n'apparaît qu'au milieu ou à la fin	content	1
content	Le département marketing a finalisé les visuels pour notre nouveau dépliant de présentation de services. Les graphismes sont prêts, mais le texte actuel est beaucoup trop succinct et manque de relief. Nous aimerions que vous repreniez l'intégralité de la rédaction de cette brochure pour la rendre plus attractive.	des messages longs (3 à 5 phrases) avec du contexte personnel ; le vrai sujet n'apparaît qu'au milieu ou à la fin	content	1
content	Nous préparons actuellement la refonte de notre site web institutionnel pour le trimestre prochain. Le nouveau design est validé, mais la structure de nos pages 'À propos' et 'Nos expertises' doit être totalement retravaillée. Nous avons besoin d'un accompagnement pour la rédaction de contenus web optimisés et engageants.	des messages longs (3 à 5 phrases) avec du contexte personnel ; le vrai sujet n'apparaît qu'au milieu ou à la fin	content	1
content	Les résultats de notre dernière étude de marché sont tombés ce matin et ils sont assez impressionnants. Nous voulons transformer ces statistiques en un document de référence que nous pourrons diffuser largement. Pourriez-vous nous aider à rédiger un article de fond basé sur ces données chiffrées ?	des messages longs (3 à 5 phrases) avec du contexte personnel ; le vrai sujet n'apparaît qu'au milieu ou à la fin	content	1
content	Le projet 'Horizon 2025' entre dans sa phase de documentation majeure. Nous avons accumulé énormément de notes techniques et de comptes-rendus de réunions de chantier depuis janvier. Je cherche un rédacteur capable de structurer tout cela dans un rapport d'activité complet et lisible.	des messages longs (3 à 5 phrases) avec du contexte personnel ; le vrai sujet n'apparaît qu'au milieu ou à la fin	content	1
content	Notre entreprise s'apprête à lancer une nouvelle application mobile dédiée à la gestion de patrimoine. Nous avons déjà le storyboard de l'application, mais nous devons encore définir le ton de notre communication écrite. Nous aurions besoin de rédiger des articles de blog explicatifs pour accompagner le déploiement de l'outil.	des messages longs (3 à 5 phrases) avec du contexte personnel ; le vrai sujet n'apparaît qu'au milieu ou à la fin	content	1
content	salut l'equipe j'ai besoin de vos bras pour le rapport annuel 2023... on est trop short sur la partie bilan financier on peut faire un truc propre d'ici vendredi ?	un style SMS ou messagerie instantanée : familier, abréviations, fautes d'orthographe, peu de ponctuation	content	1
content	hello, possible de me sortir une version longue pour la brochure de la gamme BioZen ? faut rajouter les nouveaux composants et le packaging vert. merci	un style SMS ou messagerie instantanée : familier, abréviations, fautes d'orthographe, peu de ponctuation	content	1
content	soit dit en passant la newsletter de juin est pas mal mais faut vraiment ameliorer la partie article de fond sur l'ecologie, c'est trop court là	un style SMS ou messagerie instantanée : familier, abréviations, fautes d'orthographe, peu de ponctuation	content	1
content	dis moi t'es dispo pour redact le blog post sur le nouveau projet NeoCity ? faut que ca parle de l'impact urbanistique et des chiffres clés du site	un style SMS ou messagerie instantanée : familier, abréviations, fautes d'orthographe, peu de ponctuation	content	1
content	y a un souci sur le livret d'accueil des nouveaux clients... le paragraphe sur l'assurance manque de punch, on peut le refaire ?	un style SMS ou messagerie instantanée : familier, abréviations, fautes d'orthographe, peu de ponctuation	content	1
content	svp il me faut le draft de la plaquette commerciale pour le salon de Lyon (enfin pas pour le salon mais pour l'envoi direct) avec les nouveaux tarifs	un style SMS ou messagerie instantanée : familier, abréviations, fautes d'orthographe, peu de ponctuation	content	1
content	j'ai reçu le rapport de l'audit mais c'est trop indigeste... vous pouvez nous transformer ca en une petite brochure de 4 pages hyper visuelle ?	un style SMS ou messagerie instantanée : familier, abréviations, fautes d'orthographe, peu de ponctuation	content	1
content	urgent : faut repenser le contenu du catalogue été. les textes sur les sacs en osier sont pas assez vendeur, faut plus d'emotions	un style SMS ou messagerie instantanée : familier, abréviations, fautes d'orthographe, peu de ponctuation	content	1
content	on va devoir rallonger le chapitre sur la RSE dans le rapport de gestion... j'ai des nouveaux chiffres sur le recyclage a integrer	un style SMS ou messagerie instantanée : familier, abréviations, fautes d'orthographe, peu de ponctuation	content	1
content	hey, t'as fini la redaction de l'article pour le magazine interne ? ah mince je me suis trompe de chat... je parlais de l'article pour le blog de la marque	un style SMS ou messagerie instantanée : familier, abréviations, fautes d'orthographe, peu de ponctuation	content	1
content	Madame, Monsieur, nous souhaiterions vous confier la refonte complète de notre rapport annuel 2023. Nous avons besoin d'une structure claire, d'une mise en page moderne et de la rédaction de synthèses pour chaque direction. Pourriez-vous nous transmettre un devis détaillé ? Dans l'attente de votre retour, je vous prie d'agréer mes salutations distinguées.	des e-mails formels avec formule d'appel et formule de politesse	content	1
content	Bonjour, l'équipe marketing de TechNova a besoin de votre expertise pour la création d'une série de brochures commerciales destinées à notre nouvelle gamme de capteurs industriels. Le contenu doit être à la fois technique et pédagogique. Je reste à votre disposition pour un brief approfondi. Cordialement.	des e-mails formels avec formule d'appel et formule de politesse	content	1
content	Monsieur le Directeur, nous préparons actuellement le lancement de notre nouveau catalogue produit pour l'année prochaine. Nous aimerions déléguer la rédaction des fiches descriptives et l'optimisation des textes de présentation. Serait-il possible de convenir d'un rendez-vous ? Bien à vous.	des e-mails formels avec formule d'appel et formule de politesse	content	1
content	Madame, dans le cadre de notre stratégie de contenu digitale, nous recherchons un prestataire pour la rédaction de quatre articles de fond par mois destinés à notre blog institutionnel. Le sujet principal portera sur la transition énergétique. Je vous remercie par avance de votre proposition. Sincères salutations.	des e-mails formels avec formule d'appel et formule de politesse	content	1
content	Bonjour, notre service communication souhaite lancer la rédaction d'un livre blanc sur les enjeux de la cybersécurité en PME. Nous avons déjà la matière brute, mais nous avons besoin d'un rédacteur capable de structurer l'argumentaire et de rendre la lecture fluide. Dans l'attente de votre réponse, je vous prie d'agréer mes respectueuses salutations.	des e-mails formels avec formule d'appel et formule de politesse	content	1
content	Madame, Monsieur, nous avons besoin de votre accompagnement pour la production d'une plaquette institutionnelle de 12 pages présentant nos activités de conseil. L'objectif est de mettre en avant nos réussites récentes et notre ancrage territorial. Pourriez-vous nous envoyer vos tarifs ? Cordialement.	des e-mails formels avec formule d'appel et formule de politesse	content	1
content	Cher partenaire, nous finalisons actuellement notre dossier de présentation pour les investisseurs. Il nous manque la rédaction d'une note de synthèse percutante et d'un éditorial pour le directeur général. Pouvez-vous nous confirmer votre disponibilité pour ce mois de mai ? Bien cordialement.	des e-mails formels avec formule d'appel et formule de politesse	content	1
content	Bonjour, suite à notre échange, je vous confirme notre besoin pour la rédaction d'une newsletter trimestrielle destinée à nos clients partenaires. Le format doit être court, dynamique et axé sur l'actualité de nos innovations. Je vous laisse revenir vers moi avec un planning prévisionnel. Salutations distinguées.	des e-mails formels avec formule d'appel et formule de politesse	content	1
content	Madame, nous souhaiterions retravailler l'ensemble de nos supports de présentation (decks) pour notre département R&D. Il s'agit de transformer des rapports techniques en contenus plus accessibles pour nos partenaires stratégiques. Je vous remercie de nous faire part de vos modalités d'intervention. Bien à vous.	des e-mails formels avec formule d'appel et formule de politesse	content	1
content	Monsieur, dans le cadre de notre restructuration, nous devons produire un document de synthèse sur l'évolution de notre offre de services pour la période 2020-2024. Ce document devra être très structuré et inclure des analyses textuelles de nos indicateurs clés. Je reste à votre écoute pour discuter du périmètre. Cordialement.	des e-mails formels avec formule d'appel et formule de politesse	content	1
content	Bonjour, nous venons de finaliser notre bilan d'activité 2023 et nous aurions besoin de votre expertise pour mettre en forme les 50 pages de données brutes en un document élégant et structuré pour nos actionnaires.	des formulations indirectes : le sujet se devine sans reprendre les mots-clés de la description de la catégorie	content	1
content	L'équipe marketing lance une nouvelle gamme de soins bio le mois prochain. Pour accompagner ce lancement, il nous faut une série de plaquettes commerciales détaillant les bienfaits de chaque ingrédient, avec un ton très pédagogique.	des formulations indirectes : le sujet se devine sans reprendre les mots-clés de la description de la catégorie	content	1
content	Pourriez-vous nous proposer une trame pour notre nouveau livre blanc sur la transition énergétique ? L'idée est de compiler nos études de cas récentes dans un format digital interactif et très visuel.	des formulations indirectes : le sujet se devine sans reprendre les mots-clés de la description de la catégorie	content	1
content	Nous avons accumulé énormément de retours clients suite à la refonte de notre interface. Il faudrait transformer ces témoignages et ces analyses en un document de synthèse très qualitatif pour notre prochain comité de direction.	des formulations indirectes : le sujet se devine sans reprendre les mots-clés de la description de la catégorie	content	1
content	Le département RSE a besoin d'aide pour valoriser nos engagements environnementaux de manière plus narrative. Nous aimerions transformer notre rapport d'impact en un support beaucoup plus fluide et agréable à lire pour le grand public.	des formulations indirectes : le sujet se devine sans reprendre les mots-clés de la description de la catégorie	content	1
content	Dans le cadre du déploiement de notre nouvelle application 'Eco-Drive', nous devons concevoir un guide d'utilisation illustré qui soit à la fois technique pour les ingénieurs et très accessible pour les utilisateurs finaux.	des formulations indirectes : le sujet se devine sans reprendre les mots-clés de la description de la catégorie	content	1
content	Nous souhaitons mettre à jour notre documentation institutionnelle. Il s'agit de reprendre l'historique de la fondation de l'entreprise et de le réécrire avec un style plus moderne et dynamique pour notre site web.	des formulations indirectes : le sujet se devine sans reprendre les mots-clés de la description de la catégorie	content	1
content	Pour notre prochaine campagne de sensibilisation au tri, nous avons besoin d'un petit livret pédagogique destiné aux écoles, avec des explications simples et des schémas explicatifs sur le cycle de vie des déchets.	des formulations indirectes : le sujet se devine sans reprendre les mots-clés de la description de la catégorie	content	1
content	La direction souhaite une présentation de haute tenue présentant les indicateurs de performance du premier semestre. Le document doit être extrêmement propre, avec une mise en page sobre qui mette en avant les graphiques financiers.	des formulations indirectes : le sujet se devine sans reprendre les mots-clés de la description de la catégorie	content	1
content	Nous avons besoin d'un support de présentation pour notre nouveau catalogue de services. L'objectif est de traduire nos fiches techniques en textes de vente percutants qui mettent l'accent sur la valeur ajoutée pour nos partenaires.	des formulations indirectes : le sujet se devine sans reprendre les mots-clés de la description de la catégorie	content	1
none	Bonjour, pourriez-vous me confirmer l'adresse exacte de vos bureaux ainsi que les modalités d'accès en transports en commun ? Merci d'avance.	des questions pratiques (horaires, adresse, accès, tarifs généraux, contact)	none	1
none	Bonjour l'équipe, je souhaite connaître vos tarifs habituels pour une prestation de conseil mensuelle. Avez-vous une grille tarifaire ou est-ce uniquement sur devis ?	des questions pratiques (horaires, adresse, accès, tarifs généraux, contact)	none	1
none	Est-ce que vos bureaux sont accessibles aux personnes à mobilité réduite ? Nous avons une visite prévue la semaine prochaine.	des questions pratiques (horaires, adresse, accès, tarifs généraux, contact)	none	1
none	Bonjour, quelles sont vos heures d'ouverture habituelles en semaine ? Nous avons besoin de passer déposer un pli.	des questions pratiques (horaires, adresse, accès, tarifs généraux, contact)	none	1
none	Bonjour, j'ai essayé de vous joindre par téléphone sans succès. Quel est le meilleur numéro pour contacter directement votre responsable de compte ?	des questions pratiques (horaires, adresse, accès, tarifs généraux, contact)	none	1
none	Bonjour, pourriez-vous nous indiquer si un parking est disponible à proximité de vos locaux pour nos collaborateurs ?	des questions pratiques (horaires, adresse, accès, tarifs généraux, contact)	none	1
none	Bonjour, j'aimerais savoir si vous proposez des forfaits spécifiques pour les petites structures ou si vous travaillez uniquement avec des budgets importants.	des questions pratiques (horaires, adresse, accès, tarifs généraux, contact)	none	1
none	Bonjour, pouvez-vous me transmettre vos coordonnées postales complètes pour la mise à jour de notre base de contacts ?	des questions pratiques (horaires, adresse, accès, tarifs généraux, contact)	none	1
none	Bonjour, nous arrivons de Lyon demain. Est-il possible de vous rencontrer en fin de journée, vers 17h30, ou est-ce trop tard pour vos horaires ?	des questions pratiques (horaires, adresse, accès, tarifs généraux, contact)	none	1
none	Bonjour, j'aurais besoin de savoir si vous disposez d'une connexion WiTM invite pour nos rendez-vous de travail.	des questions pratiques (horaires, adresse, accès, tarifs généraux, contact)	none	1
none	Un immense merci à toute l'équipe pour l'accompagnement de ces derniers mois, votre expertise a vraiment fait la différence sur notre image de marque.	des remerciements, félicitations ou messages de politesse sans demande précise	none	1
none	Juste un petit mot pour vous féliciter de la qualité de vos derniers retours, c'est un plaisir de travailler avec des partenaires aussi réactifs.	des remerciements, félicitations ou messages de politesse sans demande précise	none	1
none	Nous avons bien reçu les éléments. Merci encore pour votre professionnalisme habituel.	des remerciements, félicitations ou messages de politesse sans demande précise	none	1
none	Bravo pour ce travail de veille, les informations transmises sont très pertinentes pour notre veille stratégique.	des remerciements, félicitations ou messages de politesse sans demande précise	none	1
none	Je tenais à vous exprimer toute ma gratitude pour votre soutien constant dans nos projets de développement.	des remerciements, félicitations ou messages de politesse sans demande précise	none	1
none	Merci pour votre accueil lors de notre rencontre de mardi, c'était un moment très constructif.	des remerciements, félicitations ou messages de politesse sans demande précise	none	1
none	Un grand bravo à vous pour la réussite de cette transition digitale, on sent que l'effort a payé.	des remerciements, félicitations ou messages de politesse sans demande précise	none	1
none	C'est toujours un plaisir d'échanger avec vous, merci pour votre bienveillance.	des remerciements, félicitations ou messages de politesse sans demande précise	none	1
none	Simplement pour vous dire merci pour la réactivité dont vous avez fait preuve sur ce dossier, nous apprécions beaucoup votre implication.	des remerciements, félicitations ou messages de politesse sans demande précise	none	1
none	Toutes nos félicitations pour cette belle reconnaissance de votre savoir-faire, vous le méritez amplement.	des remerciements, félicitations ou messages de politesse sans demande précise	none	1
none	Madame, Monsieur, suite à la publication de votre récente offre d'emploi pour le poste de Responsable Digital, je me permets de vous transmettre ma candidature. Fort de cinq ans d'expérience en agence, je suis convaincu que mon expertise en stratégie social media pourrait contribuer au rayonnement de votre structure. Vous trouverez mon CV et mon portfolio en pièces jointes.	des candidatures, propositions commerciales, sollicitations ou partenariats	none	1
none	Bonjour, nous sommes une startup spécialisée dans l'IA responsable et nous suivons votre travail avec beaucoup d'intérêt. Nous aimerions discuter de la possibilité d'un partenariat technologique ou d'une synergie entre nos deux entités pour un futur projet commun. Seriez-vous disponible pour un court échange téléphonique la semaine prochaine ?	des candidatures, propositions commerciales, sollicitations ou partenariats	none	1
none	Objet : Proposition de collaboration - Services de Community Management. Notre agence propose des solutions sur mesure pour dynamiser votre présence sur LinkedIn et Instagram. Nous avons analysé vos derniers posts et avons identifié plusieurs leviers d'optimisation pour booster votre engagement. Je vous joins notre catalogue de prestations.	des candidatures, propositions commerciales, sollicitations ou partenariats	none	1
none	Cher partenaire, je vous contacte pour vous proposer une collaboration sous forme de co-branding pour la rentrée prochaine. Nous pourrions envisager une opération conjointe visant à mutualiser nos audiences respectives et à offrir une valeur ajoutée à nos clients communs. Qu'en pensez-vous ?	des candidatures, propositions commerciales, sollicitations ou partenariats	none	1
none	Monsieur le Directeur, je vous adresse ma candidature pour le poste de Chargé de Communication Senior. Mon parcours m'a permis de développer une vision stratégique de l'image de marque, que je souhaite mettre au service de votre groupe.	des candidatures, propositions commerciales, sollicitations ou partenariats	none	1
none	Nous souhaiterions vous proposer nos services de consulting en stratégie de marque. Notre approche repose sur l'analyse de données et le positionnement concurrentiel pour garantir une identité forte. Nous pourrions convenir d'un rendez-vous pour vous présenter notre méthodologie et nos tarifs.	des candidatures, propositions commerciales, sollicitations ou partenariats	none	1
none	Bonjour, votre entreprise cherche actuellement à renforcer son équipe de communication. Passionné par votre secteur d'activité et doté d'une solide expérience en stratégie éditoriale, je serais ravi de vous présenter mon profil lors d'un entretien.	des candidatures, propositions commerciales, sollicitations ou partenariats	none	1
none	Dans le cadre de notre développement international, nous recherchons des partenaires locaux capables de nous accompagner sur la partie branding. Si votre agence possède une expertise en branding global, nous serions ravis d'étudier une éventuelle collaboration commerciale.	des candidatures, propositions commerciales, sollicitations ou partenariats	none	1
none	Objet : Réponse à votre appel à projets. Notre cabinet accompagne les entreprises dans leur transformation digitale. Nous avons pris connaissance de vos besoins en accompagnement stratégique et nous vous soumettons ci-joint notre proposition commerciale détaillée ainsi que nos références.	des candidatures, propositions commerciales, sollicitations ou partenariats	none	1
none	Je me permets de vous solliciter afin d'explorer les opportunités de partenariat entre nos deux marques pour l'année à venir. Nous avons des idées de campagnes croisées qui pourraient fortement intéresser nos communautés respectives.	des candidatures, propositions commerciales, sollicitations ou partenariats	none	1
none	Bonjour, nous souhaiterions savoir si vous proposez une veille concurrentielle sur les réseaux sociaux pour le secteur de la tech. Nous avons besoin d'un reporting mensuel sur les parts de voix de nos principaux acteurs.	des messages sur des sujets proches du domaine mais qui ne relèvent d'aucune catégorie listée	none	1
none	Est-ce que vous pourriez nous envoyer une proposition de devis pour la gestion de notre compte LinkedIn et Twitter ? Nous cherchons à déléguer l'animation quotidienne et la modération des commentaires.	des messages sur des sujets proches du domaine mais qui ne relèvent d'aucune catégorie listée	none	1
none	Bonjour, je me permets de vous solliciter concernant l'audit de notre identité visuelle. Nous avons un doute sur la cohérence de notre charte graphique actuelle sur nos différents supports digitaux.	des messages sur des sujets proches du domaine mais qui ne relèvent d'aucune catégorie listée	none	1
none	Serait-il possible d'organiser un point rapide demain pour discuter du budget alloué aux campagnes de social ads pour le prochain trimestre ? Nous devons valider les enveloppes avant la fin de la semaine.	des messages sur des sujets proches du domaine mais qui ne relèvent d'aucune catégorie listée	none	1
none	Nous réfléchissons à une refonte complète de notre site web internet. Pourriez-vous nous indiquer si votre agence propose également des prestations d'UX design et de stratégie de navigation ?	des messages sur des sujets proches du domaine mais qui ne relèvent d'aucune catégorie listée	none	1
none	Bonjour, j'aimerais avoir votre avis sur le positionnement de notre marque par rapport à la nouvelle réglementation RGPD. Est-ce que cela impacte notre manière de collecter les données sur nos formulaires ?	des messages sur des sujets proches du domaine mais qui ne relèvent d'aucune catégorie listée	none	1
none	Pourriez-vous nous transmettre vos références concernant la gestion de l'e-réputation et le monitoring de la marque sur les plateformes d'avis clients ? C'est un sujet qui devient prioritaire pour notre direction.	des messages sur des sujets proches du domaine mais qui ne relèvent d'aucune catégorie listée	crisis	0
none	Bonjour, nous rencontrons des difficultés avec la mise à jour de notre base de données contacts. Auriez-vous des recommandations pour un outil de CRM qui s'intègre bien avec nos outils de mailing ?	des messages sur des sujets proches du domaine mais qui ne relèvent d'aucune catégorie listée	none	1
none	Bonjour l'équipe. Nous souhaitons renforcer notre présence sur Instagram via des partenariats avec des micro-influenceurs. Pouvez-vous nous proposer une stratégie de sourcing et de gestion de ces collaborations ?	des messages sur des sujets proches du domaine mais qui ne relèvent d'aucune catégorie listée	none	1
none	Est-ce que vous gérez également le SEO technique de nos plateformes web ou vos compétences se limitent-elles uniquement à la partie éditoriale ?	des messages sur des sujets proches du domaine mais qui ne relèvent d'aucune catégorie listée	none	1
