label	text	style	verifier_label	agree
labor	Je souhaite contester la procédure de licenciement pour faute grave qui vient de m'être notifiée hier matin.	des messages courts et directs (une phrase), niveau de langue courant	labor	1
labor	Mon employeur refuse de me payer mes heures supplémentaires effectuées durant tout le mois de mars.	des messages courts et directs (une phrase), niveau de langue courant	labor	1
labor	Je voudrais faire réviser mon contrat de travail car mes nouvelles fonctions ne correspondent pas à ma fiche de poste.	des messages courts et directs (une phrase), niveau de langue courant	labor	1
labor	Suite à un accident de trajet, je cherche un avocat pour m'aider dans mon dossier de reconnaissance de maladie professionnelle.	des messages courts et directs (une phrase), niveau de langue courant	labor	1
labor	Mon manager m'impose des horaires de travail qui ne respectent pas la convention collective de notre secteur.	des messages courts et directs (une phrase), niveau de langue courant	labor	1
labor	Je pense être victime de harcèlement moral de la part de ma direction depuis plusieurs mois à l'agence de Lyon.	des messages courts et directs (une phrase), niveau de langue courant	labor	1
labor	Est-il possible de négocier une rupture conventionnelle avec mon patron avant la fin de ma période d'essai ?	des messages courts et directs (une phrase), niveau de langue courant	labor	1
labor	Mon entreprise a réduit mon salaire de 15 % sans mon accord écrit préalable.	des messages courts et directs (une phrase), niveau de langue courant	labor	1
labor	Je rencontre un litige concernant le non-paiement de mes primes d'objectifs annuelles prévues au contrat.	des messages courts et directs (une phrase), niveau de langue courant	labor	1
labor	Je souhaite savoir si je peux demander une indemnité pour le non-respect de la clause de non-concurrence de mon précédent emploi.	des messages courts et directs (une phrase), niveau de langue courant	labor	1
labor	Je travaille dans le secteur de la logistique à Lyon depuis maintenant sept ans et j'ai toujours eu de bons rapports avec ma direction. Cependant, depuis quelques mois, mon manager me met une pression insupportable et semble chercher la petite bête sur mes horaires. Je crains que toute cette situation ne débouche sur un licenciement abusif pour faute inexistante.	des messages longs (3 à 5 phrases) avec du contexte personnel ; le vrai sujet n'apparaît qu'au milieu ou à la fin	labor	1
labor	Ma femme vient de terminer sa formation de comptable et nous cherchions un poste stable pour stabiliser notre situation financière. Nous avons signé un document l'année dernière qui stipulait une période d'essai de six mois. Pourtant, l'entreprise a rompu la période d'essai sans respecter le préavis prévu dans mon contrat de travail initial.	des messages longs (3 à 5 phrases) avec du contexte personnel ; le vrai sujet n'apparaît qu'au milieu ou à la fin	labor	1
labor	Après avoir déménagé à Bordeaux, j'ai dû réorganiser toute mon organisation familiale pour m'adapter à mon nouvel emploi de cadre. Le problème est que mon employeur refuse systématiquement de valider mes demandes de télétravail malgré les clauses de mon avenant. Je souhaite savoir si je peux contester cette décision comme une modification unilatérale de mon contrat.	des messages longs (3 à 5 phrases) avec du contexte personnel ; le vrai sujet n'apparaît qu'au milieu ou à la fin	labor	1
labor	Je m'occupe de la gestion d'un petit restaurant familial dans le centre de Nantes avec mon frère. Nous rencontrons de grosses difficultés de trésorerie à cause de la hausse du prix des matières premières. Je voudrais savoir quelles sont les procédures légales pour réduire le temps de travail de certains salariés sans risquer de poursuites aux prud'accusés.	des messages longs (3 à 5 phrases) avec du contexte personnel ; le vrai sujet n'apparaît qu'au milieu ou à la fin	labor	1
labor	Cela fait trois mois que j'ai commencé mon stage de fin d'études dans cette agence de communication à Lille. Le rythme est extrêmement intense et on me demande de réaliser des missions qui ne sont absolument pas liées à mon cursus. Je me demande si je ne suis pas en situation de travail dissimulé car mes heures supplémentaires ne sont jamais déclarées.	des messages longs (3 à 5 phrases) avec du contexte personnel ; le vrai sujet n'apparaît qu'au milieu ou à la fin	labor	1
labor	J'ai toujours été très investi dans mon poste de technicien de maintenance au sein de la société Albatros. Mais suite à la restructuration du département, mon supérieur m'a convoqué pour un entretien qui m'a laissé très perplexe. Je soupçonne fortement que cette procédure prépare un licenciement économique sans réelle justification de suppression de poste.	des messages longs (3 à 5 phrases) avec du contexte personnel ; le vrai sujet n'apparaît qu'au milieu ou à la fin	labor	1
labor	Nous avons récemment acheté une maison en périphérie de Toulouse et nous avions prévu de rester longtemps dans la région. Mon poste actuel nécessite de nombreux déplacements, ce qui devient impossible avec ma nouvelle vie de famille. Je cherche à savoir si je peux renégocier les clauses de mobilité présentes dans mon contrat de travail actuel.	des messages longs (3 à 5 phrases) avec du contexte personnel ; le vrai sujet n'apparaît qu'au milieu ou à la fin	labor	1
labor	Je travaille comme assistante de direction pour un groupe industriel depuis 2015 et j'ai toujours été exemplaire. Malheureusement, suite à un changement de direction, je subis des remarques désobligeantes et des humiliations quotidiennes devant mes collègues. Je pense que mon cas relève du harcèlement moral au travail et je souhaite entamer une procédure.	des messages longs (3 à 5 phrases) avec du contexte personnel ; le vrai sujet n'apparaît qu'au milieu ou à la fin	labor	1
labor	Mon fils vient de terminer ses études de droit et il cherche activement son premier emploi dans le secteur juridique. Il a enfin trouvé une opportunité dans un cabinet d'audit à Strasbourg, mais l'employeur semble vouloir modifier ses primes d'intéressement. J'aimerais savoir si ces changements de rémunération variable sont légaux sans un nouvel accord écrit.	des messages longs (3 à 5 phrases) avec du contexte personnel ; le vrai sujet n'apparaît qu'au milieu ou à la fin	labor	1
labor	Depuis la crise sanitaire, l'ambiance au sein de notre usine de textile en Normandie s'est considérablement dégradée. La direction a mis en place de nouvelles règles de sécurité très contraignantes sans consulter les représentants du personnel. Je souhaite savoir si ces nouvelles directives constituent une modification unilatérale du contrat de travail de l'ensemble des salariés.	des messages longs (3 à 5 phrases) avec du contexte personnel ; le vrai sujet n'apparaît qu'au milieu ou à la fin	labor	1
labor	bonjour jaimerais savoir si je peux contester mon licenciement pour faute grave?? on m'a convoqué hier sans preavis jai pas trop compris le motif c'est abusé	un style SMS ou messagerie instantanée : familier, abréviations, fautes d'orthographe, peu de ponctuation	labor	1
labor	Bonjour Maître, mon employeur veut me forcer a signer un nouveau contrat avec moins d'heures et sans les primes d'avant... je fais quoi ?	un style SMS ou messagerie instantanée : familier, abréviations, fautes d'orthographe, peu de ponctuation	labor	1
labor	salut je suis en litige avec la boîte de logistique a lyon ils me payent pas mes heures sup de decembre c'est nimporte quoi	un style SMS ou messagerie instantanée : familier, abréviations, fautes d'orthographe, peu de ponctuation	labor	1
labor	Je travaille chez TechSolutions depuis 3 ans et on me dit que mon poste va etre supprimé sans indemnites... c'est legal ca??	un style SMS ou messagerie instantanée : familier, abréviations, fautes d'orthographe, peu de ponctuation	labor	1
labor	Pardon jme trompe de num mais je cherche un avocat pour mon probleme de prudhomme mon patron me harcele de ouf depuis 2 mois	un style SMS ou messagerie instantanée : familier, abréviations, fautes d'orthographe, peu de ponctuation	labor	1
labor	Hello, j'ai recu une lettre de licenciement economique mais ils ont pas respecte la procedure de mon contrat... je suis tres degouté	un style SMS ou messagerie instantanée : familier, abréviations, fautes d'orthographe, peu de ponctuation	labor	1
labor	bonsoir je voudrais savoir si les clauses de non-concurrence dans mon contrat sont valables si elles sont pas payées ? merci	un style SMS ou messagerie instantanée : familier, abréviations, fautes d'orthographe, peu de ponctuation	labor	1
labor	mon patron m'a viré sur le champ sans aucune raison valable juste parce que j'ai pris un jour de conge... j'ai besoin d'aide vite	un style SMS ou messagerie instantanée : familier, abréviations, fautes d'orthographe, peu de ponctuation	labor	1
labor	Cest quoi les recours si mon employeur refuse de me payer mes congés payés restants ? c'est du vol	un style SMS ou messagerie instantanée : familier, abréviations, fautes d'orthographe, peu de ponctuation	labor	1
labor	Bonjour, je suis en conflit avec mon manager concernant mes missions qui sont pas celles de mon contrat de travail... ca s'arrete plus	un style SMS ou messagerie instantanée : familier, abréviations, fautes d'orthographe, peu de ponctuation	labor	1
labor	"Objet : Demande de conseil suite à une procédure de licenciement économique

Maître,

Je me permets de vous solliciter car je viens de recevoir une convocation à un entretien préalable en vue d'un licenciement pour motif économique au sein de la société LogiTech. Je souhaiterais savoir si les indemnités de rupture mentionnées dans mon contrat sont conformes à la convention collective et si je peux contester la validité de la suppression de mon poste.

Dans l'attente de votre retour, je vous prie d'agréementer mes salutations distinguées.

Jean Dupont"	des e-mails formels avec formule d'appel et formule de politesse	labor	1
labor	"Objet : Vérification de clauses de non-concurrence - Contrat de travail

Madame, Monsieur,

Je suis actuellement en phase de négociation pour un nouveau poste dans le secteur de l'aéronautique. Mon contrat de travail actuel, que je vous joins en pièce jointe, contient une clause de non-concurrence très restrictive s'étendant sur deux ans et trois régions. Pourriez-vous analyser la légalité de cette clause et m'indiquer les démarches pour en demander la levée ?

Je vous remercie par avance pour votre expertise.

Cordialement,
Clarisse Morel"	des e-mails formels avec formule d'appel et formule de politesse	labor	1
labor	"Objet : Litige concernant des heures supplémentaires non rémunérées

Maître,

Je vous contacte afin de solliciter votre aide concernant un différend avec mon employeur, l'entreprise BatiConstruct. Depuis six mois, je travaille systématiquement deux heures de plus par semaine sans que celles-ci ne figurent sur mon bulletin de paie. Malgré mes relances écrites, la direction refuse de régulariser la situation.

Je reste à votre disposition pour un rendez-vous.

Bien à vous,
Lucas Bernard"	des e-mails formels avec formule d'appel et formule de politesse	labor	1
labor	"Objet : Contestation de sanction disciplinaire

Madame, Monsieur,

Je viens de faire l'objet d'un avertissement disciplinaire pour un retard de 15 minutes lors de la réunion du 12 octobre dernier. Je considère cette sanction comme disproportionnée et injustifiée au regard de mon ancienneté et de mon dossier sans reproche. Je souhaiterais obtenir un avis juridique sur la procédure de contestation à engager.

Je vous prie d'agréer, Maître, l'expression de mes salutations distinguées.

Sophie Lefebvre"	des e-mails formels avec formule d'appel et formule de politesse	labor	1
labor	"Objet : Question relative à la période d'essai et rupture de contrat

Maître,

Je travaille en tant que développeur au sein d'une startup à Lyon depuis trois mois. Mon employeur vient de m'annoncer sa volonté de mettre fin à ma période d'essai de manière immédiate, sans motif particulier. Je souhaiterais savoir si le délai de prévenance a été respecté et si des indemnités sont dues dans ce cas précis.

Merci de votre aide.

Marc Antoine"	des e-mails formels avec formule d'appel et formule de politesse	labor	1
labor	"Objet : Analyse de contrat de travail - Cadre dirigeant

Madame, Monsieur,

Dans le cadre de mon futur recrutement au sein du groupe Global Services, je vous soumets mon projet de contrat de travail. Je souhaiterais une analyse particulière concernant les modalités de la part variable de ma rémunération ainsi que les clauses relatives au télétravail et à la disponibilité.

Je vous remercie de bien arrivée votre proposition d'honoraires.

Respectueusement,
Éric Fontaine"	des e-mails formels avec formule d'appel et formule de politesse	labor	1
labor	"Objet : Procédure de harcèlement moral au travail

Maître,

Je vous écris car je traverse une situation extrêmement difficile au sein de mon service comptable. Je subis des pressions constantes et des critiques humiliantes de la part de ma supérieure hiérarchique, ce qui dégrade gravement ma santé mentale. J'ai commencé à collecter des preuves (emails, témoignages) et j'aimerais connaître mes droits pour engager une action prud'homale.

Dans l'attente de vous lire, je vous prie d'agréer mes sincères salutations.

Camille Roussel"	des e-mails formels avec formule d'appel et formule de politesse	labor	1
labor	"Objet : Réclamation pour non-paiement de primes conventionnelles

Monsieur l'Avocat,

Je vous contacte car mon employeur ne m'a pas versé la prime d'ancienneté prévue par la convention collective de la métallurgie, malgré mes dix ans de présence dans l'entreprise. Le montant total de l'arriéré s'élève à 1 250 euros. Je souhaite entamer une procédure de mise en demeure.

Je vous remercie de l'attention portée à ma demande.

Thomas Girard"	des e-mails formels avec formule d'appel et formule de politesse	labor	1
labor	"Objet : Rupture conventionnelle et droits au chômage

Maître,

Mon employeur et moi-même sommes d'accord pour signer une rupture conventionnelle de mon contrat de travail. Toutefois, je m'interroge sur le calcul de l'indemnité spécifique de rupture et sur l'impact de cette démarche sur mes droits à l'ARE (Allocation de retour à l'emploi). Pourriez-vous m'accompagner lors de l'entretien de signature ?

Cordialement,
Julie Masson"	des e-mails formels avec formule d'appel et formule de politesse	labor	1
labor	"Objet : Litige relatif à l'exécution du contrat de travail (modification des horaires)

Madame, Monsieur,

Depuis le mois dernier, la direction de l'établissement 'Le Délice' a modifié unilatéralement mes horaires de travail, m'imposant de terminer à 21h au lieu de 18h, sans mon accord préalable. Cette modification constitue, selon moi, une modification substantielle de mon contrat de travail. Je souhaite savoir comment réagir juridiquement.

Je vous prie d'agréer, Maître, mes salutations distinguées.

Nicolas Petit"	des e-mails formels avec formule d'appel et formule de politesse	labor	1
labor	Bonjour, je souhaiterais obtenir un rendez-vous pour analyser les clauses de mon avenant concernant ma rémunération variable et mes nouvelles responsabilités suite à la restructuration du département marketing chez Logistix France.	des formulations indirectes : le sujet se devine sans reprendre les mots-clés de la description de la catégorie	labor	1
labor	Madame, Monsieur, j'ai reçu hier une notification de fin de période d'essai pour mon poste de comptable à Lyon, mais je pense que les motifs invoqués sont infondés au regard de mon ancienneté et des éléments que j'ai transmis à la direction.	des formulations indirectes : le sujet se devine sans reprendre les mots-clés de la description de la catégorie	labor	1
labor	Je vous contacte car mon supérieur hiérarchique me demande de réaliser des missions qui ne figurent absolument pas dans ma fiche de poste initiale, et cela s'accompagne d'une pression constante qui devient insupportable au quotidien.	des formulations indirectes : le sujet se devine sans reprendre les mots-clés de la description de la catégorie	labor	1
labor	Est-il possible de vérifier si le calcul des indemnités de rupture qui m'a été présenté lors de notre entretien de ce matin respecte bien la convention collective dont dépend mon établissement ?	des formulations indirectes : le sujet se devine sans reprendre les mots-clés de la description de la catégorie	labor	1
labor	Mon manager a décidé de modifier unilatéralement mes horaires de travail, m'imposant désormais de terminer à 20h au lieu de 17h, sans qu'aucun accord préalable n'ait été signé entre nous.	des formulations indirectes : le sujet se devine sans reprendre les mots-clés de la description de la catégorie	labor	1
labor	Je subis des remarques désobligeantes et humiliantes de la part de ma responsable de service devant l'ensemble de l'équipe depuis plusieurs mois, et je ne sais plus quelle démarche entreprendre pour faire cesser cela.	des formulations indirectes : le sujet se devine sans reprendre les mots-clés de la description de la catégorie	labor	1
labor	Suite à l'annonce de la suppression de mon poste au sein de l'usine de Saint-Nazaire, je voudrais savoir si les mesures d'accompagnement proposées sont conformes à ce qui est prévu par la loi lors d'une procédure de rupture.	des formulations indirectes : le sujet se devine sans reprendre les mots-clés de la description de la catégorie	labor	1
labor	Je travaille pour la société TechSolutions depuis trois ans et je constate que mes heures supplémentaires effectuées durant le mois de novembre ne figurent pas sur mon dernier bulletin de paie.	des formulations indirectes : le sujet se devine sans reprendre les mots-clés de la description de la catégorie	labor	1
labor	Depuis mon retour de congé maladie, je remarque que mon accès aux réunions stratégiques a été restreint et que mes dossiers habituels m'ont été retirés sans aucune justification explicite.	des formulations indirectes : le sujet se devine sans reprendre les mots-clés de la description de la catégorie	labor	1
labor	Mon agence de communication m'a notifié une mise à pied disciplinaire suite à un incident mineur, mais je considère que la sanction est disproportionnée par rapport aux faits reprochés.	des formulations indirectes : le sujet se devine sans reprendre les mots-clés de la description de la catégorie	labor	1
family	Je souhaite entamer une procédure de divorce par consentement mutuel avec mon époux.	des messages courts et directs (une phrase), niveau de langue courant	family	1
family	Ma conjointe demande une révision de la pension alimentaire pour nos deux enfants.	des messages courts et directs (une phrase), niveau de langue courant	family	1
family	Nous ne parvenons pas à nous mettre d'accord sur l'exercice de l'autorité parentale.	des messages courts et directs (une phrase), niveau de langue courant	family	1
family	Je cherche un avocat pour contester le montant de la prestation compensatoire fixée lors de la séparation.	des messages courts et directs (une phrase), niveau de langue courant	family	1
family	Est-il possible de demander un droit de visite et d'hébergement élargi durant les vacances scolaires ?	des messages courts et directs (une phrase), niveau de langue courant	family	1
family	Mon ex-mari ne respecte plus le calendrier de garde établi par le juge.	des messages courts et directs (une phrase), niveau de langue courant	family	1
family	Je souhaite modifier les modalités de résidence alternée pour mon fils de 5 ans.	des messages courts et directs (une phrase), niveau de langue courant	family	1
family	Quelle est la procédure pour demander une augmentation de la contribution à l'entretien et l'éducation de l'enfant ?	des messages courts et directs (une phrase), niveau de langue courant	family	1
family	Mon conjoint a quitté le domicile conjugal et je veux protéger mes droits concernant la garde des petits.	des messages courts et directs (une phrase), niveau de langue courant	family	1
family	Nous avons besoin d'un conseil pour organiser une séparation amiable sans passer devant le tribunal.	des messages courts et directs (une phrase), niveau de langue courant	family	1
family	Bonjour, je vous contacte car ma situation personnelle a beaucoup évolué ces derniers mois suite à une séparation difficile avec mon conjoint. Nous vivons encore sous le même toit à Lyon pour l'instant, mais la cohabitation devient insupportable. Je souhaiterais connaître vos honoraires pour entamer une procédure de divorce par consentement mutuel.	des messages longs (3 à 5 phrases) avec du contexte personnel ; le vrai sujet n'apparaît qu'au milieu ou à la fin	family	1
family	Madame, Monsieur, j'ai récemment fait face à des difficultés relationnelles avec le père de mon fils de 4 ans. Malgré nos tentatives de médiation, nous n'arrivons plus à nous entendre sur l'organisation des vacances et des week-annotés. Je sollicite votre aide pour mettre en place une convention de garde d'enfants qui protège les intérêts de mon garçon.	des messages longs (3 à 5 phrases) avec du contexte personnel ; le vrai sujet n'apparaît qu'au milieu ou à la fin	family	1
family	Je vous écris car mon ex-épouse a décidé de quitter le domicile familial sans laisser de traces de son nouveau lieu de résidence. Cette situation me cause une grande détresse émotionnelle et je ne sais plus comment réagir face à son silence. J'aimerais savoir comment je peux demander une révision de la pension alimentaire qu'elle me versait jusqu'ici.	des messages longs (3 à 5 phrases) avec du contexte personnel ; le vrai sujet n'apparaît qu'au milieu ou à la fin	family	1
family	Depuis quelques semaines, nous traversons une crise profonde au sein de notre couple installé à Nantes. Les discussions sont devenues impossibles et nous envisageons sérieusement de rompre nos engagements matrimoniaux. Pouvez-vous m'indiquer les étapes nécessaires pour une procédure de divorce contentieux ?	des messages longs (3 à 5 phrases) avec du contexte personnel ; le vrai sujet n'apparaît qu'au milieu ou à la fin	family	1
family	Mon conjoint et moi avons traversé une période de tensions liées à nos activités respectives, ce qui a fini par briser notre lien. Nous avons désormais décidé de mettre fin à notre union et de repartir chacun de notre côté. J'ai besoin de conseils juridiques pour organiser la garde alternée de nos deux jeunes filles.	des messages longs (3 à 5 phrases) avec du contexte personnel ; le vrai sujet n'apparaît qu'au milieu ou à la fin	family	1
family	Je me permets de vous solliciter car la situation financière de mon ex-conjoint a radicalement changé depuis notre séparation. Il dispose désormais de revenus beaucoup plus importants, ce qui rend le montant actuel de la contribution à l'entretien et à l'éducation de mon fils totalement injuste. Je souhaite engager une action pour augmenter la pension alimentaire.	des messages longs (3 à 5 phrases) avec du contexte personnel ; le vrai sujet n'apparaît qu'au milieu ou à la fin	family	1
family	Ma vie de famille est totalement bouleversée depuis que mon mari a décidé de refaire sa vie avec une autre personne. Nous ne parvenons plus à communiquer sur l'éducation de nos enfants, ce qui crée un climat de tension permanent. Je voudrais connaître vos services pour fixer juridiquement un droit de visite et d'hébergement.	des messages longs (3 à 5 phrases) avec du contexte personnel ; le vrai sujet n'apparaît qu'au milieu ou à la fin	family	1
family	Après dix ans de mariage, le constat est sans appel et nous ne pouvons plus envisager d'avenir ensemble. Nous avons déjà commencé à lister nos biens communs pour simplifier les démarches administratives. Je souhaiterais un rendez-vous pour discuter de la procédure de divorce par acte d'avocat.	des messages longs (3 à 5 phrases) avec du contexte personnel ; le vrai sujet n'apparaît qu'au milieu ou à la fin	family	1
family	Je rencontre de graves difficultés pour obtenir le versement régulier de la part financière prévue pour mes enfants. Mon ex-compagnon multiplie les retards de paiement chaque mois, ce qui met notre budget en péril. Je cherche un avocat spécialisé pour faire valoir mes droits concernant la pension alimentaire.	des messages longs (3 à 5 phrases) avec du contexte personnel ; le vrai sujet n'apparaît qu'au milieu ou à la fin	family	1
family	La séparation d'avec la mère de mes enfants s'est déroulée de manière très conflictuelle à Bordeaux. Nous n'arrivons absolument pas à nous accorder sur le rythme de vie de nos deux petits. J'aurais besoin d'un accompagnement juridique pour structurer un mode de garde partagée qui soit stable pour eux.	des messages longs (3 à 5 phrases) avec du contexte personnel ; le vrai sujet n'apparaît qu'au milieu ou à la fin	family	1
family	bonjour jaimerais savoir si on peut modifier la pension alimentaire de mon fils léo car j'ai plus de thunes depuis que j'ai perdu mes heures	un style SMS ou messagerie instantanée : familier, abréviations, fautes d'orthographe, peu de ponctuation	family	1
family	bjr je veux divorcer de mon mari on est pas d'accord sur la garde des enfants il veut qu'ils soient chez lui une semaine sur deux mais ca va pas etre possible	un style SMS ou messagerie instantanée : familier, abréviations, fautes d'orthographe, peu de ponctuation	family	1
family	estce que vous faites les procédures de divorce par consentement mutuel ? on veut faire rapide sans s'embrouiller	un style SMS ou messagerie instantanée : familier, abréviations, fautes d'orthographe, peu de ponctuation	family	1
family	hello j'ai un souci avec mon ex il veut pas me laisser voir ma fille samedi prochain il menace de pas me rendre les clés de la maison	un style SMS ou messagerie instantanée : familier, abréviations, fautes d'orthographe, peu de ponctuation	family	1
family	besoin d'aide pour calculer la contribution pour l'entretien et l'educ de mes 2 petits... le pere paye rien du tout depuis 3 mois	un style SMS ou messagerie instantanée : familier, abréviations, fautes d'orthographe, peu de ponctuation	family	1
family	bonsoir je voulais savoir si on peut demander une garde alternée si l'appart est trop petit pour les enfants	un style SMS ou messagerie instantanée : familier, abréviations, fautes d'orthographe, peu de ponctuation	family	1
family	mon ex me demande de signer des papiers pour la garde mais j'ai peur que ses nouvelles intentions changent tout je comprends rien aux regles	un style SMS ou messagerie instantanée : familier, abréviations, fautes d'orthographe, peu de ponctuation	family	1
family	pardon je me trompe mais vous faites du droit de la famille ? j'ai un gros probleme de droit de visite avec mon ex	un style SMS ou messagerie instantanée : familier, abréviations, fautes d'orthographe, peu de ponctuation	family	1
family	svp j'ai besoin de savoir si je peux demander une augmentation de la pension si mon fils commence le judo et qu'il y a des frais en plus	un style SMS ou messagerie instantanée : familier, abréviations, fautes d'orthographe, peu de ponctuation	family	1
family	mon mari veut partir et il veut garder la maison et les enfants je sais pas quoi faire j'ai besoin d'un rdv urgemment	un style SMS ou messagerie instantanée : familier, abréviations, fautes d'orthographe, peu de ponctuation	family	1
family	Madame, Monsieur, je vous contacte car mon époux et moi-même souhaitons entamer une procédure de divorce par consentement mutuel. Nous aimerions fixer un rendez-vous pour discuter de la répartition de notre résidence principale et de l'organisation de la garde alternée de nos deux enfants. Dans l'attente de votre retour, je vous prie d'agréger mes salutations distinguées.	des e-mails formels avec formule d'appel et formule de politesse	family	1
family	Maître, je souhaite solliciter vos conseils concernant une demande de révision de la pension alimentaire versée pour mon fils Lucas. Suite à une baisse importante de mes revenus, je ne parviens plus à assumer la charge des frais de scolarité et d'activités extra-scolaires. Je vous remercie par avance de l'attention portée à ma demande. Cordialement.	des e-mails formels avec formule d'appel et formule de politesse	family	1
family	Bonjour, je vous écris afin d'obtenir une assistance juridique pour organiser un droit de visite et d'hébergement élargi. Le père de mes enfants réside actuellement à Lyon et nous souhaitons instaurer un calendrier précis pour les vacances scolaires. Je reste à votre disposition pour convenir d'un entretien. Bien à vous.	des e-mails formels avec formule d'appel et formule de politesse	family	1
family	Madame, Monsieur, suite à une séparation de fait survenue il y a six mois, je désire connaître les démarches nécessaires pour contester l'autorité parentale exclusive de mon ex-conjoint. Je souhaite obtenir un calendrier de garde plus équitable pour nos deux filles. Je vous remercie de votre aide. Respectueusement.	des e-mails formels avec formule d'appel et formule de politesse	family	1
family	Maître, mon conjoint et moi traversons une période de séparation difficile et nous avons besoin d'un avocat pour préparer notre convention de divorce. Nous avons des points de désaccord concernant le mode de vie des enfants durant les week-ends. Je vous prie d'agréer, Maître, l'expression de mes sentiments dévoués.	des e-mails formels avec formule d'appel et formule de politesse	family	1
family	Monsieur, je souhaite vous consulter concernant une procédure de divorce pour faute. Des faits de violence psychologique sont survenus durant l'année écoulée, rendant la vie commune impossible. Je souhaiterais également discuter de la mise en place d'une pension compensatoire. Dans l'attente de vous lire, je vous prie d'agréer mes sincères salutations.	des e-mails formels avec formule d'appel et formule de politesse	family	1
family	Madame, je vous sollicite pour une aide concernant les modalités de la garde d'enfants à l'issue d'une procédure de divorce déjà actée. Je souhaite modifier les modalités de résidence pour permettre un déménagement à Bordeaux. Je vous remercie de votre retour rapide. Bien cordialement.	des e-mails formels avec formule d'appel et formule de politesse	family	1
family	Maître, je souhaiterais prendre rendez-vous pour discuter de la mise en œuvre d'une prestation compensatoire suite à la rupture de mon mariage. Je souhaite également m'assurer que mes droits concernant la garde de ma petite fille sont respectés. Je vous prie de recevoir, Maître, mes salutations distinguées.	des e-mails formels avec formule d'appel et formule de politesse	family	1
family	Bonjour, je vous contacte pour un litige concernant le non-paiement de la pension alimentaire par mon ex-épouse depuis trois mois. Je souhaite entamer des démarches pour régulariser cette situation et obtenir le versement des arriérés. Je reste en attente de vos conseils. Cordialement.	des e-mails formels avec formule d'appel et formule de politesse	family	1
family	Madame, Monsieur, dans le cadre d'une séparation imminente, je souhaiterais connaître les implications juridiques concernant le changement de résidence de mes enfants. Nous envisageons de mettre en place une garde partagée avec un rythme de 7 jours sur 7. Je vous remercie de l'intérêt porté à ma requête. Sincères salutations.	des e-mails formels avec formule d'appel et formule de politesse	family	1
family	Bonjour, mon conjoint et moi ne parvenons plus à communiquer et nous souhaiterions entamer une procédure pour mettre fin à notre union. Pourriez-vous nous indiquer les étapes à suivre ainsi que vos honoraires ?	des formulations indirectes : le sujet se devine sans reprendre les mots-clés de la description de la catégorie	family	1
family	Madame, Monsieur, je sollicite votre aide car je souhaite modifier les modalités de visite de mon fils de 6 ans. Le rythme actuel ne me permet plus de l'accueillir durant mes week-ends de travail à Lyon.	des formulations indirectes : le sujet se devine sans reprendre les mots-clés de la description de la catégorie	family	1
family	Suite à notre séparation survenue le mois dernier, je m'inquiète de ne pas recevoir la somme mensuelle nécessaire pour couvrir les frais de scolarité et de nourriture de mes deux filles. Est-il possible de saisir le juge ?	des formulations indirectes : le sujet se devine sans reprendre les mots-clés de la description de la catégorie	family	1
family	Je vous contacte car mon ex-conjoint refuse catégoriquement de me laisser accéder au domicile familial situé à Nantes, alors que j'y réside toujours officiellement. Que puis-je faire pour faire respecter mes droits ?	des formulations indirectes : le sujet se devine sans reprendre les mots-clés de la description de la catégorie	family	1
family	Nous avons trouvé un accord à l'amiable concernant notre rupture, mais nous avons besoin d'un acte officiel pour valider le partage des responsabilités concernant nos trois enfants mineurs.	des formulations indirectes : le sujet se devine sans reprendre les mots-clés de la description de la catégorie	family	1
family	Est-il possible de demander une réévaluation du versement mensuel destiné à l'entretien de ma petite dernière, étant donné que mes revenus ont considérablement baissé depuis janvier ?	des formulations indirectes : le sujet se devine sans reprendre les mots-clés de la description de la catégorie	family	1
family	Mon partenaire a quitté le domicile conjugal sans laisser d'adresse. Je souhaite savoir comment protéger mes intérêts et organiser l'avenir des enfants sans son consentement présent.	des formulations indirectes : le sujet se devine sans reprendre les mots-clés de la description de la catégorie	family	1
family	Je souhaiterais prendre rendez-vous pour discuter de la mise en place d'un droit de visite et d'hébergement élargi pour mon beau-père, afin qu'il puisse voir ses petits-enfants plus régulièrement pendant les vacances scolaires.	des formulations indirectes : le sujet se devine sans reprendre les mots-clés de la description de la catégorie	family	1
family	Dans le cadre de notre séparation, nous devons statuer sur l'attribution de la résidence principale. J'aimerais savoir si le juge peut décider de l'attribution de ce logement à l'un de nous deux de manière définitive.	des formulations indirectes : le sujet se devine sans reprendre les mots-clés de la description de la catégorie	family	1
family	Je ne parviens pas à m'entendre avec la mère de mon enfant sur le montant des frais annexes comme les activités extrascolaires et les frais de garde. Existe-t-il une médiation possible avant de lancer une action judiciaire ?	des formulations indirectes : le sujet se devine sans reprendre les mots-clés de la description de la catégorie	family	1
inheritance	Je souhaiterais organiser la transmission de mon patrimoine immobilier à mes enfants via une donation-partage.	des messages courts et directs (une phrase), niveau de langue courant	inheritance	1
inheritance	Nous avons besoin de votre aide pour rédiger un testament authentique afin de protéger mon conjoint survivant.	des messages courts et directs (une phrase), niveau de langue courant	inheritance	1
inheritance	Pouvez-vous nous indiquer les frais de notaire pour le règlement de la succession de Monsieur Martin ?	des messages courts et directs (une phrase), niveau de langue courant	inheritance	1
inheritance	Je voudrais savoir comment effectuer une donation entre époux pour protéger ma femme en cas de décès.	des messages courts et directs (une phrase), niveau de langue courant	inheritance	1
inheritance	Suite au décès de mon père, je sollicite vos conseils pour le partage des comptes bancaires et des bijoux.	des messages courts et directs (une phrase), niveau de langue courant	inheritance	1
inheritance	Est-il possible de modifier les clauses de mon legs particulier concernant la maison de famille à Bordeaux ?	des messages courts et directs (une phrase), niveau de langue courant	inheritance	1
inheritance	Je souhaite mettre en place un démembrement de propriété avec réserve d'usufruit pour mon fils.	des messages courts et directs (une phrase), niveau de langue courant	inheritance	1
inheritance	Quelles sont les démarches pour déclarer les biens hérités de ma tante résidant à Lyon ?	des messages courts et directs (une phrase), niveau de langue courant	inheritance	1
inheritance	Je désire faire un don manuel d'une somme de 15 000 euros à mon petit-fils sans payer trop de droits.	des messages courts et directs (une phrase), niveau de langue courant	inheritance	1
inheritance	Mon oncle a laissé un testament olographe et je ne sais pas comment entamer la procédure de succession.	des messages courts et directs (une phrase), niveau de langue courant	inheritance	1
inheritance	Je vous contacte suite au décès de mon oncle, Monsieur Jean-Pierre Morel, survenu le mois dernier à Lyon. Sa situation patrimoniale semble assez complexe avec plusieurs biens immobiliers en région PACA. J'aimerais savoir si votre étude peut m'accompagner pour la gestion de la succession et l'inventaire des actifs.	des messages longs (3 à 5 phrases) avec du contexte personnel ; le vrai sujet n'apparaît qu'au milieu ou à la fin	inheritance	1
inheritance	Nous venons de terminer les travaux de rénovation dans notre maison de campagne située en Bretagne. Cependant, mon conjoint et moi souhaitons désormais anticiper l'avenir de notre patrimoine familial. Nous aimerions organiser une donation entre époux pour protéger nos enfants en cas de coup dur.	des messages longs (3 à 5 phrases) avec du contexte personnel ; le vrai sujet n'apparaît qu'au milieu ou à la fin	inheritance	1
inheritance	Depuis quelques mois, ma santé décline et je commence à m'inquiéter pour l'avenir de mes proches. Je souhaite mettre de l'ordre dans mes affaires personnelles et rédiger un testament authentique. Pourriez-vous me proposer un rendez-vous pour discuter des modalités de transmission de mes biens ?	des messages longs (3 à 5 phrases) avec du contexte personnel ; le vrai sujet n'apparaît qu'au milieu ou à la fin	inheritance	1
inheritance	Le notaire de mon grand-père nous a informés qu'il avait laissé des instructions très précises concernant sa collection de voitures anciennes. Il reste maintenant à déterminer la part de chacun des héritiers selon ses dernières volontés. Nous avons besoin de votre expertise pour clarifier les droits de chacun dans cette succession.	des messages longs (3 à 5 phrases) avec du contexte personnel ; le vrai sujet n'apparaît qu'au milieu ou à la fin	inheritance	1
inheritance	Mon père a laissé une importante assurance-vie dont les bénéficiaires ne sont plus tout à fait à jour. Je souhaite effectuer des modifications pour inclure mes nouveaux enfants dans la clause bénéficiaire. Serait-il possible de procéder à cette mise à jour de son contrat de donation ?	des messages longs (3 à 5 phrases) avec du contexte personnel ; le vrai sujet n'apparaît qu'au milieu ou à la fin	inheritance	1
inheritance	Nous possédons une petite exploitation agricole en Normandie que nous exploitons depuis trois générations. Avec l'arrivée de la retraite, nous réfléchissons sérieusement à une transmission familiale de l'exploitation. Nous aimerions étudier les options de donation de parts sociales pour nos aînés.	des messages longs (3 à 5 phrases) avec du contexte personnel ; le vrai sujet n'apparaît qu'au milieu ou à la fin	inheritance	1
inheritance	Je suis actuellement en train de trier les documents administratifs de ma mère qui nous a quittés récemment. Je suis tombée sur un document mentionnant un legs particulier en faveur d'une association caritative. Je souhaiterais vérifier la validité de cette clause de legs dans son testament.	des messages longs (3 à 5 phrases) avec du contexte personnel ; le vrai sujet n'apparaît qu'au milieu ou à la fin	inheritance	1
inheritance	Après avoir accumulé une certaine épargne grâce à mes activités de consultant, je souhaite préparer la transmission de mon capital. Je ne veux pas que mes héritiers soient confrontés à une fiscalité trop lourde au moment de mon décès. Quelles sont les stratégies de donation de sommes d'argent les plus avantageuses actuellement ?	des messages longs (3 à 5 phrases) avec du contexte personnel ; le vrai sujet n'apparaît qu'au milieu ou à la fin	inheritance	1
inheritance	Mon frère et moi avons hérité d'un appartement situé dans le 15ème arrondissement de Paris. La gestion de ce bien devient difficile car nous n'arrivons pas à nous entendre sur sa vente. Nous aurions besoin d'un conseil juridique pour régler ce partage de succession complexe.	des messages longs (3 à 5 phrases) avec du contexte personnel ; le vrai sujet n'apparaît qu'au milieu ou à la fin	inheritance	1
inheritance	Je prévois de faire des travaux importants dans ma résidence principale l'année prochaine. En parallèle, je souhaite transmettre une partie de mon patrimoine immobilier à mon fils aîné via un démembrement de propriété. Pourriez-vous nous conseiller sur la mise en place d'une donation avec réserve d'usufruit ?	des messages longs (3 à 5 phrases) avec du contexte personnel ; le vrai sujet n'apparaît qu'au milieu ou à la fin	inheritance	1
inheritance	bonjour je voudrais savoir comment on fait pour la part de mon oncle qui est mort le mois dernier... y a un testament ou pas ?	un style SMS ou messagerie instantanée : familier, abréviations, fautes d'orthographe, peu de ponctuation	inheritance	1
inheritance	svp je veut faire une donation de mon appart a mon fils mais je sais pas trop la marche a suivre pour les taxes	un style SMS ou messagerie instantanée : familier, abréviations, fautes d'orthographe, peu de ponctuation	inheritance	1
inheritance	allô c est pour le dossier de mme duet... on a reçu les papiers pour l héritage mais on comprend rien aux parts du notaire	un style SMS ou messagerie instantanée : familier, abréviations, fautes d'orthographe, peu de ponctuation	inheritance	1
inheritance	j ai un souci avec le legs de ma tante j avais promis la maison de Nice mais je sais pas si c'est valide juridiquement	un style SMS ou messagerie instantanée : familier, abréviations, fautes d'orthographe, peu de ponctuation	inheritance	1
inheritance	est ce que vous pouvez regarder le testament de mon grand pere ? il a laissé des bijoux et des meubles on veut etre sur que ca va bien a nous	un style SMS ou messagerie instantanée : familier, abréviations, fautes d'orthographe, peu de ponctuation	inheritance	1
inheritance	besoin d aide pour organiser la succession de mon pere... y a plusieurs comptes bancaires et des actions a transmettre	un style SMS ou messagerie instantanée : familier, abréviations, fautes d'orthographe, peu de ponctuation	inheritance	1
inheritance	je veux donner un terrain a mon petit neveu mais je veut pas que ca soit trop cher en frais de mutation c possible ?	un style SMS ou messagerie instantanée : familier, abréviations, fautes d'orthographe, peu de ponctuation	inheritance	1
inheritance	mon oncle est decede et y a un gros probleme avec l héritage de la maison de campagne on est 4 et on s'entende pas sur le partage	un style SMS ou messagerie instantanée : familier, abréviations, fautes d'orthographe, peu de ponctuation	inheritance	1
inheritance	hello je voulais savoir si on peut faire une donation entre générations sans trop de frais de notaire pour mon garage	un style SMS ou messagerie instantanée : familier, abréviations, fautes d'orthographe, peu de ponctuation	inheritance	1
inheritance	vrai question... si je fais un testament maintenant est ce que mes dettes seront payees par l héritage ou par moi ?	un style SMS ou messagerie instantanée : familier, abréviations, fautes d'orthographe, peu de ponctuation	inheritance	1
inheritance	Madame, Monsieur, Je me permets de vous contacter suite au décès de mon oncle, Monsieur Jean-Pierre Morel, survenu le mois dernier. Je souhaiterais savoir si vous pourriez m'accompagner dans les démarches de règlement de sa succession et m'indiquer les pièces justificatives à vous fournir pour l'ouverture du dossier. Dans l'attente de votre retour, je vous prie d'agréer, Madame, Monsieur, l'expression de mes salutations distinguées.	des e-mails formels avec formule d'appel et formule de politesse	inheritance	1
inheritance	Maître, Je vous contacte car je souhaite organiser la transmission de mon patrimoine immobilier situé à Bordeaux. J'aimerais préparer un testament authentique afin de désigner mes légataires particuliers et m'assurer que mes volontés soient respectées. Serait-il possible de convenir d'un rendez-vous pour discuter des modalités de cette rédaction ? Je vous prie d'agréer, Maître, mes sincères salutations.	des e-mails formels avec formule d'appel et formule de politesse	inheritance	1
inheritance	Monsieur le Notaire, Nous souhaiterions solliciter vos services pour mettre en place une donation entre époux. Nous désirons inclure une clause de préciput afin de protéger mon conjoint en cas de décès ultérieur. Pourriez-vous nous proposer un devis pour l'établissement de cet acte ? Je vous prie d'agréer, Monsieur le Notaire, l'assurance de notre considération distinguée.	des e-mails formels avec formule d'appel et formule de politesse	inheritance	1
inheritance	Madame, Monsieur, Dans le cadre de la gestion du patrimoine de ma défunte mère, je souhaiterais connaître les droits de mes frères et sœurs concernant les comptes bancaires et les bijoux de famille dont elle était propriétaire. Nous avons besoin de vos conseils pour la répartition de l'héritage. Je vous prie d'agréer, Madame, Monsieur, mes salutations distinguées.	des e-mails formels avec formule d'appel et formule de politesse	inheritance	1
inheritance	Maître, Je vous adresse ce courriel car je projette de faire une donation de la nue-propriété de ma résidence principale à mes deux enfants. Je souhaiterais évaluer les droits de mutation à prévoir ainsi que les frais d'acte. Je reste à votre disposition pour toute information complémentaire. Je vous prie d'agréer, Maître, l'expression de mes sentiments respectueux.	des e-mails formels avec formule d'appel et formule de politesse	inheritance	1
inheritance	Monsieur, Je fais suite à la réception de l'avis de décès de Monsieur Robert Lefebvre. En tant qu'héritier direct, je souhaiterais savoir comment procéder pour la déclaration de succession auprès du service des impôts et si votre étude peut prendre en charge la liquidation de l'actif successoral. Je vous prie d'agréer, Monsieur, mes salutations distinguées.	des e-mails formels avec formule d'appel et formule de politesse	inheritance	1
inheritance	Madame, Monsieur, Je souhaite rédiger un testament olographe mais j'aimerais être assisté par un professionnel pour m'assurer de la validité juridique de mes clauses concernant mes donations de biens meubles. Pourriez-vous m'indiquer vos tarifs de conseil ? Je vous prie d'agréer, Madame, Monsieur, l'expression de mes salutations distinguées.	des e-mails formels avec formule d'appel et formule de politesse	inheritance	1
inheritance	Maître, Nous avons été informés du décès de notre grand-père, Monsieur Durand. Nous souhaiterions connaître l'inventaire des biens qui composent la masse successorale et comprendre les modalités du partage entre les différents héritiers mentionnés dans l'acte de notoriété. Dans l'attente de votre réponse, je vous prie d'agréement, Maître, mes salutations distinguées.	des e-mails formels avec formule d'appel et formule de politesse	inheritance	1
inheritance	Monsieur le Notaire, Dans le cadre d'une transmission anticipée, je souhaiterais étudier la possibilité d'une donation-partage portant sur mon parc de titres de placement et mes parts de SCI. Quelles sont les conséquences fiscales à long terme pour mes héritiers ? Je vous remercie par avance et vous prie d'agréer, Monsieur le Notaire, mes salutations distinguées.	des e-mails formels avec formule d'appel et formule de politesse	inheritance	1
inheritance	Madame, Monsieur, Je vous contacte car je suis co-héritier d'une maison située à Nantes et je souhaiterais entamer les procédures de partage de l'indivision suite au décès de mon père. Je sollicite votre expertise pour organiser la sortie de l'indivision. Je vous prie d'agréer, Madame, Monsieur, l'expression de mes salutations distinguées.	des e-mails formels avec formule d'appel et formule de politesse	inheritance	1
inheritance	Bonjour, je souhaiterais organiser la transmission de mon patrimoine immobilier situé à Bordeaux pour éviter toute complication à mes descendants à l'avenir.	des formulations indirectes : le sujet se devine sans reprendre les mots-clés de la description de la catégorie	inheritance	1
inheritance	Ma tante est décédée la semaine dernière et je me demande quelles sont les démarches pour connaître la part qui me revient dans la maison de famille.	des formulations indirectes : le sujet se devine sans reprendre les mots-clés de la description de la catégorie	inheritance	1
inheritance	Je voudrais fixer par écrit mes volontés concernant la distribution de mes comptes d'épargne et de mes bijoux de famille entre mes trois neveux.	des formulations indirectes : le sujet se devine sans reprendre les mots-clés de la description de la catégorie	inheritance	1
inheritance	Après le décès de mon père, nous rencontrons des difficultés pour débloquer les fonds sur son compte courant à la banque de Lyon.	des formulations indirectes : le sujet se devine sans reprendre les mots-clés de la description de la catégorie	inheritance	1
inheritance	Est-il possible de prévoir une clause spécifique pour que ma propriété de Nice soit transmise directement à une fondation à mon départ ?	des formulations indirectes : le sujet se devine sans reprendre les mots-clés de la description de la catégorie	inheritance	1
inheritance	Je souhaite organiser une remise de parts de mes biens mobiliers à mon petit-fils dès son majorité, sans pour autant perdre la gestion de mes actifs.	des formulations indirectes : le sujet se devine sans reprendre les mots-clés de la description de la catégorie	inheritance	1
inheritance	Suite à la disparition de mon oncle, nous avons besoin de faire l'inventaire des objets de valeur présents dans son appartement du 16ème arrondissement.	des formulations indirectes : le sujet se devine sans reprendre les mots-clés de la description de la catégorie	inheritance	1
inheritance	Je désire rédiger un document officiel pour désigner qui sera chargé de gérer mes biens une fois que je ne serai plus là.	des formulations indirectes : le sujet se devine sans reprendre les mots-clés de la description de la catégorie	inheritance	1
inheritance	Comment s'assurer que les sommes placées sur mon assurance-vie soient réparties exactement comme je l'ai imaginé pour mes proches ?	des formulations indirectes : le sujet se devine sans reprendre les mots-clés de la description de la catégorie	inheritance	1
inheritance	Nous avons besoin d'un rendez-vous pour discuter de la répartition des biens de notre grand-parent qui a laissé une importante collection d'art.	des formulations indirectes : le sujet se devine sans reprendre les mots-clés de la description de la catégorie	inheritance	1
consumer	Je souhaite contester la facturation abusive de mon abonnement internet suite à une erreur de votre part.	des messages courts et directs (une phrase), niveau de langue courant	consumer	1
consumer	Le cuisiniste que j'ai engagé n'a pas respecté les délais de livraison prévus au devis du 12 mars.	des messages courts et directs (une phrase), niveau de langue courant	consumer	1
consumer	Je n'ai jamais reçu la commande de vêtements passée sur votre site malgré le débit de 150 euros.	des messages courts et directs (une phrase), niveau de langue courant	consumer	1
consumer	L'artisan a réalisé une pose de carrelage totalement non conforme aux règles de l'art.	des messages courts et directs (une phrase), niveau de langue courant	consumer	1
consumer	Je demande le remboursement immédiat de mon billet de train annulé par la compagnie sans indemnisation.	des messages courts et directs (une phrase), niveau de langue courant	consumer	1
consumer	Le lave-linge que j'ai acheté il y a deux mois est déjà en panne et le SAV refuse de le réparer.	des messages courts et directs (une phrase), niveau de langue courant	consumer	1
consumer	Je conteste les frais de retard appliqués par mon fournisseur d'énergie sur ma dernière facture.	des messages courts et directs (une phrase), niveau de langue courant	consumer	1
consumer	Le garage m'a facturé des pièces de rechange qui n'ont jamais été remplacées sur mon véhicule.	des messages courts et directs (une phrase), niveau de langue courant	consumer	1
consumer	Je n'ai pas reçu le colis de produits cosmétiques malgré la confirmation d'expédition reçue hier.	des messages courts et directs (une phrase), niveau de langue courant	consumer	1
consumer	L'entreprise de rénovation refuse d'appliquer la remise convenue lors de la signature du contrat.	des messages courts et directs (une phrase), niveau de langue courant	consumer	1
consumer	Je me permets de vous contacter car je rencontre un problème majeur avec ma nouvelle cuisinière encastrée achetée le mois dernier chez ElectroDom Plus à Lyon. Malgré l'intervention de deux techniciens, l'appareil présente toujours une fuite d'eau importante lors de l'utilisation. Je souhaite obtenir le remboursement intégral de mon achat car la garantie légale de conformité n'est manifestement pas respectée par le vendeur.	des messages longs (3 à 5 phrases) avec du contexte personnel ; le vrai sujet n'apparaît qu'au milieu ou à la fin	consumer	1
consumer	Après avoir fait appel à l'entreprise de rénovation Travaux & Co pour refaire ma salle de bain, je constate avec amertume que les finitions sont déplorables. Le devis initial prévoyait l'installation de carrelage de haute qualité, mais ce qui a été posé ne correspond pas du tout à la commande. Je sollicite votre aide pour engager un litige de consommation afin de forcer l'artisan à terminer le chantier selon les normes.	des messages longs (3 à 5 phrases) avec du contexte personnel ; le vrai sujet n'apparaît qu'au milieu ou à la fin	consumer	1
consumer	Mon fils a reçu une commande de vêtements sur un site internet de mode très connu il y a trois semaines. Depuis, le service client ne répond plus à mes mails et le colis est marqué comme livré alors que nous n'avons rien reçu. Je voudrais savoir comment contester ce paiement et obtenir la restitution des sommes prélevées pour cette marchandise non reçue.	des messages longs (3 à 5 phrases) avec du contexte personnel ; le vrai sujet n'apparaît qu'au milieu ou à la fin	consumer	1
consumer	Je réside dans un petit appartement à Bordeaux et je viens de souscrire un abonnement internet auprès de l'opérateur ConnectTout. Bien que je paie mon forfait au prix fort, la connexion est inexistante depuis le premier jour de l'activation. Je souhaite entamer une procédure pour rupture abusive de contrat de service et demander des dommages et intérêts pour le préjudice subi.	des messages longs (3 à 5 phrases) avec du contexte personnel ; le vrai sujet n'apparaît qu'au milieu ou à la fin	consumer	1
consumer	Suite à la commande d'un canapé en cuir sur le site de MobiliDesign, j'ai constaté une déchirure sur l'assise dès le déballage. J'ai tenté de contacter le service après-vente à plusieurs reprises sans aucun succès de leur part. Je cherche un conseil juridique pour imposer le remplacement du produit conformément à mes droits de consommateur.	des messages longs (3 à 5 phrases) avec du contexte personnel ; le vrai sujet n'apparaît qu'au milieu ou à la fin	consumer	1
consumer	Lors de mes dernières vacances en Bretagne, j'ai loué une voiture auprès de l'agence AutoLibre pour une durée de dix jours. À mon retour, l'agence tente de me facturer des frais de remise en état totalement injustifiés pour une rayure déjà présente. J'ai besoin d'assistance pour contester ces frais abusifs prélevés sur ma carte bancaire sans mon accord.	des messages longs (3 à 5 phrases) avec du contexte personnel ; le vrai sujet n'apparaît qu'au milieu ou à la fin	consumer	1
consumer	J'ai commandé un forfait de maintenance pour mon système de climatisation auprès d'une entreprise locale le mois dernier. Le prestataire a encaissé l'acompte mais n'est jamais passé pour effectuer la prestation prévue au contrat. Je souhaite savoir quelles sont mes options pour mettre en demeure ce fournisseur de services de respecter ses obligations.	des messages longs (3 à 5 phrases) avec du contexte personnel ; le vrai sujet n'apparaît qu'au milieu ou à la fin	consumer	1
consumer	Depuis l'installation de mon nouveau système d'alarme par la société SécuDom, je constate des dysfonctionnements incessants qui déclenchent des alertes nocturnes inutiles. Le technicien refuse d'intervenir gratuitement malgré la période de garantie de deux ans. Je sollicite votre expertise pour faire valoir mes droits face à ce prestataire de services défaillant.	des messages longs (3 à 5 phrases) avec du contexte personnel ; le vrai sujet n'apparaît qu'au milieu ou à la fin	consumer	1
consumer	Je suis très déçue par l'achat d'un smartphone haut de gamme effectué sur la plateforme Marketplace de TechWorld. Le produit reçu est une contrefaçon de l'appareil que j'ai commandé pour 900 euros. Je cherche un avocat pour entamer une action contre ce commerçant pour non-conformité flagrante de la marchandise livrée.	des messages longs (3 à 5 phrases) avec du contexte personnel ; le vrai sujet n'apparaît qu'au milieu ou à la fin	consumer	1
consumer	Ma grand-mère a souscrit un contrat d'assurance habitation auprès de l'agence AssurPro sans bien comprendre les clauses d'exclusion. Le mois dernier, suite à un dégât des eaux, l'assureur refuse de couvrir les dommages en invoquant une négligence de sa part. Je souhaite contester ce refus de prise en charge pour une prestation de service mal vendue.	des messages longs (3 à 5 phrases) avec du contexte personnel ; le vrai sujet n'apparaît qu'au milieu ou à la fin	consumer	1
consumer	Bonjour j'ai commande un canapé sur le site de Decora mais jai recu une table de chevet a la place et ils veulent pas me remboursé c'est nimporte quoi j'ai besoin d'aide svp	un style SMS ou messagerie instantanée : familier, abréviations, fautes d'orthographe, peu de ponctuation	consumer	1
consumer	Bonjour je vous contacte car mon plombier m'a facturé 800€ pour un truc qui a tenu 2 jours... il refuse de revenir finir le chantier et il me parle de frais sup c est abusé	un style SMS ou messagerie instantanée : familier, abréviations, fautes d'orthographe, peu de ponctuation	consumer	1
consumer	Bonjour je suis tres en colere jai deja payé mon abonnement internet pour 12 mois mais le service est coupé depuis lundi sans raison et le service client me répond rien du tout	un style SMS ou messagerie instantanée : familier, abréviations, fautes d'orthographe, peu de ponctuation	consumer	1
consumer	slt j'ai acheter une voiture d'occase chez garage ludo mais le moteur a lache direct après 2 jours... le garage dit que c'est ma faute impossible j'ai besoin de conseils juridiques	un style SMS ou messagerie instantanée : familier, abréviations, fautes d'orthographe, peu de ponctuation	consumer	1
consumer	Bonsoir j'ai un gros probleme avec un magasin de bricolage ils m'ont vendu une perceuse defective et maintenant ils disent que je peux pas la ramener sans le carton d'origine alors que jai tout	un style SMS ou messagerie instantanée : familier, abréviations, fautes d'orthographe, peu de ponctuation	consumer	1
consumer	Bonjour je voudrais savoir si je peux attaquer la compagnie de livraison qui a perdu mon colis de luxe qui valait 1200€ ils font les sourds j'ai trop stressé	un style SMS ou messagerie instantanée : familier, abréviations, fautes d'orthographe, peu de ponctuation	consumer	1
consumer	Bonjour je me suis fait tres arnaquer par un fournisseur de fenetres il a pris l'acompte mais il est pas venu installer le matos depuis 3 mois aucune nouvelle	un style SMS ou messagerie instantanée : familier, abréviations, fautes d'orthographe, peu de ponctuation	consumer	1
consumer	slt j'ai recu une facture de 300€ de la part de mon ancien fournisseur d'energie pour une erreur de compteur je comprends rien ils veulent me menacer de couper	un style SMS ou messagerie instantanée : familier, abréviations, fautes d'orthographe, peu de ponctuation	consumer	1
consumer	Bonjour jai commande un sac de marque en ligne mais jai recu une contrefaçon... le vendeur refuse le retour et dit que c'est impossible j'ai trop le seum	un style SMS ou messagerie instantanée : familier, abréviations, fautes d'orthographe, peu de ponctuation	consumer	1
consumer	Bonjour je souhaite porter plainte pour non respect des conditions de vente par un site de cosmétique ils livrent jamais et me débitent quand meme mon compte	un style SMS ou messagerie instantanée : familier, abréviations, fautes d'orthographe, peu de ponctuation	consumer	1
consumer	Madame, Monsieur, Je me permets de vous solliciter afin d'obtenir un conseil juridique suite à un différend avec le magasin d'électroménager 'ElectroDom'. J'ai acheté une machine à laver le 15 janvier dernier qui présente déjà un défaut de vidange. Malgré mes multiples relances pour une réparation sous garantie, le service après-vente refuse d'intervenir. Je souhaiterais connaître les démarches pour imposer l'application de la garantie légale de conformité. Dans l'attente de votre retour, je vous prie d'agréer, Madame, Monsieur, l'expression de mes salutations distinguées.	des e-mails formels avec formule d'appel et formule de politesse	consumer	1
consumer	Monsieur l'Avocat, Je vous contacte concernant un litige qui m'oppose à l'entreprise de rénovation 'Bati-Pro'. Suite à la signature d'un devis pour la réfection de ma toiture, les travaux n'ont pas été réalisés dans les délais impartis et les matériaux utilisés ne correspondent pas à ce qui avait été convenu. Le montant total de 4 500 euros a pourtant été versé en partie. Je souhaite engager une procédure pour rupture abusive de contrat. Je vous remercie par avance de l'attention portée à ma demande. Cordialement.	des e-mails formels avec formule d'appel et formule de politesse	consumer	1
consumer	Madame, Monsieur, Je souhaite consulter votre cabinet au sujet d'un problème de facturation avec mon fournisseur d'énergie. Depuis trois mois, des prélèvements injustifiés apparaissent sur ma facture mensuelle, malgré mes contestations par courrier recommandé. Le service client reste mutique et la situation devient préjudiciable pour mon budget. Pourriez-vous m'indiquer si une action en rétractation de paiement est envisageable ? Je vous prie d'agréer, Madame, Monsieur, mes sincères salutations.	des e-mails formels avec formule d'appel et formule de politesse	consumer	1
consumer	À l'attention du service juridique, Je vous adresse ce courriel pour vous exposer un litige de consommation. J'ai commandé un canapé en ligne sur le site 'ConfortDesign' le mois dernier. Le produit est arrivé endommagé et le commerçant refuse de procéder à l'échange ou au remboursement, prétextant que les dommages sont de ma responsabilité. Je possède des photos attestant de l'état du colis à l'ouverture. Je sollicite votre aide pour faire valoir mes droits. Bien cordialement.	des e-mails formels avec formule d'appel et formule de politesse	consumer	1
consumer	Maître, Je sollicite vos services pour contester une clause abusive dans un contrat d'abonnement internet que je viens de souscrire auprès de l'opérateur 'NetConnect'. Cette clause permet une modification unilatérale des tarifs sans préavis de 30 jours, ce qui me semble illégal au regard du code de la consommation. Je souhaiterais savoir si une mise en demeure est la première étape appropriée. Je vous prie d'agréord, Maître, mes respectueuses salutations.	des e-mails formels avec formule d'appel et formule de politesse	consumer	1
consumer	Madame, Monsieur, Je rencontre actuellement un litige avec un artisan plombier, Monsieur Lefebvre, concernant une installation de chauffe-eau effectuée à Lyon. Le travail est manifestement mal exécuté et présente des risques de fuite importants. L'artisan refuse de revenir terminer l'installation malgré la présence d'une retenue de garantie. Je souhaiterais connaître les recours possibles pour obtenir une mise en conformité des travaux. Je reste à votre disposition pour tout complément d'information. Salutations distinguées.	des e-mails formels avec formule d'appel et formule de politesse	consumer	1
consumer	Monsieur, Je vous contacte car je suis victime d'une pratique commerciale trompeuse de la part d'un vendeur de voitures d'occasion à Nantes. Lors de la vente d'un véhicule de marque Peugeot, des défauts mécaniques majeurs m'ont été cachés lors de l'essai. Le vendeur refuse désormais toute responsabilité en invoquant la vente 'en l'état'. J'ai besoin de conseils pour entamer une procédure de résolution de la vente. Je vous remercie de votre aide. Cordialement.	des e-mails formels avec formule d'appel et formule de politesse	consumer	1
consumer	Madame, Monsieur, Je souhaite obtenir un avis juridique concernant un retard de livraison important de la part de mon fournisseur de mobilier de bureau. La commande n°8829, d'une valeur de 12 000 euros, devait être livrée le 10 mars, mais nous sommes aujourd'hui le 20 avril et aucune communication n'a été reçue. Ce retard impacte l'aménagement de nos nouveaux locaux. Quelles sont les indemnités que je peux réclamer pour le préjudice subi ? Je vous prie d'agréer mes salutations distinguées.	des e-mails formels avec formule d'appel et formule de politesse	consumer	1
consumer	Monsieur l'Avocat, Je vous sollicite pour un litige relatif à un achat de produits cosmétiques via une plateforme de e-commerce. Le produit reçu ne correspond absolument pas à la description du site, ce qui constitue une publicité mensongère. Le service client refuse de prendre en charge les frais de retour. Je souhaite savoir comment obtenir le remboursement intégral ainsi que des dommages et intérêts. Dans l'attente de votre réponse, je vous prie d'agréer l'expression de mes sentiments distingués.	des e-mails formels avec formule d'appel et formule de politesse	consumer	1
consumer	Madame, Monsieur, Je vous contacte pour un différend avec une agence de voyage concernant un forfait 'Séjour Grèce' réservé en décembre. Les prestations promises, notamment l'hôtel 4 étoiles, ont été remplacées par un établissement de catégorie inférieure sans aucune compensation. L'agence refuse de m'accorder le remboursement de la différence de prix. Je souhaiterais connaître les démarches pour porter plainte auprès de la commission des litiges de consommation. Cordialement.	des e-mails formels avec formule d'appel et formule de politesse	consumer	1
consumer	Bonjour, je vous contacte car j'ai commandé un lave-vaisselle de marque Bosch sur votre site internet il y a trois semaines. Le colis est arrivé hier, mais l'appareil présente une rayure importante sur la porte avant et il ne s'allume pas. Malgré mes appels répétés au service client, personne ne me propose de solution pour un échange ou un remboursement.	des formulations indirectes : le sujet se devine sans reprendre les mots-clés de la description de la catégorie	consumer	1
consumer	Maître, je souhaiterais obtenir un avis concernant un devis que j'ai signé avec un entrepreneur pour la rénovation de ma salle de bain. Depuis le début des travaux à Lyon, l'artisan ne se présente plus sur le chantier et refuse de me restituer l'acompte de 2000 euros que j'ai versé le mois dernier.	des formulations indirectes : le sujet se devine sans reprendre les mots-clés de la description de la catégorie	consumer	1
consumer	Je suis très mécontent de l'abonnement internet souscrit auprès de votre enseigne. Le débit est trois fois inférieur à ce qui était promis dans la brochure commerciale et on me facture des options que je n'ai jamais demandées. Je souhaite contester ces prélèvements et obtenir une régularisation.	des formulations indirectes : le sujet se devine sans reprendre les mots-clés de la description de la catégorie	consumer	1
consumer	Madame, Monsieur, je sollicite votre aide pour un problème de livraison concernant une commande de meubles de bureau. Le livreur a déposé les articles dans l'allée sans mon autorisation, et l'un des fauteuils est endommagé. La boutique refuse de prendre en charge les frais de retour.	des formulations indirectes : le sujet se devine sans reprendre les mots-clés de la description de la catégorie	consumer	1
consumer	Suite à l'achat d'un smartphone de dernière génération dans votre boutique de Bordeaux, j'ai constaté un défaut de batterie dès la première utilisation. Le responsable du magasin prétend que la garantie ne s'applique pas pour ce type de panne, ce qui me semble inadmissible au vu de la loi.	des formulations indirectes : le sujet se devine sans reprendre les mots-clés de la description de la catégorie	consumer	1
consumer	Je vous écris car une agence de voyage m'a promis un séjour tout compris en Grèce, mais à mon arrivée, l'hôtel était totalement différent de la description du catalogue et les transferts prévus n'étaient pas assurés. Je souhaite obtenir réparation pour le préjudice subi.	des formulations indirectes : le sujet se devine sans reprendre les mots-clés de la description de la catégorie	consumer	1
consumer	Un prestataire de services de nettoyage est intervenu chez moi la semaine dernière. Le travail est extrêmement bâclé et les surfaces n'ont même pas été désinfectées comme convenu dans le contrat de prestation. Je refuse de régler la facture finale tant que le service n'est pas conforme.	des formulations indirectes : le sujet se devine sans reprendre les mots-clés de la description de la catégorie	consumer	1
consumer	J'ai fait réparer ma montre de luxe chez votre horloger spécialisé. En la récupérant, j'ai remarqué une trace de manipulation sur le cadran qui n'existait pas auparavant. Votre technicien refuse de reconnaître sa responsabilité et rejette la faute sur moi.	des formulations indirectes : le sujet se devine sans reprendre les mots-clés de la description de la catégorie	consumer	1
consumer	Je rencontre un problème avec un prélèvement automatique effectué par votre organisme de crédit sans mon accord explicite pour ce nouveau montant. Le montant de 150 euros supplémentaire ne correspond à aucune échéance prévue dans mon échéancier initial.	des formulations indirectes : le sujet se devine sans reprendre les mots-clés de la description de la catégorie	consumer	1
consumer	Le garage où j'ai déposé ma Renault pour une révision m'a facturé des pièces de remplacement que je n'ai jamais validées. Le montant total de la facture est bien supérieur à l'estimation qui m'avait été communiquée lors de la dépose du véhicule.	des formulations indirectes : le sujet se devine sans reprendre les mots-clés de la description de la catégorie	consumer	1
criminal	Je souhaite déposer plainte contre X pour le vol de mon sac à main survenu hier soir à Lyon.	des messages courts et directs (une phrase), niveau de langue courant	criminal	1
criminal	Mon fils a été placé en garde à vue cette nuit suite à une altercation près de la gare.	des messages courts et directs (une phrase), niveau de langue courant	criminal	1
criminal	Est-ce que vous pouvez m'aider pour la procédure de retrait de permis après un excès de vitesse ?	des messages courts et directs (une phrase), niveau de langue courant	criminal	1
criminal	Je suis victime de menaces de mort par SMS de la part d'un ancien voisin.	des messages courts et directs (une phrase), niveau de langue courant	criminal	1
criminal	Un individu a dégradé ma vitrine de magasin durant la nuit de samedi.	des messages courts et directs (une phrase), niveau de langue courant	criminal	1
criminal	Je voudrais savoir comment contester une contravention de stationnement abusive.	des messages courts et directs (une phrase), niveau de langue courant	criminal	1
criminal	Mon domicile a été cambriolé et plusieurs objets de valeur ont disparu.	des messages courts et directs (une phrase), niveau de langue courant	criminal	1
criminal	Je souhaite porter plainte pour harcèlement moral et cyber-intimidation.	des messages courts et directs (une phrase), niveau de langue courant	criminal	1
criminal	Ma voiture a été vandalisée avec des tags et des rayures sur la carrosserie.	des messages courts et directs (une phrase), niveau de langue courant	criminal	1
criminal	Un individu m'a agressé physiquement dans la rue et je veux entamer des poursuites.	des messages courts et directs (une phrase), niveau de langue courant	criminal	1
criminal	Je me permets de vous contacter car j'ai été victime d'une intrusion dans mon domicile situé à Nantes la semaine dernière. Les individus ont profité de mon absence pour forcer la porte arrière et emporter plusieurs objets de valeur. Je souhaiterais savoir comment procéder pour déposer une plainte formelle et obtenir une assistance juridique pour la suite des événements.	des messages longs (3 à 5 phrases) avec du contexte personnel ; le vrai sujet n'apparaît qu'au milieu ou à la fin	criminal	1
criminal	Mon voisin de palier, Monsieur Durand, adopte un comportement de plus en plus menaçant et agressif depuis quelques mois. Hier soir, il a proféré des insultes graves devant mes enfants et a même menacé de s'en prendre à mon intégrité physique. Je voudrais savoir si ces faits peuvent être qualifiés de harcèlement et comment porter plainte auprès du procureur.	des messages longs (3 à 5 phrases) avec du contexte personnel ; le vrai sujet n'apparaît qu'au milieu ou à la fin	criminal	1
criminal	Je suis actuellement très inquiet suite à une visite surprise de la police à mon domicile mardi matin. Les agents m'ont annoncé que je faisais l'objet d'une mesure de garde à vue pour une affaire liée à un contrôle de routine. J'ai besoin de comprendre mes droits immédiatement et de savoir si vous pouvez assurer ma défense lors de mon audition.	des messages longs (3 à 5 phrases) avec du contexte personnel ; le vrai sujet n'apparaît qu'au milieu ou à la fin	criminal	1
criminal	Après avoir stationné mon véhicule sur la place de la mairie, j'ai retrouvé mon pare-brise totalement brisé et mon rétroviseur arraché. Il semble qu'un conducteur ait volontairement percuté ma voiture avant de prendre la fuite sans laisser de coordonnées. Je cherche un avocat spécialisé pour m'aider à identifier le responsable et engager des poursuites pour dégradation de bien privé.	des messages longs (3 à 5 phrases) avec du contexte personnel ; le vrai sujet n'apparaît qu'au milieu ou à la fin	criminal	1
criminal	Lors de ma promenade dans le parc de la Tête d'Or, j'ai été témoin d'une altercation très violente entre deux individus. L'un d'eux a utilisé une arme blanche pour menacer un groupe de passants, créant une panique générale. Je souhaite savoir si mon témoignage peut être utilisé dans le cadre d'une procédure pénale pour infraction grave.	des messages longs (3 à 5 phrases) avec du contexte personnel ; le vrai sujet n'apparaît qu'au milieu ou à la fin	criminal	1
criminal	J'ai remarqué des mouvements suspects autour de mon entrepôt de stockage situé dans la zone industrielle de Lyon. En vérifiant les caméras de surveillance, j'ai vu des personnes tenter de fracturer les serrures de mon conteneur de marchandises. Je souhaite déposer une plainte pour tentative de vol et savoir quelles sont les démarches pour que la police enquête.	des messages longs (3 à 5 phrases) avec du contexte personnel ; le vrai sujet n'apparaît qu'au milieu ou à la fin	criminal	1
criminal	Ma situation personnelle est devenue insupportable à cause des appels incessants et des messages de menaces que je reçois chaque jour de la part d'un ancien collaborateur. Cette personne semble être en train de programmer une agression physique à mon égard. Est-il possible de demander une mesure de protection ou de déposer plainte pour menaces de mort ?	des messages longs (3 à 5 phrases) avec du contexte personnel ; le vrai sujet n'apparaît qu'au milieu ou à la fin	criminal	1
criminal	Je rentre de voyage et je constate avec effroi que mon sac à main, contenant ma carte d'identité et mes papiers importants, a disparu. Il semble qu'un vol à la tire ait eu lieu dans la file d'attente de la gare de Bordeaux. Je dois absolument savoir comment déclarer cette infraction pour refaire mes documents et lancer une procédure judiciaire.	des messages longs (3 à 5 phrases) avec du contexte personnel ; le vrai sujet n'apparaît qu'au milieu ou à la fin	criminal	1
criminal	La police a débarqué chez mon frère pour lui signifier une convocation suite à une enquête en cours pour trafic de stupéfiants. Il est actuellement en garde à vue et ne peut pas joindre son avocat pour préparer sa défense. Je vous sollicite pour savoir si vous seriez disponible pour intervenir en urgence dans cette affaire pénale.	des messages longs (3 à 5 phrases) avec du contexte personnel ; le vrai sujet n'apparaît qu'au milieu ou à la fin	criminal	1
criminal	Un individu inconnu m'a abordé dans la rue pour me demander de l'argent de manière très insistante et menaçante. Il portait un masque et semblait armé d'un objet métallique dissimulé sous son manteau. Je me sens en danger et je voudrais savoir comment signaler cette tentative d'extorsion aux autorités compétentes.	des messages longs (3 à 5 phrases) avec du contexte personnel ; le vrai sujet n'apparaît qu'au milieu ou à la fin	criminal	1
criminal	Bonjour j'ai été convoqué au commissariat de Lyon pour une garde à vue demain... j'sais pas trop quoi dire je panique grave aidez moi svp	un style SMS ou messagerie instantanée : familier, abréviations, fautes d'orthographe, peu de ponctuation	criminal	1
criminal	Bonjour je voulais savoir si vous pouviez m'aider pour porter plainte contre mon voisin il m'a menacé avec un couteau hier soir devant chez moi	un style SMS ou messagerie instantanée : familier, abréviations, fautes d'orthographe, peu de ponctuation	criminal	1
criminal	Y a un mec qui a volé mon sac avec mon permis et mes clés hier à la gare de Nantes... je sais pas comment faire pour la suite de la procédure	un style SMS ou messagerie instantanée : familier, abréviations, fautes d'orthographe, peu de ponctuation	criminal	1
criminal	Bonjour j'ai un souci mon frère s'est fait arrêter pour conduite en état d'ivresse et il est en garde à vue là... estce que vous faites de la défense pénale ?	un style SMS ou messagerie instantanée : familier, abréviations, fautes d'orthographe, peu de ponctuation	criminal	1
criminal	pardon de vous deranger mais j'ai subi une agression physique dans la rue mardi dernier... je veux porter plainte mais je sais pas par quoi commencer	un style SMS ou messagerie instantanée : familier, abréviations, fautes d'orthographe, peu de ponctuation	criminal	1
criminal	Bonjour je cherche un avocat pour un dossier de vol à l'étalage... on m'accuse de truc que j'ai pas fait c'est injuste	un style SMS ou messagerie instantanée : familier, abréviations, fautes d'orthographe, peu de ponctuation	criminal	1
criminal	Salut je voulais savoir si vous pouviez m'assister pour mon audience au tribunal pour l'affaire de vandalisme de ma voiture	un style SMS ou messagerie instantanée : familier, abréviations, fautes d'orthographe, peu de ponctuation	criminal	1
criminal	Bonsoir j'ai reçu une convocation pour une affaire de stupéfiants... je suis vraiment pas au courant de ce qui se passe je veux juste me défendre	un style SMS ou messagerie instantanée : familier, abréviations, fautes d'orthographe, peu de ponctuation	criminal	1
criminal	Aidez moi svp mon fils a eu un accident de scooter avec la police il est en cellule ils disent que c'est une infraction grave	un style SMS ou messagerie instantanée : familier, abréviations, fautes d'orthographe, peu de ponctuation	criminal	1
criminal	Bonjour je cherche un avocat pour contester une garde à vue qui a duré trop longtemps chez nous à Marseille merci	un style SMS ou messagerie instantanée : familier, abréviations, fautes d'orthographe, peu de ponctuation	criminal	1
criminal	Monsieur l'Avocat, je vous contacte en urgence car mon conjoint a été placé en garde à vue ce matin suite à une altercation avec le voisinage. Nous avons besoin de votre assistance pour solliciter un entretien avec lui et préparer sa défense. Dans l'attente de votre retour, je vous prie d'agréuit agréer mes salutations distinguées.	des e-mails formels avec formule d'appel et formule de politesse	criminal	1
criminal	Maître, je souhaite déposer plainte pour le vol de mon véhicule survenu la nuit dernière sur le parking de mon domicile à Lyon. Les faits ont été constatés par la police ce matin. Pourriez-vous m'indiquer la procédure pour constituer le dossier de plainte auprès du procureur ? Je vous remercie par avance de votre aide. Cordialement.	des e-mails formels avec formule d'appel et formule de politesse	criminal	1
criminal	Bonjour Maître, je vous adresse cet e-mail car je suis victime de menaces de mort répétées par un individu via les réseaux sociaux depuis plusieurs semaines. Les captures d'écran sont prêtes à vous être transmises. Je souhaiterais connaître mes droits et les démarches pour engager des poursuites pénales. Bien à vous.	des e-mails formels avec formule d'appel et formule de politesse	criminal	1
criminal	Monsieur, je fais appel à vos services concernant une affaire de diffamation à mon égard dans un journal local. Les propos tenus sont calomnieux et portent gravement atteinte à mon honneur. Je souhaite savoir si nous pouvons porter plainte pour injure publique. Je reste à votre disposition pour un rendez-vous. Respectueusement.	des e-mails formels avec formule d'appel et formule de politesse	criminal	1
criminal	Maître, je vous contacte suite à l'interpellation de mon fils pour une suspicion de conduite sous l'empire d'un état alcoolique. Il est actuellement convoqué au commissariat de Bordeaux. Nous avons besoin de conseils juridiques pour l'audition à venir. Dans l'attente de votre réponse, veuillez agréer mes sincères salutations.	des e-mails formels avec formule d'appel et formule de politesse	criminal	1
criminal	Madame, je souhaite vous consulter concernant une affaire de fraude bancaire. Mon compte a été débité de 2 500 euros sans mon consentement suite à une usurpation d'identité. Je désire savoir quelles sont les actions pénales possibles pour retrouver l'auteur de cet acte. Cordialement.	des e-mails formels avec formule d'appel et formule de politesse	criminal	1
criminal	Monsieur l'Avocat, j'ai été témoin d'une agression physique dans la rue hier soir et je souhaite porter plainte officiellement. Je crains des représailles et j'aimerais être accompagné dans mes déclarations auprès des autorités. Je vous remercie de l'attention portée à ma demande. Sincèrement.	des e-mails formels avec formule d'appel et formule de politesse	criminal	1
criminal	Maître, mon entreprise a été victime d'un acte de vandalisme important sur ses locaux de Nantes. Plusieurs vitrines ont été brisées et du matériel a été dégradé. Nous souhaitons entamer des poursuites pour dégradation de biens d'autrui. Pourriez-vous nous assister ? Je vous prie d'agréer mes salutations distinguées.	des e-mails formels avec formule d'appel et formule de politesse	criminal	1
criminal	Bonjour, je vous écris car je fais l'objet d'une enquête de police pour une infraction que je conteste formellement. On m'a informé qu'une garde à vue était envisagée pour la semaine prochaine. Je sollicite votre présence lors de cet interrogatoire. Je vous remercie de votre réactivité. Bien cordialement.	des e-mails formels avec formule d'appel et formule de politesse	criminal	1
criminal	Monsieur, je souhaite obtenir votre expertise suite à une escroquerie par mail dont j'ai été la cible. On m'a soutiré des informations sensibles sous un faux prétexte. Je voudrais entamer une procédure pénale pour cybercriminalité. Dans l'attente de vous lire, recevez mes salutations respectueuses.	des e-mails formels avec formule d'appel et formule de politesse	criminal	1
criminal	Bonjour, je vous contacte car mon véhicule a été percuté par un conducteur qui a pris la fuite sur l'avenue de la République hier soir. Je ne sais pas comment procéder pour que les responsables soient retrouvés.	des formulations indirectes : le sujet se devine sans reprendre les mots-clés de la description de la catégorie	criminal	1
criminal	Ma voisine m'a menacé physiquement à plusieurs reprises cette semaine et elle a même dégradé ma clôture durant la nuit. Je me sens en insécurité chez moi et j'aimerais connaître mes recours.	des formulations indirectes : le sujet se devine sans reprendre les mots-clés de la description de la catégorie	criminal	1
criminal	Monsieur, je viens d'apprendre que mon frère a été convoqué au commissariat de Lyon et qu'il a été retenu dans un service de police depuis ce matin. Pourriez-vous m'assister pour sa défense ?	des formulations indirectes : le sujet se devine sans reprendre les mots-clés de la description de la catégorie	criminal	1
criminal	J'ai constaté la disparition de plusieurs objets de valeur dans mon appartement après le passage d'un prestataire de ménage. Je souhaite entamer des démarches officielles pour signaler ces faits.	des formulations indirectes : le sujet se devine sans reprendre les mots-clés de la description de la catégorie	criminal	1
criminal	Un individu m'a harcelé par des messages incessants et des appels anonymes sur mon téléphone portable depuis plus d'un mois. La situation devient insupportable et je crains pour mon intégrité.	des formulations indirectes : le sujet se devine sans reprendre les mots-clés de la description de la catégorie	criminal	1
criminal	Est-il possible de contester la procédure suite à l'interpellation de mon fils lors de la manifestation de samedi dernier ? Il affirme que les forces de l'ordre ont utilisé une force disproportionnée.	des formulations indirectes : le sujet se devine sans reprendre les mots-clés de la description de la catégorie	criminal	1
criminal	J'ai découvert que quelqu'un a utilisé mes coordonnées bancaires pour effectuer des virements frauduleux sur un compte étranger. Les sommes prélevées s'élèvent à plus de 2000 euros.	des formulations indirectes : le sujet se devine sans reprendre les mots-clés de la description de la catégorie	criminal	1
criminal	Mon conjoint a été placé sous surveillance étroite par les autorités suite à une enquête en cours. Je souhaiterais prendre rendez-vous pour organiser sa défense lors de son audition.	des formulations indirectes : le sujet se devine sans reprendre les mots-clés de la description de la catégorie	criminal	1
criminal	Un groupe de personnes s'est introduit dans mon garage et a vandalisé tout le matériel de bricolage. Je possède des images de vidéo-surveillance qui pourraient servir d'élément de preuve.	des formulations indirectes : le sujet se devine sans reprendre les mots-clés de la description de la catégorie	criminal	1
criminal	Madame, je souhaite savoir si je peux porter des accusations contre la personne qui a diffusé des propos diffamatoires à mon sujet sur les réseaux sociaux de la commune.	des formulations indirectes : le sujet se devine sans reprendre les mots-clés de la description de la catégorie	criminal	1
business	Je souhaite rédiger les statuts pour ma nouvelle SAS située à Lyon.	des messages courts et directs (une phrase), niveau de langue courant	business	1
business	Pouvez-vous m'aider à organiser une assemblée générale extraordinaire pour modifier l'objet social de ma SARL ?	des messages courts et directs (une phrase), niveau de langue courant	business	1
business	Nous avons besoin d'un pacte d'associés pour sécuriser l'entrée d'un nouvel investisseur dans notre startup.	des messages courts et directs (une phrase), niveau de langue courant	business	1
business	Je voudrais savoir comment procéder pour transformer mon entreprise individuelle en société unipersonnelle.	des messages courts et directs (une phrase), niveau de langue courant	business	1
business	Est-il possible de rédiger une clause de non-concurrence spécifique pour mes futurs associés ?	des messages courts et directs (une phrase), niveau de langue courant	business	1
business	Je cherche un avocat pour auditer les statuts actuels de ma holding.	des messages courts et directs (une phrase), niveau de langue courant	business	1
business	Nous devons rédiger un protocole d'accord suite à une augmentation de capital de 50 000 euros.	des messages courts et directs (une phrase), niveau de langue courant	business	1
business	Quelles sont les formalités juridiques pour intégrer un nouvel associé dans ma structure existante ?	des messages courts et directs (une phrase), niveau de langue courant	business	1
business	Je souhaite créer une SCI pour gérer mon patrimoine immobilier professionnel.	des messages courts et directs (une phrase), niveau de langue courant	business	1
business	Pouvez-vous vérifier la conformité de nos statuts suite au changement de siège social à Bordeaux ?	des messages courts et directs (une phrase), niveau de langue courant	business	1
business	Bonjour, je viens de terminer mon stage de fin d'études à Lyon et j'ai enfin décidé de me lancer à mon compte. J'ai déjà trouvé mes premiers clients dans le secteur du conseil en marketing digital. Je souhaiterais donc obtenir votre aide pour la rédaction complète de mes statuts de SASU.	des messages longs (3 à 5 phrases) avec du contexte personnel ; le vrai sujet n'apparaît qu'au milieu ou à la fin	business	1
business	Ma conjointe et moi avons loué un local commercial à Nantes pour ouvrir une boulangerie artisanale. Nous avons déjà sécurisé le bail et trouvé notre matériel de cuisson, mais nous sommes bloqués sur la structure juridique. Pourriez-vous nous accompagner pour la création de notre société et la répartition du capital entre nous ?	des messages longs (3 à 5 phrases) avec du contexte personnel ; le vrai sujet n'apparaît qu'au milieu ou à la fin	business	1
business	Après plusieurs années passées à gérer un restaurant en tant que salarié, j'ai décidé de reprendre l'affaire de mon oncle. Le projet est sérieux et j'ai déjà les fonds nécessaires pour l'apport initial. Je voudrais organiser une convention d'associés pour encadrer mon arrivée avec les autres membres de la famille.	des messages longs (3 à 5 phrases) avec du contexte personnel ; le vrai sujet n'apparaît qu'au milieu ou à la fin	business	1
business	Nous sommes un groupe de trois développeurs passionnés par l'intelligence artificielle et nous travaillons sur une application mobile depuis un an. Notre produit est prêt à être lancé sur le marché européen le mois prochain. Nous avons besoin de conseils juridiques pour formaliser notre pacte d'associés et définir les parts de chacun.	des messages longs (3 à 5 phrases) avec du contexte personnel ; le vrai sujet n'apparaît qu'au milieu ou à la fin	business	1
business	Je prévois de lancer une activité de services à la personne dans la région bordelaise d'ici le début de l'année prochaine. Mon business plan est terminé et j'ai déjà identifié mon futur siège social. Je souhaiterais savoir quelles sont les démarches pour immatriculer ma nouvelle SARL auprès du guichet unique.	des messages longs (3 à 5 phrases) avec du contexte personnel ; le vrai sujet n'apparaît qu'au milieu ou à la fin	business	1
business	Suite à une levée de fonds très prometteuse auprès de business angels, notre startup technologique change de dimension. Nous devons rapidement restructurer notre gouvernance pour intégrer ces nouveaux investisseurs. Je vous contacte pour réviser nos statuts actuels et intégrer ces nouvelles clauses de contrôle.	des messages longs (3 à 5 phrases) avec du contexte personnel ; le vrai sujet n'apparaît qu'au milieu ou à la fin	business	1
business	J'ai récemment fait l'acquisition d'une flotte de véhicules de transport de marchandises pour mon activité de logistique. Le financement est en place mais je dois impérativement mettre en place une structure juridique solide pour protéger mon patrimoine. Je cherche un expert pour m'aider à choisir entre une EURL ou une SAS.	des messages longs (3 à 5 phrases) avec du contexte personnel ; le vrai sujet n'apparaît qu'au milieu ou à la fin	business	1
business	Mon ami et moi avons décidé de nous associer pour créer une agence de communication événementielle basée à Lille. Nous avons déjà investi dans du matériel de sonorisation et de projection de haute qualité. Nous aimerions que vous rédigiez un document juridique précisant les modalités de sortie d'un associé en cas de mésentente.	des messages longs (3 à 5 phrases) avec du contexte personnel ; le vrai sujet n'apparaît qu'au milieu ou à la fin	business	1
business	Je travaille actuellement dans l'import-export de produits bio depuis mon appartement à Marseille. Mon volume d'affaires augmente de manière significative et je ne peux plus gérer cela en tant qu'auto-entrepreneur. Il est devenu indispensable de créer une société commerciale pour structurer mon développement.	des messages longs (3 à 5 phrases) avec du contexte personnel ; le vrai sujet n'apparaît qu'au milieu ou à la fin	business	1
business	Nous avons récemment racheté un fonds de commerce de restauration rapide dans le centre de Toulouse. Le transfert de propriété est en cours de finalisation avec le vendeur. Nous avons besoin de vos services pour rédiger les statuts de notre nouvelle société et gérer les formalités de dépôt des fonds.	des messages longs (3 à 5 phrases) avec du contexte personnel ; le vrai sujet n'apparaît qu'au milieu ou à la fin	business	1
business	Salut, j'aimerais savoir si vous pouvez m'aider pour créer ma SAS ? J'ai un pote avec qui je lance un projet de foodtruck à Lyon, faut faire les statuts vite fait	un style SMS ou messagerie instantanée : familier, abréviations, fautes d'orthographe, peu de ponctuation	business	1
business	Bonjour, je souhaite modifier les statuts de ma SCI pour ajouter un nouvel associé. C'est possible de faire ça rapidement ? Merci d'avance	un style SMS ou messagerie instantanée : familier, abréviations, fautes d'orthographe, peu de ponctuation	business	1
business	Hello, j'ai besoin d'un devis pour la rédaction d'un pacte d'associés. On est 3 sur la boîte et on veut bien cadrer les choses avant de signer	un style SMS ou messagerie instantanée : familier, abréviations, fautes d'orthographe, peu de ponctuation	business	1
business	est ce ke vous faites l'immatriculation au RCS ? je viens de finir mon business plan et j'veux lancer ma micro entreprise direct	un style SMS ou messagerie instantanée : familier, abréviations, fautes d'orthographe, peu de ponctuation	business	1
business	Bonjour je veux transformer ma SARL en SAS. C'est quoi les étapes et le prix svp ?	un style SMS ou messagerie instantanée : familier, abréviations, fautes d'orthographe, peu de ponctuation	business	1
business	slt, mon associé veut partir et on doit modifier les statuts pour sa sortie... c'est compliqué ?	un style SMS ou messagerie instantanée : familier, abréviations, fautes d'orthographe, peu de ponctuation	business	1
business	J'ai besoin d'un conseil pour une augmentation de capital de 50k euros dans ma structure actuelle, on a de nouveaux investisseurs qui arrivent	un style SMS ou messagerie instantanée : familier, abréviations, fautes d'orthographe, peu de ponctuation	business	1
business	bonjour j'ai des questions sur la responsabilité des gérants dans une EURL merci	un style SMS ou messagerie instantanée : familier, abréviations, fautes d'orthographe, peu de ponctuation	business	1
business	on a un probleme avec les statuts de la holding, y'a une erreur sur l'objet social... on peut corriger ca avec un PV d'AG ?	un style SMS ou messagerie instantanée : familier, abréviations, fautes d'orthographe, peu de ponctuation	business	1
business	Besoin d'aide pour rédiger un acte de cession de parts sociales. C'est urgent pour la vente de ma boutique à Bordeaux.	un style SMS ou messagerie instantanée : familier, abréviations, fautes d'orthographe, peu de ponctuation	business	1
business	"Objet : Demande de conseil pour création de SAS

Maître,

Je me permets de vous contacter car je souhaite lancer une activité de conseil en informatique à Lyon. Je souhaiterais bénéficier de votre expertise pour rédiger les statuts de ma future SAS et définir les modalités de prise de décision entre les fondateurs. 

Dans l'attente de votre retour pour convenir d'un rendez-chambrer, je vous prie d'agréer, Maître, l'expression de mes salutations distinguées.

Jean Dupont"	des e-mails formels avec formule d'appel et formule de politesse	business	1
business	"Objet : Rédaction d'un pacte d'associés - Projet 'GreenTech'

Monsieur,

Dans le cadre du développement de notre startup spécialisée dans l'écologie, nous souhaiterions faire appel à vos services pour la rédaction d'un pacte d'associés. Nous avons besoin de clauses précises concernant la répartition du capital et les conditions de sortie des investisseurs. 

Je reste à votre disposition pour vous transmettre les éléments nécessaires. Bien cordialement,

Marc Lefebvre, CEO de GreenTech"	des e-mails formels avec formule d'appel et formule de politesse	business	1
business	"Objet : Modification des statuts de la SCI 'Les Jardins'

Maître,

En tant que gérant de la SCI Les Jardins, je vous sollicite pour organiser une assemblée générale extraordinaire. Nous prévoyons une augmentation de capital pour financer l'acquisition d'un nouveau bien immobilier situé à Nantes. 

Pourriez-vous nous accompagner dans la rédaction du procès-verbal et la mise à jour des statuts ? 

Je vous prie de recevoir, Maître, mes sincères salutations.

Lucie Morel"	des e-mails formels avec formule d'appel et formule de politesse	business	1
business	"Objet : Cession de parts sociales - SARL Artisanat Plus

Madame,

Je vous contacte concernant la SARL Artisanat Plus. L'un des associés souhaite se retirer de la société et nous devons procéder à une cession de ses parts sociales. Nous aurions besoin de votre aide pour formaliser l'acte de cession et effectuer les formalités de dépôt au greffe.

Dans l'attente de votre devis, je vous prie d'agréer, Madame, mes salutations distinguées.

Thomas Bernard"	des e-mails formels avec formule d'appel et formule de politesse	business	1
business	"Objet : Consultation juridique - Apport en nature

Maître,

Dans le cadre de la transformation de mon entreprise individuelle en EURL, je m'interroge sur les modalités d'apport en nature de mon véhicule de fonction et de mon matériel professionnel. 

Serait-il possible de fixer un rendez-vous pour discuter de l'évaluation de ces biens et de l'impact sur le capital social ?

Cordialement,

Sophie Bertrand"	des e-mails formels avec formule d'appel et formule de politesse	business	1
business	"Objet : Audit des statuts de la holding 'Alpha Group'

Monsieur,

La société Alpha Group souhaite réaliser un audit juridique de ses statuts actuels afin de s'assurer de leur conformité avec les récentes évolutions législatives du droit des sociétés. Nous souhaiterions également étudier la possibilité de créer une filiale de droit étranger.

Je vous remercie par avance pour votre proposition d'accompagnement.

Respectueusement,

Pierre Dumont, Directeur Juridique"	des e-mails formels avec formule d'appel et formule de politesse	business	1
business	"Objet : Création d'une structure de SCOP

Maître,

Nous sommes un groupe de six salariés souhaitant créer une SCOP (Société Coopérative et Participative) dans le secteur de la boulangerie artisanale à Bordeaux. Nous avons besoin d'aide pour la rédaction des statuts spécifiques à ce modèle coopératif, notamment sur la répartition des pouvoirs.

Je vous remercie de l'attention portée à notre demande et vous prie d'agréer, Maître, mes salutations distinguées.

Élodie Martin"	des e-mails formels avec formule d'appel et formule de politesse	business	1
business	"Objet : Dissolution et liquidation de la société 'Design Studio'

Madame,

Suite à la décision de l'assemblée générale, la société Design Studio entre en phase de dissolution anticipée. Nous sollicitons votre cabinet pour gérer les formalités de liquidation, la rédaction du procès-verbal de clôture et la radiation du registre du commerce.

Je vous remercie de nous indiquer vos honoraires pour cette mission.

Sincères salutations,

Nicolas Petit"	des e-mails formels avec formule d'appel et formule de politesse	business	1
business	"Objet : Entrée d'un nouvel associé dans la SARL 'Logistique Sud'

Maître,

Nous envisageons l'entrée d'un nouvel investisseur au sein de notre SARL spécialisée dans le transport. Ce projet implique une modification de la répartition des parts sociales et une mise à jour de nos statuts. 

Nous souhaiterions obtenir vos conseils sur la sécurisation de cette transaction et la rédaction des nouveaux documents juridiques.

Bien cordialement,

Antoine Roux"	des e-mails formels avec formule d'appel et formule de politesse	business	1
business	"Objet : Questions relatives au droit des sociétés - Augmentation de capital

Monsieur,

Nous souhaiterions vous consulter concernant une opération d'augmentation de capital par incorporation de réserves au sein de notre société par actions simplifiée (SAS). Nous avons des interrogations sur le processus de décision et les délais légaux.

Pourriez-vous nous proposer un créneau pour une consultation téléphonique ?

Je vous prie d'agréer, Monsieur, l'expression de mes sentiments respectueux.

Claire Vallet"	des e-mails formels avec formule d'appel et formule de politesse	business	1
business	Bonjour, nous venons de lancer une application de livraison à Lyon et nous aurions besoin d'un accompagnement pour formaliser notre structure juridique avant de lever des fonds.	des formulations indirectes : le sujet se devine sans reprendre les mots-clés de la description de la catégorie	business	1
business	Madame, Monsieur, je souhaiterais obtenir un devis pour la rédaction de l'acte de cession de mes parts sociales concernant ma participation dans la holding Alpha Group.	des formulations indirectes : le sujet se devine sans reprendre les mots-clés de la description de la catégorie	business	1
business	Nous avons un projet de fusion entre deux agences de communication basées à Bordeaux et nous souhaiterions savoir comment organiser la répartition des pouvoirs entre les dirigeants.	des formulations indirectes : le sujet se devine sans reprendre les mots-clés de la description de la catégorie	business	1
business	Dans le cadre de notre expansion à l'international, nous devons modifier notre objet social pour y inclure l'import-export de matériel agricole.	des formulations indirectes : le sujet se devine sans reprendre les mots-clés de la description de la catégorie	business	1
business	Mon partenaire et moi prévoyons de lancer une activité de conseil. Serait-il possible de convenir d'un rendez-vous pour discuter de la mise en place d'un pacte entre nous ?	des formulations indirectes : le sujet se devine sans reprendre les mots-clés de la description de la catégorie	business	1
business	Je vous contacte car je souhaite transformer mon auto-entreprise actuelle en une structure plus robuste pour accueillir de nouveaux investisseurs au capital.	des formulations indirectes : le sujet se devine sans reprendre les mots-clés de la description de la catégorie	business	1
business	Nous rencontrons des difficultés concernant l'exercice du droit de vote lors de notre dernière assemblée générale annuelle. Pourriez-vous nous conseiller sur la procédure de régularisation ?	des formulations indirectes : le sujet se devine sans reprendre les mots-clés de la description de la catégorie	business	1
business	Suite à l'arrivée d'un nouvel entrepreneur dans notre équipe, nous devons mettre à jour nos documents constitutifs pour refléter la nouvelle répartition des titres.	des formulations indirectes : le sujet se devine sans reprendre les mots-clés de la description de la catégorie	business	1
business	Je souhaite savoir quelles sont les formalités administratives à accomplir pour modifier l'adresse du siège social de ma structure située à Nantes.	des formulations indirectes : le sujet se devine sans reprendre les mots-clés de la description de la catégorie	business	1
none	Bonjour, pourriez-vous me communiquer vos tarifs de consultation pour un premier rendez-vous en présentiel ? Merci d'avance.	des questions pratiques (horaires, adresse, accès, tarifs généraux, contact)	none	1
none	Est-ce que votre étude est accessible en fauteuil roulant ? Je dois venir avec une personne à mobilité réduite la semaine prochaine.	des questions pratiques (horaires, adresse, accès, tarifs généraux, contact)	none	1
none	Bonjour, j'aurais aimé savoir si vous proposez des créneaux de rendez-vous en visioconférence ou si les échanges se font exclusivement dans vos bureaux.	des questions pratiques (horaires, adresse, accès, tarifs généraux, contact)	none	1
none	Bonjour, je cherche à vous joindre mais je n'arrive pas à avoir de réponse par téléphone. Quel est le meilleur moment de la journée pour vous appeler sans vous déranger ?	des questions pratiques (horaires, adresse, accès, tarifs généraux, contact)	none	1
none	Bonjour, votre cabinet est-il ouvert le samedi matin ? J'ai des contraintes professionnelles la semaine et j'aurais besoin de passer vous voir.	des questions pratiques (horaires, adresse, accès, tarifs généraux, contact)	none	1
none	Madame, Monsieur, pourriez-vous m'indiquer s'il y a un parking à proximité de votre adresse ou si le stationnement est difficile dans votre rue ?	des questions pratiques (horaires, adresse, accès, tarifs généraux, contact)	none	1
none	Bonjour, je souhaiterais connaître vos horaires d'ouverture habituels en période estivale. Merci.	des questions pratiques (horaires, adresse, accès, tarifs généraux, contact)	none	1
none	Bonjour, je me permets de vous contacter pour savoir si vous demandez le paiement des honoraires dès la première consultation ou à la fin de la mission.	des questions pratiques (horaires, adresse, accès, tarifs généraux, contact)	none	1
none	Est-ce que vous envoyez des convocations par courrier postal ou uniquement par voie électronique désormais ?	des questions pratiques (horaires, adresse, accès, tarifs généraux, contact)	none	1
none	Bonjour, votre bureau se situe-t-il près d'une station de métro ? J'ai un doute sur l'itinéraire pour vous rejoindre.	des questions pratiques (horaires, adresse, accès, tarifs généraux, contact)	none	1
none	Je tenais simplement à vous remercier pour votre accueil lors de notre entretien de la semaine dernière. Votre professionnalisme est très appréciable.	des remerciements, félicitations ou messages de politesse sans demande précise	none	1
none	Un grand merci pour la réactivité de votre secrétariat. C'est un plaisir de collaborer avec une équipe aussi efficace.	des remerciements, félicitations ou messages de politesse sans demande précise	none	1
none	Félicitations à tout le cabinet pour l'obtention de ce nouveau prix d'excellence, c'est amplement mérité !	des remerciements, félicitations ou messages de politesse sans demande précise	none	1
none	Simplement un petit mot pour vous souhaiter d'excellentes vacances d'été.	des remerciements, félicitations ou messages de politesse sans demande précise	none	1
none	Nous avons bien reçu les documents transmis. Nous vous remercions pour la qualité de votre suivi.	des remerciements, félicitations ou messages de politesse sans demande précise	none	1
none	Je vous adresse mes plus sincères félicitations pour la réussite de votre récente conférence sur le droit immobilier.	des remerciements, félicitations ou messages de politesse sans demande précise	none	1
none	Merci encore pour votre bienveillance et votre écoute durant nos derniers échanges.	des remerciements, félicitations ou messages de politesse sans demande précise	none	1
none	Je tenais à vous témoigner toute ma gratitude pour la courtoisie dont vous avez fait preuve lors de notre rencontre.	des remerciements, félicitations ou messages de politesse sans demande précise	none	1
none	Veuillez recevoir mes salutations les plus cordiales ainsi que mes meilleurs vœux pour cette nouvelle année.	des remerciements, félicitations ou messages de politesse sans demande précise	none	1
none	Juste un petit message pour vous remercier de la diligence avec laquelle vous traitez nos courriers.	des remerciements, félicitations ou messages de politesse sans demande précise	none	1
none	Madame, Monsieur, je me permets de vous contacter afin de vous proposer mes services de consultant en stratégie digitale pour accompagner le développement de votre clientèle. Vous trouverez mon CV et mon portfolio en pièce jointe.	des candidatures, propositions commerciales, sollicitations ou partenariats	none	1
none	Objet : Proposition de partenariat pour la rédaction de contenus juridiques. Notre agence de communication spécialisée dans le secteur B2B souhaiterait collaborer avec votre étude pour la gestion de vos réseaux sociaux et de votre blog professionnel. Seriez-vous disponible pour un court échange téléphonique la semaine prochaine ?	des candidatures, propositions commerciales, sollicitations ou partenariats	none	1
none	Bonjour, je suis actuellement à la recherche d'un stage de fin d'études de six mois au sein d'un cabinet d'avocats spécialisé en droit immobilier. Très motivé par vos récentes publications, je souhaiterais vous soumettre ma candidature.	des candidatures, propositions commerciales, sollicitations ou partenariats	none	1
none	Nous avons le plaisir de vous présenter notre nouvelle solution de gestion documentaire basée sur l'intelligence artificielle, conçue pour optimiser le classement des dossiers au sein des études notariales. Seriez-vous ouvert à une démonstration de 15 minutes ?	des candidatures, propositions commerciales, sollicitations ou partenariats	none	1
none	À l'attention de l'associé gérant, je vous adresse ci-joint une offre de prestation de services concernant l'audit de sécurité informatique de vos infrastructures réseau. Nous restons à votre entière disposition pour toute précision complémentaire.	des candidatures, propositions commerciales, sollicitations ou partenariats	none	1
none	Madame, Monsieur, je vous contacte dans le cadre d'un projet de collaboration interprofessionnelle. En tant qu'expert immobilier, je recherche des partenaires juridiques fiables pour m'accompagner sur des dossiers de contentieux de copropriété.	des candidatures, propositions commerciales, sollicitations ou partenariats	none	1
none	Candidature pour le poste de juriste spécialisé en droit public. Fort d'une expérience de 5 ans en administration, je souhaite mettre mes compétences au service de votre cabinet.	des candidatures, propositions commerciales, sollicitations ou partenariats	none	1
none	Bonjour, je souhaiterais savoir si votre cabinet accepte de nouveaux partenaires pour la sous-traitance de missions de recherche documentaire et de veille juridique ponctuelle. Dans l'attente de votre réponse.	des candidatures, propositions commerciales, sollicitations ou partenariats	none	1
none	Monsieur, nous vous proposons une offre de services de traduction juridique certifiée pour vos dossiers internationaux. Notre équipe maîtrise l'anglais et l'allemand avec une terminologie précise adaptée au notariat.	des candidatures, propositions commerciales, sollicitations ou partenariats	none	1
none	Je vous propose une collaboration pour la mise en place d'un nouveau système d'archivage numérique conforme aux dernières normes de protection des données. Voici notre plaquette commerciale détaillée.	des candidatures, propositions commerciales, sollicitations ou partenariats	none	1
none	Bonjour, je souhaiterais obtenir des informations concernant les démarches administratives pour obtenir un titre de séjour de longue durée suite à mon changement de situation professionnelle. Merci de m'indiquer vos disponibilités pour un rendez-vous.	des messages sur des sujets proches du domaine mais qui ne relèvent d'aucune catégorie listée	none	1
none	Madame, Monsieur, je vous contacte car j'ai reçu un avis d'imposition dont le montant me semble erroné par rapport à mes revenus déclarés l'année dernière. Pourriez-vous m'aider à préparer un recours auprès du fisc ?	des messages sur des sujets proches du domaine mais qui ne relèvent d'aucune catégorie listée	none	1
none	Bonjour, je suis propriétaire d'un terrain en zone protégée et je souhaite savoir si je peux y entreprendre des travaux de terrassement sans risquer de sanctions de la part de la mairie. Quel est votre tarif pour une consultation sur l'urbanisme ?	des messages sur des sujets proches du domaine mais qui ne relèvent d'aucune catégorie listée	none	1
none	Cher Maître, je vous sollicite pour une question relative à un bail commercial que je souhaite résilier. Il y a une clause de préavis spécifique que je ne parviens pas à interpréter correctement. Je vous joins le document en pièce jointe.	des messages sur des sujets proches du domaine mais qui ne relèvent d'aucune catégorie listée	business	0
none	Bonjour, j'ai un litige de voisinage concernant une limite de propriété et une haie qui dépasse sur mon terrain. Je souhaiterais savoir si une médiation est possible avant d'envisager une action plus formelle.	des messages sur des sujets proches du domaine mais qui ne relèvent d'aucune catégorie listée	none	1
none	Je souhaiterais connaître mes droits concernant le droit à l'image dans le cadre d'une campagne de communication utilisant des photos prises sur mon domaine privé sans mon autorisation explicite.	des messages sur des sujets proches du domaine mais qui ne relèvent d'aucune catégorie listée	none	1
none	Bonjour, j'ai un problème de propriété intellectuelle. Un site internet utilise mon logo et mon nom de marque pour promouvoir des services similaires aux miens. Quelle est la procédure pour envoyer une mise en demeure ?	des messages sur des sujets proches du domaine mais qui ne relèvent d'aucune catégorie listée	business	0
none	Madame, Monsieur, je vous écris pour obtenir un conseil sur les règles d'accessibilité PMR (personnes à mobilité réduite) concernant la rénovation de mon commerce de détail. Est-ce un domaine que vous traitez ?	des messages sur des sujets proches du domaine mais qui ne relèvent d'aucune catégorie listée	none	1
none	Bonjour, je rencontre des difficultés pour obtenir une autorisation de construire auprès de la préfecture. Je pense qu'il y a un abus de pouvoir dans le refus qui m'a été opposé. Pourriez-vous étudier mon dossier ?	des messages sur des sujets proches du domaine mais qui ne relèvent d'aucune catégorie listée	none	1
none	Je souhaiterais être accompagné pour la rédaction d'un bail de location saisonnière afin de m'assurer que toutes les clauses de responsabilité civile sont bien incluses pour protéger mon patrimoine immobilier.	des messages sur des sujets proches du domaine mais qui ne relèvent d'aucune catégorie listée	none	1
