label	text	style	verifier_label	agree
seo	On aimerait apparaître en première page de Google sur le mot-clé 'pâtisserie artisanale Lyon'.	des messages courts et directs (une phrase), niveau de langue courant	seo	1
seo	Notre boutique en ligne perd trop de trafic organique depuis la dernière mise à jour de l'algorithme.	des messages courts et directs (une phrase), niveau de langue courant	seo	1
seo	Est-ce que vous pouvez auditer la structure technique de notre site pour améliorer notre indexation ?	des messages courts et directs (une phrase), niveau de langue courant	seo	1
seo	Je souhaite augmenter la visibilité de mon blog sur les requêtes liées à l'écologie.	des messages courts et directs (une phrase), niveau de langue courant	seo	1
seo	Il faut absolument qu'on travaille sur le maillage interne pour booster nos positions sur ces articles.	des messages courts et directs (une phrase), niveau de langue courant	seo	1
seo	On a besoin de rédiger des contenus optimisés pour remonter dans les résultats de recherche organique.	des messages courts et directs (une phrase), niveau de langue courant	seo	1
seo	Le site de notre nouveau logiciel SaaS est invisible sur les moteurs de recherche pour l'instant.	des messages courts et directs (une phrase), niveau de langue courant	seo	1
seo	Pouvez-vous nous aider à optimiser nos balises meta et nos titres pour attirer plus de visiteurs naturels ?	des messages courts et directs (une phrase), niveau de langue courant	seo	1
seo	On veut que notre application soit mieux référencée sur les recherches locales à Bordeaux.	des messages courts et directs (une phrase), niveau de langue courant	seo	1
seo	Notre objectif est de générer plus de visites gratuas via le contenu sans passer par des annonces.	des messages courts et directs (une phrase), niveau de langue courant	seo	1
seo	Bonjour l'équipe, nous venons de lancer notre nouvelle gamme de compléments alimentaires bio à Lyon. Le site attire quelques visiteurs mais nous avons remarqué que nous n'apparaissons jamais sur les premières pages de Google quand on cherche des produits naturels. J'aimerais vraiment que vous puissiez nous aider à améliorer notre référencement naturel pour capter plus de trafic organique.	des messages longs (3 à 5 phrases) avec du contexte personnel ; le vrai sujet n'apparaît qu'au milieu ou à la fin	seo	1
seo	Salut, je travaille actuellement sur la refonte de mon site de services de coaching pour les entrepreneurs. Le design est prêt, mais je me rends compte que mes articles de blog ne sont pas du tout indexés correctement. Est-ce qu'un audit SEO permettrait de booster ma visibilité dans les moteurs de recherche ?	des messages longs (3 à 5 phrases) avec du contexte personnel ; le vrai sujet n'apparaît qu'au milieu ou à la fin	seo	1
seo	Bonjour, notre boutique d'artisanat à Bordeaux connaît une baisse de fréquentation sur notre plateforme e-commerce depuis quelques mois. Nous avons fait beaucoup d'efforts sur le catalogue, mais nous avons l'impression de ne pas être assez visibles sur les requêtes stratégiques. Serait-il possible de travailler sur notre stratégie de mots-clés et le netlinking ?	des messages longs (3 à 5 phrases) avec du contexte personnel ; le vrai sujet n'apparaît qu'au milieu ou à la fin	seo	1
seo	Je reviens vers vous suite à notre discussion de la semaine dernière concernant l'expansion de notre service de nettoyage à domicile. Nous avons assez de clients locaux, mais notre site web reste invisible sur les recherches Google Maps et les requêtes organiques. Nous avons besoin d'une expertise en optimisation on-page pour remonter dans les résultats.	des messages longs (3 à 5 phrases) avec du contexte personnel ; le vrai sujet n'apparaît qu'au milieu ou à la fin	seo	1
seo	Madame, Monsieur, nous gérons une plateforme de réservation de cours de yoga en ligne et nous rencontrons des difficultés techniques. Bien que le contenu soit de qualité, le trafic provenant des moteurs de recherche est quasi inexistant. Nous souhaiterions mettre en place une stratégie de SEO technique pour corriger ces problèmes d'indexation.	des messages longs (3 à 5 phrases) avec du contexte personnel ; le vrai sujet n'apparaît qu'au milieu ou à la fin	seo	1
seo	Bonjour, j'ai récemment ouvert un cabinet de conseil en gestion à Nantes et je n'ai pas encore de présence digitale solide. Je cherche quelqu'un pour m'accompagner sur la rédaction de contenus optimisés pour le référencement afin de remonter dans les classements de recherche dès le lancement.	des messages longs (3 à 5 phrases) avec du contexte personnel ; le vrai sujet n'apparaît qu'au milieu ou à la fin	seo	1
seo	L'entreprise TechSolutions vient de déployer une nouvelle application SaaS pour la gestion de projet. Nous avons un site web très complet, mais nous constatons que nos concurrents occupent toutes les premières places sur Google. Un travail sur l'autorité du domaine et la structure sémantique serait-il envisageable ?	des messages longs (3 à 5 phrases) avec du contexte personnel ; le vrai sujet n'apparaît qu'au milieu ou à la fin	seo	1
seo	Hello, je suis en pleine création de mon site de vente de plantes rares et j'ai besoin de conseils précis. Je ne sais pas du tout comment structurer mes balises ou gérer mes maillages internes pour plaire aux algorithmes. J'aimerais que vous vous occupiez de l'optimisation pour les moteurs de recherche pour que je puisse me concentrer sur la logistique.	des messages longs (3 à 5 phrases) avec du contexte personnel ; le vrai sujet n'apparaît qu'au milieu ou à la fin	seo	1
seo	Nous avons constaté une chute brutale de notre trafic organique sur notre site de location de matériel de sport après la dernière mise à jour de notre plateforme. Le contenu est toujours là, mais nous ne remontons plus du tout sur nos mots-clés principaux. Nous aurons besoin d'une analyse approfondie de notre positionnement SEO.	des messages longs (3 à 5 phrases) avec du contexte personnel ; le vrai sujet n'apparaît qu'au milieu ou à la fin	seo	1
seo	Bonjour, notre agence immobilière à Marseille souhaite digitaliser davantage son offre de biens de prestige. Nous avons un superbe catalogue, mais nous manquons cruellement de visibilité organique sur les recherches locales. Est-il possible de mettre en place un plan d'action pour améliorer notre classement dans les résultats de recherche ?	des messages longs (3 à 5 phrases) avec du contexte personnel ; le vrai sujet n'apparaît qu'au milieu ou à la fin	seo	1
seo	slt, on a un gros souci de trafic sur le site de la boutique bio, on remonte jamais sur google quand on tape des mots clés comme 'panier oseille'... faut qu'on voie ça	un style SMS ou messagerie instantanée : familier, abréviations, fautes d'orthographe, peu de ponctuation	seo	1
seo	hey, tu peux regarder pourquoi nos pages produits sont pas indexées ? on voit plus rien sur les requêtes de recherche	un style SMS ou messagerie instantanée : familier, abréviations, fautes d'orthographe, peu de ponctuation	seo	1
seo	bon j'ai checké les stats et on est grave en page 4 sur les recherches locales à Lyon, on peut faire quoi pour remonter en top 3 ?	un style SMS ou messagerie instantanée : familier, abréviations, fautes d'orthographe, peu de ponctuation	seo	1
seo	vrmt nul notre positionnement sur le mot 'cosmetique naturel' on est enterrés... faut une stratégie de contenu pour le seo	un style SMS ou messagerie instantanée : familier, abréviations, fautes d'orthographe, peu de ponctuation	seo	1
seo	hello, on aimerait optimiser la structure du blog pour avoir plus de visites organiques, tu geres ça ?	un style SMS ou messagerie instantanée : familier, abréviations, fautes d'orthographe, peu de ponctuation	seo	1
seo	est ce que tu peux auditer le netlinking de notre site ? on a besoin de plus de backlinks de qualite pour booster la visibilité	un style SMS ou messagerie instantanée : familier, abréviations, fautes d'orthographe, peu de ponctuation	seo	1
seo	on a trop peu de visites naturelles en ce moment... les gens nous trouvent jamais sur le moteur de recherche	un style SMS ou messagerie instantanée : familier, abréviations, fautes d'orthographe, peu de ponctuation	seo	1
seo	salut, t'as un plan pour optimiser les balises meta et les titres ? on veut vraiment que le site soit premier sur les recherches de chaussures cuir	un style SMS ou messagerie instantanée : familier, abréviations, fautes d'orthographe, peu de ponctuation	seo	1
seo	péril sur le trafic organique de la plateforme... faut qu'on travaille la sémantique et les mots clés urgemment	un style SMS ou messagerie instantanée : familier, abréviations, fautes d'orthographe, peu de ponctuation	seo	1
seo	on veut passer devant le concurrent sur la recherche google, t'as des idées pour le seo technique ?	un style SMS ou messagerie instantanée : familier, abréviations, fautes d'orthographe, peu de ponctuation	seo	1
seo	Monsieur, je vous contacte car notre site e-commerce de cosmétiques bio perd énormément de trafic organique depuis la dernière mise à jour de l'algorithme Google. Nous aurions besoin d'un audit technique complet pour identifier les erreurs d'indexation et améliorer notre positionnement sur les mots-clés stratégiques. Dans l'attente de votre retour, bien cordialement.	des e-mails formels avec formule d'appel et formule de politesse	seo	1
seo	Madame la Directrice, notre boutique de mobilier de bureau à Lyon souhaite améliorer sa visibilité sur les requêtes locales. Nous avons remarqué que nous n'apparaissons pas dans les premiers résultats de recherche organique. Pourriez-vous nous proposer une stratégie de netlinking et d'optimisation sémantique pour remonter dans les SERP ? Je vous prie d'agréer, Madame, mes salutations distinguées.	des e-mails formels avec formule d'appel et formule de politesse	seo	1
seo	Cher Consultant, nous lançons prochainement une nouvelle application mobile de fitness et nous souhaitons que notre page de destination soit parfaitement optimisée pour le SEO. L'objectif est de capter du trafic naturel qualifié sans dépendre des annonces payantes. Seriez-vous disponible pour en discuter ? Cordialement.	des e-mails formels avec formule d'appel et formule de politesse	seo	1
seo	Bonjour, je travaille pour une startup dans le secteur de la GreenTech. Nous avons un contenu de blog très riche, mais nous constatons un manque de performance sur les moteurs de recherche. Nous avons besoin d'un travail approfondi sur la structure des balises Hn et sur la densité sémantique de nos articles. Bien à vous.	des e-mails formels avec formule d'appel et formule de politesse	seo	1
seo	Monsieur, nous souhaiterions externaliser la gestion de notre stratégie de contenu orientée SEO. Notre site actuel souffre de problèmes de vitesse de chargement et de manque de maillage interne, ce qui nuit à notre classement naturel. Pourriez-vous nous transmettre un devis pour un accompagnement SEO mensuel ? Sincères salutations.	des e-mails formels avec formule d'appel et formule de politesse	seo	1
seo	Madame, l'agence spécialisée dans l'immobilier de luxe avec laquelle nous collaborons ne nous apporte pas assez de visibilité organique sur les recherches de biens de prestige. Nous avons besoin de renforcer notre autorité de domaine et de travailler sur la recherche de mots-clettes de longue traîne. Dans l'attente de vous lire, respectueusement.	des e-mails formels avec formule d'appel et formule de politesse	seo	1
seo	Cher Monsieur, suite à l'audit interne de notre site web, il apparaît que notre optimisation on-page est obsolète. Nous souhaitons une intervention pour améliorer notre présence organique sur Google France, notamment sur les thématiques liées à la rénovation énergétique. Je vous remercie par avance de votre réponse. Cordialement.	des e-mails formels avec formule d'appel et formule de politesse	seo	1
seo	Madame, notre entreprise de distribution de produits alimentaires souhaite une stratégie de contenu optimisée pour le SEO afin de capter davantage de trafic organique via des requêtes informationnelles. Nous avons besoin d'une analyse de la difficulté des mots-clés pour notre nouveau catalogue. Bien cordialement.	des e-mails formels avec formule d'appel et formule de politesse	seo	1
seo	Bonjour, nous rencontrons des difficultés pour faire remonter notre site de services de conciergerie dans les premiers résultats organiques. Le trafic provenant des moteurs de recherche est en baisse constante. Nous aurions besoin d'une stratégie de recherche de backlinks de haute qualité. Je vous prie d'agréer mes salutations distinguées.	des e-mails formels avec formule d'appel et formule de politesse	seo	1
seo	Monsieur, nous avons besoin d'un expert pour auditer la santé technique de notre plateforme SaaS. Le problème majeur réside dans la visibilité de nos pages de documentation sur les moteurs de recherche. Un travail sur le crawl et l'indexation est indispensable pour notre croissance organique. Dans l'attente de votre proposition, bien cordialement.	des e-mails formels avec formule d'appel et formule de politesse	seo	1
seo	Bonjour, nous avons lancé notre boutique de cosmétiques bio à Lyon et nous constatons que notre site n'apparaît jamais lorsqu'on tape des requêtes liées aux produits naturels. Pourriez-vous nous aider à remonter dans les résultats de recherche ?	des formulations indirectes : le sujet se devine sans reprendre les mots-clés de la description de la catégorie	seo	1
seo	Je gère un blog de voyage et je suis frustré de voir que mes articles sur l'Asie sont enterrés en page 4 de Google. J'ai besoin d'une stratégie pour que mes contenus soient trouvés plus facilement par les internautes.	des formulations indirectes : le sujet se devine sans reprendre les mots-clés de la description de la catégorie	seo	1
seo	Notre plateforme de réservation de services à domicile est invisible sur les requêtes locales. Nous aimerions que notre établissement soit le premier choix quand quelqu'un cherche un prestataire dans le département 33.	des formulations indirectes : le sujet se devine sans reprendre les mots-clés de la description de la catégorie	seo	1
seo	Nous vendons des pièces détachées pour vélos électriques et nous aimerions que notre catalogue soit bien positionné sur les termes de recherche liés à l'entretien de batteries. Est-ce possible de travailler sur la structure de nos fiches produits ?	des formulations indirectes : le sujet se devine sans reprendre les mots-clés de la description de la catégorie	seo	1
seo	Je cherche un expert capable d'optimiser la sémantique de nos pages de destination. Actuellement, nous ne captons aucun visiteur qualifié via les moteurs de recherche malgré la qualité de nos textes.	des formulations indirectes : le sujet se devine sans reprendre les mots-clés de la description de la catégorie	seo	1
seo	Notre entreprise de BTP souhaite attirer plus de prospects via des recherches intentionnelles sur le web. Nous avons besoin d'une présence accrue sur les requêtes liées à la rénovation énergétique.	des formulations indirectes : le sujet se devine sans reprendre les mots-clés de la description de la catégorie	seo	1
seo	Bonjour, j'ai remarqué que mes concurrents directs occupent toute la première page sur les mots-clés que nous ciblons. Comment pouvons-nous améliorer notre autorité sur ces thématiques précises ?	des formulations indirectes : le sujet se devine sans reprendre les mots-clés de la description de la catégorie	seo	1
seo	Nous venons de créer un outil SaaS de gestion de projet et nous avons besoin d'une stratégie de contenu pour que nos articles de blog attirent des utilisateurs via les recherches organiques.	des formulations indirectes : le sujet se devine sans reprendre les mots-clés de la description de la catégorie	seo	1
seo	L'essentiel de nos visites provient de bouche-à-oreille, mais nous voulons que notre site soit la destination naturelle de ceux qui cherchent nos services en ligne sans passer par une recherche directe.	des formulations indirectes : le sujet se devine sans reprendre les mots-clés de la description de la catégorie	seo	1
ads	Quel budget mensuel prévoyez-vous pour nos futures campagnes Google Ads ?	des messages courts et directs (une phrase), niveau de langue courant	ads	1
ads	Nous aimerions booster nos ventes sur notre nouvelle gamme de montres avec du SEA.	des messages courts et directs (une phrase), niveau de langue courant	ads	1
ads	Pouvez-vous optimiser notre coût par clic sur les annonces Display ?	des messages courts et directs (une phrase), niveau de langue courant	ads	1
ads	Je souhaite allouer 2000 euros par mois à la publicité payante pour notre application mobile.	des messages courts et directs (une phrase), niveau de langue courant	ads	1
ads	Est-ce que vous gérez aussi l'achat d'espace publicitaire sur les sites partenaires ?	des messages courts et directs (une phrase), niveau de langue courant	ads	1
ads	Il faut absolument augmenter notre enchère sur les mots-clés stratégiques pour les retombées immédiates.	des messages courts et directs (une phrase), niveau de langue courant	ads	1
ads	Nos campagnes de search ne sont pas assez rentables actuellement avec ce coût par acquisition.	des messages courts et directs (une phrase), niveau de langue courant	ads	1
ads	Nous avons besoin d'un audit de nos dépenses publicitaires sur les régies Ads.	des messages courts et directs (une phrase), niveau de langue courant	ads	1
ads	Est-il possible de tester un nouveau budget sur une campagne de retargeting ce mois-ci ?	des messages courts et directs (une phrase), niveau de langue courant	ads	1
ads	Je veux lancer des annonces sponsorisées pour promouvoir notre événement à Lyon.	des messages courts et directs (une phrase), niveau de langue courant	ads	1
ads	Bonjour l'équipe, je travaille actuellement sur le lancement de notre nouvelle gamme de cosmétiques bio à Lyon. Nous avons déjà une petite base de clients, mais nous aimerions booster nos ventes rapidement. Est-ce que vous pourriez nous proposer une stratégie de gestion de campagnes Google Ads pour attirer du trafic qualifié ? Nous avons un budget mensuel de 2000 euros à allouer spécifiquement à l'achat d'espace.	des messages longs (3 à 5 phrases) avec du contexte personnel ; le vrai sujet n'apparaît qu'au milieu ou à la fin	ads	1
ads	Salut Marc, j'espère que tu vas bien depuis notre dernière rencontre au salon de l'entrepreneuriat. Ma boutique de décoration d'intérieur connaît une croissance constante, mais je stagne un peu sur les revenus mensuels. Je pense qu'il est temps d'investir massivement dans la publicité payante sur le réseau Display pour toucher de nouveaux segments. Quel serait votre avis sur l'optimisation de notre budget publicitaire pour ce projet ?	des messages longs (3 à 5 phrases) avec du contexte personnel ; le vrai sujet n'apparaît qu'au milieu ou à la fin	ads	1
ads	Bonjour, je suis en train de restructurer le département vente de ma startup spécialisée dans la FoodTech à Bordeaux. Nous avons beaucoup de demandes entrantes, mais nous manquons de visibilité directe auprès des décideurs. Nous aimerions savoir si vous gérez le paramétrage et le suivi des campagnes sponsorisées sur les moteurs de recherche. Notre objectif est de rentabiliser chaque euro investi dans l'acquisition payante.	des messages longs (3 à 5 phrases) avec du contexte personnel ; le vrai sujet n'apparaît qu'au milieu ou à la fin	ads	1
ads	Chère équipe, nous venons de terminer le développement de notre application de fitness et nous cherchons à acquérir nos 5000 premiers utilisateurs. Le produit est prêt et les tests sont concluants, mais nous n'avons aucune présence immédiate sur le marché. Nous souhaiterions déléguer la gestion de nos enchères et du coût par acquisition sur les plateformes de régie publicitaire. Quel budget préconisez-vous pour un lancement agressif ?	des messages longs (3 à 5 phrases) avec du contexte personnel ; le vrai sujet n'apparaît qu'au milieu ou à la fin	ads	1
ads	Bonjour, je gère une petite entreprise de menuiserie artisanale dans le sud de la France et je cherche à moderniser mes approches commerciales. Le bouche-à-oreille fonctionne bien, mais j'aimerais une présence plus proactive sur le web. Serait-il possible de mettre en place des publicités payantes ciblées sur des mots-clés transactionnels ? Je voudrais savoir comment piloter mon budget publicitaire pour ne pas dépasser mes marges.	des messages longs (3 à 5 phrases) avec du contexte personnel ; le vrai sujet n'apparaît qu'au milieu ou à la fin	ads	1
ads	Hello, je suis en pleine phase de scale-up pour ma plateforme de services de livraison à domicile. La logistique est maintenant parfaitement maîtrisée, mais le flux de commandes reste trop dépendant de l'organique. Nous avons besoin d'un expert pour piloter des campagnes sponsorisées afin de saturer notre zone de chalandise. Nous sommes prêts à augmenter notre investissement publicitaire si le ROI est prouvé.	des messages longs (3 à 5 phrases) avec du contexte personnel ; le vrai sujet n'apparaît qu'au milieu ou à la fin	ads	1
ads	Bonjour, je vous contacte car nous lançons un nouveau logiciel SaaS de gestion de projet pour les freelances le mois prochain. La plateforme est intuitive et très complète, mais nous avons besoin d'un coup de pouce pour la visibilité immédiate. Nous cherch'ons quelqu'un pour gérer nos budgets de publicité payante en ligne sur les réseaux de recherche. L'idée est de générer des inscriptions via des annonces textuelles percutantes.	des messages longs (3 à 5 phrases) avec du contexte personnel ; le vrai sujet n'apparaît qu'au milieu ou à la fin	ads	1
ads	Madame, Monsieur, je suis propriétaire d'une chaîne de cafés spécialisés dans le café de spécialité à Nantes. Nos boutiques sont très fréquentées, mais nous voulons attirer une clientèle de passage plus large durant la semaine. Nous envisageons de consacrer une partie de notre chiffre d'affaires à la publicité sponsorisée pour promouvoir nos offres flash. Pourriez-vous nous aider à optimiser nos campagnes payantes ?	des messages longs (3 à 5 phrases) avec du contexte personnel ; le vrai sujet n'apparaît qu'au milieu ou à la fin	ads	1
ads	Salut, je travaille actuellement sur la refonte de mon catalogue de produits pour ma marque de prêt-à-porter écoresponsable. Le catalogue est magnifique et les stocks sont prêts à être expédiés depuis notre entrepôt. Pour accompagner ce déploiement, j'aimerais investir dans la publicité payante pour générer un pic de ventes immédiat. Est-ce que vous proposez des services de gestion de budget publicitaire avec un suivi quotidien des performances ?	des messages longs (3 à 5 phrases) avec du contexte personnel ; le vrai sujet n'apparaît qu'au milieu ou à la fin	ads	1
ads	Bonjour, je suis consultant en organisation et je souhaite lancer une nouvelle offre de coaching pour les dirigeants de PME. Mon expertise est reconnue, mais j'ai du mal à toucher les bonnes personnes au bon moment. Je pense que la mise en place de campagnes de publicité payante sur le web serait la solution idéale. Quel serait le coût de gestion pour superviser nos futurs investissements en achat d'espace ?	des messages longs (3 à 5 phrases) avec du contexte personnel ; le vrai sujet n'apparaît qu'au milieu ou à la fin	ads	1
ads	Salut, j'ai vu vos résultats sur Google Ads, on peut s'appeler pr parler de mon budget mensuel ? Je veux booster les ventes de ma gamme de cosmétiques	un style SMS ou messagerie instantanée : familier, abréviations, fautes d'orthographe, peu de ponctuation	ads	1
ads	Hello, vous faites aussi du Bing Ads ? J'ai un petit budget de 500€ pour tester la pub sur les mots clés pharma	un style SMS ou messagerie instantanée : familier, abréviations, fautes d'orthographe, peu de ponctuation	ads	1
ads	Slt, j'aimerais augmenter mon enchère sur les campagnes sponsorisées pour le produit X, ça vous semble faisable avec le budget actuel ?	un style SMS ou messagerie instantanée : familier, abréviations, fautes d'orthographe, peu de ponctuation	ads	1
ads	on peut augmenter le budget ads pour la promo d'ete ? je veux plus de clics sur les annonces display	un style SMS ou messagerie instantanée : familier, abréviations, fautes d'orthographe, peu de ponctuation	ads	1
ads	Hello l'équipe, estce que vous pouvez regarder le coût par acquisition sur mes campagnes payantes ? ca commence a chreir un peu la	un style SMS ou messagerie instantanée : familier, abréviations, fautes d'orthographe, peu de ponctuation	ads	1
ads	Hey, j'ai un nouveau projet de retargeting sur les pubs display, on prévoit quel budget environ pour le lancement ?	un style SMS ou messagerie instantanée : familier, abréviations, fautes d'orthographe, peu de ponctuation	ads	1
ads	Slt, j'aimerais savoir si vous gérez aussi le setup des campagnes search payantes... j'ai un gros budget à investir sur le secteur lyon	un style SMS ou messagerie instantanée : familier, abréviations, fautes d'orthographe, peu de ponctuation	ads	1
ads	estce que possible de doubler le budget de la campagne sponsorisée sur la semaine prochaine ? y'a un pic de demande sur les accessoires	un style SMS ou messagerie instantanée : familier, abréviations, fautes d'orthographe, peu de ponctuation	ads	1
ads	Salut, j'ai un problème avec le plafond de dépense sur mes annonces payantes, vous pouvez regarder ca svp ?	un style SMS ou messagerie instantanée : familier, abréviations, fautes d'orthographe, peu de ponctuation	ads	1
ads	Hello, j'ai besoin d'un devis pour une campagne de pub payante sur Google, on part sur 2000€ de budget global	un style SMS ou messagerie instantanée : familier, abréviations, fautes d'orthographe, peu de ponctuation	ads	1
ads	Monsieur, je reviens vers vous concernant le lancement de notre gamme de cosmétiques bio. Nous souhaiterions allouer un budget de 5 000 € par mois pour des campagnes Google Ads afin de booster nos ventes immédiates. Pourriez-vous nous proposer une stratégie d'enchères efficace ? Dans l'attente de votre retour, je vous prie d'agrépar mes salutations distinguées. Marc Lefebvre, CEO de BioÉclat.	des e-mails formels avec formule d'appel et formule de politesse	ads	1
ads	Madame la Consultante, nous avons une enveloppe de 12 000 € disponible pour le trimestre prochain dédiée exclusivement au SEA. Nous aimerions concentrer nos efforts sur l'achat de mots-clés transactionnels pour notre nouveau logiciel SaaS. Je reste disponible pour en discuter. Cordialement, Sophie Durand.	des e-mails formels avec formule d'appel et formule de politesse	ads	1
ads	Cher Monsieur, notre entreprise souhaite intensifier sa présence via le reciblage publicitaire (retargeting). Quel serait selon vous le coût par acquisition cible pour notre nouvelle application mobile ? Nous comptons investir environ 3 000 € dès le mois prochain. Bien à vous, Julien Morel.	des e-mails formels avec formule d'appel et formule de politesse	ads	1
ads	Monsieur, suite à notre échange, nous validons une augmentation de 20 % de notre budget publicitaire mensuel sur les régies Display. L'objectif est de maximiser le nombre de clics vers notre page de vente. Merci de nous transmettre un plan de diffusion mis à jour. Sincères salutations, Lucie Bernard.	des e-mails formels avec formule d'appel et formule de politesse	ads	1
ads	Madame, nous rencontrons des difficultés avec le coût par clic (CPC) sur nos annonces actuelles. Pourriez-vous auditer nos campagnes sponsorisées pour optimiser notre retour sur investissement publicitaire ? Nous disposons d'un budget de 8 500 € à répartir. Je vous prie d'agréer l'expression de mes sentiments distingués. Thomas Petit.	des e-mails formels avec formule d'appel et formule de politesse	ads	1
ads	Monsieur, je vous contacte pour définir le paramétrage de nos futures campagnes Search. Nous souhaitons cibler uniquement la région Île-de-France avec un plafond de dépenses journalier de 150 €. Merci de nous proposer une structure de campagne adaptée. Cordialement, Claire Vallet.	des e-mails formels avec formule d'appel et formule de politesse	ads	1
ads	Cher partenaire, nous lançons notre nouvelle collection de chaussures de sport et nous avons besoin de mettre en place des annonces textuelles percutantes sur les moteurs de recherche. Quel budget minimum préconisez-vous pour garantir une visibilité suffisante sur les termes de recherche prioritaires ? Dans l'attente de votre proposition, bien cordialement, Antoine Roux.	des e-mails formels avec formule d'appel et formule de politesse	ads	1
ads	Madame, notre direction a débloqué une subvention de 25 000 € dédiée au marketing payant pour l'année 2024. Nous souhaitons explorer de nouveaux leviers d'achat d'espace publicitaire en ligne. Pourriez-vous nous présenter un projet de gestion de campagne ? Respectueusement, Émilie Fontaine.	des e-mails formels avec formule d'appel et formule de politesse	ads	1
ads	Monsieur, nous avons remarqué une baisse de notre taux de conversion sur nos publicités sponsorisées. Nous aimerions revoir nos stratégies d'enchères et notre gestion du budget quotidien pour stabiliser nos performances. Merci de nous contacter pour un point technique. Sincèrement, Nicolas Girard.	des e-mails formels avec formule d'appel et formule de politesse	ads	1
ads	Madame, dans le cadre de l'expansion de notre boutique en ligne de décoration, nous souhaitons tester la publicité sur les plateformes de recherche avec un budget test de 2 000 €. Nous attendons vos recommandations sur les segments d'audience à cibler via l'achat média. Bien à vous, Camille Bertrand.	des e-mails formels avec formule d'appel et formule de politesse	ads	1
ads	Nous souhaitons booster les ventes de notre nouvelle gamme de cosmétiques bio d'ici le mois prochain. Quel montant devrions-nous prévoir pour générer un flux de clients immédiat sur notre site ?	des formulations indirectes : le sujet se devine sans reprendre les mots-clés de la description de la catégorie	ads	1
ads	Bonjour, notre boutique de prêt-à-porter à Lyon voit ses passages en caisse stagner. Est-il possible de mettre en place un dispositif pour apparaître en tête des résultats de recherche payants sur Google ?	des formulations indirectes : le sujet se devine sans reprendre les mots-clés de la description de la catégorie	ads	1
ads	Pour le lancement de notre application mobile, nous avons une enveloppe de 5000€ à investir sur les plateformes de diffusion. Comment optimiser ce montant pour obtenir le meilleur coût par installation ?	des formulations indirectes : le sujet se devine sans reprendre les mots-clés de la description de la catégorie	ads	1
ads	Je cherche quelqu'un pour gérer nos enchères et optimiser notre retour sur investissement sur les régies publicitaires numériques. Nous avons déjà un historique de données, mais le coût par clic est trop élevé.	des formulations indirectes : le sujet se devine sans reprendre les mots-clés de la description de la catégorie	ads	1
ads	Nous avons remarqué que nos annonces actuelles ne génèrent pas assez de conversions. Pourriez-vous auditer notre stratégie d'acquisition payante et nous proposer un nouveau plan d'investissement ?	des formulations indirectes : le sujet se devine sans reprendre les mots-clés de la description de la catégorie	ads	1
ads	Après avoir testé quelques formats, nous voulons passer à la vitesse supérieure avec un budget plus conséquent pour diffuser des bannières ciblées sur les sites spécialisés du secteur.	des formulations indirectes : le sujet se devine sans reprendre les mots-clés de la description de la catégorie	ads	1
ads	Est-ce que vous proposez une gestion de l'aspect transactionnel de nos campagnes ? Nous voulons être certains que chaque euro injecté dans les annonces textuelles nous rapporte des ventes concrètes.	des formulations indirectes : le sujet se devine sans reprendre les mots-clés de la description de la catégorie	ads	1
ads	L'entreprise 'TechSolutions' souhaite augmenter son volume de leads qualifiés via des placements de contenus sponsorisés. Quel serait votre accompagnement pour piloter ces dépenses mensuelles ?	des formulations indirectes : le sujet se devine sans reprendre les mots-clés de la description de la catégorie	ads	1
ads	Nous avons un besoin urgent de visibilité instantanée pour notre promotion de fin d'année. Nous sommes prêts à allouer une part importante de notre budget à la promotion directe via des plateformes de diffusion.	des formulations indirectes : le sujet se devine sans reprendre les mots-clés de la description de la catégorie	ads	1
ads	Pouvez-vous nous aider à structurer notre stratégie de diffusion payante ? Nous avons du mal à définir le seuil de rentabilité nécessaire pour que nos annonces restent profitables.	des formulations indirectes : le sujet se devine sans reprendre les mots-clés de la description de la catégorie	ads	1
social_media	On cherche quelqu'un pour animer notre page Instagram et répondre aux commentaires quotidiennement.	des messages courts et directs (une phrase), niveau de langue courant	social_media	1
social_media	Est-ce que vous proposez un service de gestion de communauté pour notre compte TikTok ?	des messages courts et directs (une phrase), niveau de langue courant	social_media	1
social_media	Je voudrais lancer une campagne avec trois micro-influenceurs mode pour la collection d'été.	des messages courts et directs (une phrase), niveau de langue courant	social_media	1
social_media	Il nous faut un calendrier éditorial pour nos publications Facebook et LinkedIn.	des messages courts et directs (une phrase), niveau de langue courant	social_media	1
social_media	Pouvez-vous gérer l'interaction avec nos abonnés sur Twitter pour notre nouveau logiciel ?	des messages courts et directs (une phrase), niveau de langue courant	social_media	1
social_media	On aurait besoin de Reels dynamiques pour booster notre présence sur les réseaux sociaux.	des messages courts et directs (une phrase), niveau de langue courant	social_media	1
social_media	Je souhaite collaborer avec des créateurs de contenu spécialisés dans la cosmétique bio.	des messages courts et directs (une phrase), niveau de langue courant	social_media	1
social_media	Est-ce possible de déléguer la modération de notre groupe Facebook communautaire ?	des messages courts et directs (une phrase), niveau de langue courant	social_media	1
social_media	On veut augmenter notre nombre d'abonnés sur Instagram avec du contenu organique.	des messages courts et directs (une phrase), niveau de langue courant	social_media	1
social_media	Quel serait votre tarif pour gérer l'influence de nos produits auprès des YouTubeurs tech ?	des messages courts et directs (une phrase), niveau de langue courant	social_media	1
social_media	Je viens de lancer ma boutique de cosmétiques bio à Lyon et je m'occupe de tout toute seule pour l'instant. Je commence à être un peu débordée par les demandes de partenariats qui arrivent sur Instagram. Est-ce que vous proposez un service de gestion de communauté pour répondre aux commentaires et gérer les interactions quotidiennes ?	des messages longs (3 à 5 phrases) avec du contexte personnel ; le vrai sujet n'apparaît qu'au milieu ou à la fin	social_media	1
social_media	Bonjour, nous avons ouvert un nouveau restaurant italien dans le centre de Bordeaux le mois dernier. Notre équipe en cuisine est au top mais nous manquons de présence sur le web pour faire connaître nos spécialités. Nous aurions besoin de quelqu'un pour animer nos pages Facebook et TikTok de manière régulière.	des messages longs (3 à 5 phrases) avec du contexte personnel ; le vrai sujet n'apparaît qu'au milieu ou à la fin	social_media	1
social_media	Après deux ans de freelance dans le design, je souhaite structurer mon activité de consultant. J'ai une petite communauté de passionnés qui me suit, mais je n'ai pas le temps de créer du contenu pertinent chaque jour. Pourriez-vous m'aider à mettre en place une stratégie de présence sur les réseaux sociaux ?	des messages longs (3 à 5 phrases) avec du contexte personnel ; le vrai sujet n'apparaît qu'au milieu ou à la fin	social_media	1
social_media	Nous organisons un grand événement de networking à Nantes pour le mois de juin prochain. L'organisation logistique est presque terminée, mais nous n'avons pas encore de stratégie pour engager les participants en ligne. Nous cherchons un expert capable de gérer la communication sur les réseaux sociaux durant la phase de teasing.	des messages longs (3 à 5 phrases) avec du contexte personnel ; le vrai sujet n'apparaît qu'au milieu ou à la fin	social_media	1
social_media	Ma marque de vêtements écoresponsables grandit plus vite que prévu et je n'arrive plus à suivre le rythme. Je reçois énormément de messages privés de clients potentiels qui demandent des précisions sur nos tissus. Je cherche un prestataire pour prendre le relais sur la gestion de communauté et l'animation de notre compte Instagram.	des messages longs (3 à 5 phrases) avec du contexte personnel ; le vrai sujet n'apparaît qu'au milieu ou à la fin	social_media	1
social_media	Je travaille actuellement sur le lancement d'une application mobile de fitness pour les jeunes actifs. Le développement technique est terminé, mais nous n'avons aucune visibilité auprès de notre cible. Nous aimerions collaborer avec des influenceurs pour faire découvrir l'application via des tests et des démonstrations en vidéo.	des messages longs (3 à 5 phrases) avec du contexte personnel ; le vrai sujet n'apparaît qu'au milieu ou à la fin	social_media	1
social_media	Depuis que nous avons déménagé nos bureaux à Lille, nous avons du mal à maintenir un lien avec notre communauté actuelle. Nos publications sont devenues trop rares et nous perdons en engagement. Serait-il possible de nous accompagner pour relancer l'animation de nos réseaux sociaux de façon professionnelle ?	des messages longs (3 à 5 phrases) avec du contexte personnel ; le vrai sujet n'apparaît qu'au milieu ou à la fin	social_media	1
social_media	Je prépare le lancement d'une nouvelle gamme de compléments alimentaires pour sportifs de haut niveau. Le produit est prêt et les tests sont concluants, mais je ne sais pas comment toucher les bonnes personnes. Nous aurions besoin d'une stratégie basée sur le marketing d'influence pour identifier des ambassadeurs pertinents.	des messages longs (3 à 5 phrases) avec du contexte personnel ; le vrai sujet n'apparaît qu'au milieu ou à la fin	social_media	1
social_media	Notre agence de voyage spécialisée dans l'aventure cherche à dynamiser ses échanges avec ses abonnés. Nous avons un bon nombre de followers, mais personne ne réagit vraiment à nos publications récentes. Nous cherchons un spécialiste de la gestion de communauté pour créer de l'interaction et de la proximité.	des messages longs (3 à 5 phrases) avec du contexte personnel ; le vrai sujet n'apparaît qu'au milieu ou à la fin	social_media	1
social_media	Je gère une petite manufacture de jouets en bois artisanaux dans le Jura. Nous sommes très fiers de notre savoir-faire, mais nous sommes invisibles sur les plateformes sociales les plus populaires. Est-ce que vous pourriez nous aider à trouver des influenceurs 'parentalité' pour présenter nos produits à une audience qualifiée ?	des messages longs (3 à 5 phrases) avec du contexte personnel ; le vrai sujet n'apparaît qu'au milieu ou à la fin	social_media	1
social_media	Salut, on aimerait bien lancer des partenariats avec des micro-influenceurs sur insta pour notre nouvelle gamme de cosmétiques bio, tu gères ça ?	un style SMS ou messagerie instantanée : familier, abréviations, fautes d'orthographe, peu de ponctuation	social_media	1
social_media	Hello ! Est ce que vous faites du community management ? On a trop de commentaires sans réponse sur notre page FB et ca fait pas pro du tout	un style SMS ou messagerie instantanée : familier, abréviations, fautes d'orthographe, peu de ponctuation	social_media	1
social_media	Hey, j'ai vu ton travail sur tiktok, ca claque. On cherche qqun pour animer notre compte et faire des reels réguliers sur notre boutique de sneakers à Lyon	un style SMS ou messagerie instantanée : familier, abréviations, fautes d'orthographe, peu de ponctuation	social_media	1
social_media	Slt, on veut booster notre présence sur pinterest pour notre déco. Tu peux nous aider a creer du contenu et gerer les boards ?	un style SMS ou messagerie instantanée : familier, abréviations, fautes d'orthographe, peu de ponctuation	social_media	1
social_media	Dis moi, tu geres aussi la modération des groupes facebook ? On a pas mal de spam en ce moment sur le groupe de la marque	un style SMS ou messagerie instantanée : familier, abréviations, fautes d'orthographe, peu de ponctuation	social_media	1
social_media	Coucou ! On cherche un coloc pour s'occuper de nos réseaux. Faut savoir faire des stories stylées et repondre aux messages en DM. Dis moi si t'es dispo	un style SMS ou messagerie instantanée : familier, abréviations, fautes d'orthographe, peu de ponctuation	social_media	1
social_media	Salut l'équipe, on voudrait envoyer des produits a des influenceurs lifestyle pour un unboxing. Vous avez des contacts dans le domaine ?	un style SMS ou messagerie instantanée : familier, abréviations, fautes d'orthographe, peu de ponctuation	social_media	1
social_media	Hello, on a besoin de quelquun pour poster des reels et des shorts tous les jours sur notre compte resto, genre hyper dynamique. T'es chaud ?	un style SMS ou messagerie instantanée : familier, abréviations, fautes d'orthographe, peu de ponctuation	social_media	1
social_media	Slt, on galere trop sur instagram avec les algos... on cherche un expert pour nous aider a animer la commu et avoir plus d'engagement sur les posts	un style SMS ou messagerie instantanée : familier, abréviations, fautes d'orthographe, peu de ponctuation	social_media	1
social_media	Hey, est ce que tu peux nous trouver 5 influenceurs mode pour une collab le mois prochain ? Budget pas trop gros mais on veut du reach	un style SMS ou messagerie instantanée : familier, abréviations, fautes d'orthographe, peu de ponctuation	social_media	1
social_media	Madame, Monsieur, Nous venons de lancer notre nouvelle gamme de cosmétiques bio et nous souhaiterions déléguer la gestion de nos comptes Instagram et TikTok à votre agence. Nous avons besoin d'une présence régulière avec des publications quotidiennes et une interaction active avec nos abonnés. Dans l'attente de votre retour, bien cordialement, Marc Lefebvre, Fondatrice de BioÉclat.	des e-mails formels avec formule d'appel et formule de politesse	social_media	1
social_media	Cher Monsieur, Dans le cadre du développement de notre marque de prêt-à-porter, nous recherchons un expert en marketing d'influence pour orchestrer une campagne avec des micro-influenceurs mode cet automne. Pourriez-vous nous proposer une stratégie de sélection et de gestion des partenariats ? Je vous prie d'agréer, Monsieur, l'expression de mes salutations distinguées. Sophie Durand, Responsable Marketing.	des e-mails formels avec formule d'appel et formule de politesse	social_media	1
social_media	Bonjour, Je vous contacte pour solliciter vos services concernant le community management de notre page Facebook. Notre communauté est très active mais nous manquons de temps pour modérer les commentaires et répondre aux messages privés de manière professionnelle. Serait-il possible d'organiser un appel pour en discuter ? Cordialement, Jean-Pierre Morel, Directeur de l'Hôtel Azure.	des e-mails formels avec formule d'appel et formule de politesse	social_media	1
social_media	Madame, Je souhaiterais obtenir un devis pour la création et l'animation de notre compte LinkedIn. Nous voulons renforcer notre présence auprès des décideurs du secteur industriel et engager la conversation avec les leaders d'opinion du domaine. Je reste à votre disposition pour toute information complémentaire. Sincères salutations, Clara Valmont, DRH chez TechIndustrie.	des e-mails formels avec formule d'appel et formule de politesse	social_media	1
social_media	Monsieur, Notre restaurant gastronomique souhaite dynamiser sa présence sur les réseaux sociaux, notamment via la production de Reels et de Stories attractives mettant en avant nos plats. Nous avons besoin d'un calendrier éditorial mensuel et d'une gestion de l'engagement. Dans l'attente de votre proposition, je vous prie d'agréer mes salutations respectueuses. Antoine Legrand, Gérant du Bistro Lumière.	des e-mails formels avec formule d'appel et formule de politesse	social_media	1
social_media	Chère équipe, Nous avons besoin d'un renfort urgent pour gérer les crises de commentaires négatifs sur notre compte Twitter suite à notre récent lancement de produit. Nous recherchons un profil capable de gérer la modération et de maintenir une image positive auprès de notre communauté. Bien à vous, Lucie Bernard, Responsable Communication.	des e-mails formels avec formule d'appel et formule de politesse	social_media	1
social_media	Monsieur le Consultant, Nous aimerions collaborer avec vous pour identifier et contacter des influenceurs spécialisés dans le domaine du gaming pour la promotion de notre nouveau jeu mobile. L'objectif est d'établir des relations durables avec des créateurs de contenu sur Twitch et YouTube. Je vous remercie par avance de votre réponse. Cordialement, Thomas Petit, Product Manager.	des e-mails formels avec formule d'appel et formule de politesse	social_media	1
social_media	Madame, Dans le cadre de notre expansion à Lyon, nous souhaitons animer une communauté locale sur Instagram pour faire connaître notre nouvelle boutique de décoration. Nous avons besoin d'une stratégie de contenu centrée sur l'interaction locale et le repartage de contenus utilisateurs. Je vous prie d'agréer mes salutations distinguées. Élodie Roux, Propriétaire de DécoDesign.	des e-mails formels avec formule d'appel et formule de politesse	social_media	1
social_media	Bonjour, Nous cherchons un prestataire pour prendre en charge l'intégralité de notre stratégie social media. Cela inclut la veille, la création de visuels adaptés aux formats réseaux sociaux et la gestion du calendrier de publication sur Pinterest et Instagram. Pourriez-vous nous transmettre vos références ? Bien cordialement, Nicolas Girard, Directeur Marketing.	des e-mails formels avec formule d'appel et formule de politesse	social_media	1
social_media	Monsieur, Nous souhaiterions mettre en place un programme d'ambassadeurs pour notre marque de compléments alimentaires. L'idée est de sélectionner des influenceurs fitness pour qu'ils deviennent les visages de notre communauté sur les réseaux sociaux. Nous attendons votre proposition de méthodologie. Sincèrement, Camille Laurent, Fondatrice de FitVital.	des e-mails formels avec formule d'appel et formule de politesse	social_media	1
social_media	Bonjour, nous venons de lancer notre gamme de soins bio et nous aimerions que plus de personnes parlent de nous sur Instagram. Est-ce que vous pourriez nous aider à trouver des profils qui partagent nos valeurs pour faire des collaborations ?	des formulations indirectes : le sujet se devine sans reprendre les mots-clés de la description de la catégorie	social_media	1
social_media	Hello l'équipe, j'ai remarqué que l'engagement sur notre compte TikTok s'essouffle un peu. On a besoin de quelqu'un pour animer la discussion sous nos publications et répondre aux commentaires chaque jour.	des formulations indirectes : le sujet se devine sans reprendre les mots-clés de la description de la catégorie	social_media	1
social_media	On cherche un prestataire pour gérer notre présence sur LinkedIn et Facebook. L'idée est de créer du contenu régulier qui suscite des réactions et de maintenir une interaction constante avec notre audience actuelle.	des formulations indirectes : le sujet se devine sans reprendre les mots-clés de la description de la catégorie	social_media	1
social_media	Bonjour, je gère une petite boutique de prêt-à-porter à Lyon. J'aimerais déléguer la création de Reels et de stories pour que ma vitrine numérique soit plus vivante et attire de nouveaux abonnés.	des formulations indirectes : le sujet se devine sans reprendre les mots-clés de la description de la catégorie	social_media	1
social_media	Est-ce que vous proposez des services pour identifier des créateurs de contenu spécialisés dans la tech ? On aimerait leur envoyer nos nouveaux gadgets pour qu'ils en fassent une démonstration dans leurs vidéos.	des formulations indirectes : le sujet se devine sans reprendre les mots-clés de la description de la catégorie	social_media	1
social_media	Nous avons une communauté de passionnés de jardinage, mais nous avons du mal à maintenir la conversation sur les différents groupes. On aurait besoin de quelqu'un pour modérer et lancer des débats stimulants.	des formulations indirectes : le sujet se devine sans reprendre les mots-clés de la description de la catégorie	social_media	1
social_media	Salut, on cherche à booster notre présence sur Pinterest pour nos tutoriels déco. Il nous faudrait un calendrier de publications très visuel pour inciter les gens à enregistrer nos épingles.	des formulations indirectes : le sujet se devine sans reprendre les mots-clés de la description de la catégorie	social_media	1
social_media	Dans le cadre de notre expansion, on souhaite déléguer l'animation de nos différents canaux de discussion. Il faut que l'on puisse répondre rapidement aux messages privés et créer un lien de proximité avec ceux qui nous suivent.	des formulations indirectes : le sujet se devine sans reprendre les mots-clés de la description de la catégorie	social_media	1
social_media	Bonjour, notre marque de cosmétiques veut collaborer avec des micro-influenceurs pour le lancement de notre crème de nuit. Pouvez-vous nous accompagner sur la sélection des partenaires et le suivi de leurs publications ?	des formulations indirectes : le sujet se devine sans reprendre les mots-clés de la description de la catégorie	social_media	1
social_media	On aimerait que notre page Facebook devienne un véritable lieu d'échange pour nos clients fidèles. On a besoin de quelqu'un qui sache poser les bonnes questions et gérer les retours de la communauté de manière naturelle.	des formulations indirectes : le sujet se devine sans reprendre les mots-clés de la description de la catégorie	social_media	1
emailing	Je souhaiterais automatiser l'envoi de nos messages de bienvenue pour notre nouvelle application mobile.	des messages courts et directs (une phrase), niveau de langue courant	emailing	1
emailing	Pouvez-vous nous aider à restructurer notre newsletter mensuelle pour augmenter notre taux de clic ?	des messages courts et directs (une phrase), niveau de langue courant	emailing	1
emailing	Nous avons besoin d'un scénario de relance automatique pour nos paniers abandonnés sur la boutique Shopify.	des messages courts et directs (une phrase), niveau de langue courant	emailing	1
emailing	J'aimerais mettre en place une séquence d'emails pédagogiques pour le lancement de notre logiciel SaaS.	des messages courts et directs (une phrase), niveau de langue courant	emailing	1
emailing	Est-il possible de segmenter notre base de données clients pour envoyer des offres spécifiques par région ?	des messages courts et directs (une phrase), niveau de langue courant	emailing	1
emailing	Nous voulons créer un programme de fidélité basé sur des emails périodiques envoyés à nos membres.	des messages courts et directs (une phrase), niveau de langue courant	emailing	1
emailing	Il nous faudrait un audit de notre stratégie d'email marketing actuel pour booster nos ventes.	des messages courts et directs (une phrase), niveau de langue courant	emailing	1
emailing	Je cherche un expert pour paramétrer des workflows automatisés après chaque téléchargement de livre blanc.	des messages courts et directs (une phrase), niveau de langue courant	emailing	1
emailing	Pourriez-vous gérer l'envoi de notre campagne de promotion pour les soldes d'été via notre outil de mailing ?	des messages courts et directs (une phrase), niveau de langue courant	emailing	1
emailing	Nous voulons intégrer un système de notifications par email suite à chaque nouvelle inscription sur notre plateforme.	des messages courts et directs (une phrase), niveau de langue courant	emailing	1
emailing	Bonjour l'équipe, nous venons de lancer notre nouvelle gamme de compléments alimentaires bio et les premiers retours sont très encourageants. Cependant, je remarque que nos clients actuels ne sont pas assez informés de ces nouveautés. Est-ce qu'on pourrait mettre en place une séquence d'emails automatisée pour présenter chaque produit à nos abonnés sur trois semaines ?	des messages longs (3 à 5 phrases) avec du contexte personnel ; le vrai sujet n'apparaît qu'au milieu ou à la fin	emailing	1
emailing	Salut Marc, j'espère que tu vas bien depuis notre rencontre à Lyon. On a un gros volume de leads qui rentre via notre formulaire de contact, mais on les perd faute de suivi. J'aimerais que tu nous aides à structurer une newsletter mensuelle et des workflows de nurturing pour garder le contact avec eux.	des messages longs (3 à 5 phrases) avec du contexte personnel ; le vrai sujet n'apparaît qu'au milieu ou à la fin	emailing	1
emailing	Bonjour, je vous contacte car notre boutique en ligne de décoration d'intérieur manque cruellement de réactivité. On a une base de données de 5000 contacts qui n'a pas reçu de message depuis plus de six mois. Serait-il possible de créer un calendrier d'envois réguliers pour booster nos ventes de fin d'année ?	des messages longs (3 à 5 phrases) avec du contexte personnel ; le vrai sujet n'apparaît qu'au milieu ou à la fin	emailing	1
emailing	Cher consultant, nous avons récemment migré notre CRM vers HubSpot pour mieux gérer notre croissance. Maintenant que la technique est en place, nous avons besoin d'un expert pour configurer des scénarios de relance automatique après un abandon de panier. Le but est de maximiser notre taux de conversion sans intervention manuelle.	des messages longs (3 à 5 phrases) avec du contexte personnel ; le vrai sujet n'apparaît qu'au milieu ou à la fin	emailing	1
emailing	Hello, j'ai bien reçu votre devis pour la refonte du site, mais je voudrais ajouter une brique supplémentaire. On a vraiment besoin d'un système de segmentation pour envoyer des offres spécifiques selon l'historique d'achat de nos clients. Est-ce que vous proposez une prestation sur l'automatisation du marketing relationnel ?	des messages longs (3 à 5 phrases) avec du contexte personnel ; le vrai sujet n'apparaît qu'au milieu ou à la fin	emailing	1
emailing	Bonjour à tous, notre startup dans la FoodTech est en pleine phase de scaling et on ne peut plus gérer nos clients un par un. On aimerait automatiser l'envoi de nos conseils hebdomadaires via une newsletter bien structurée. On a besoin de quelqu'un pour gérer le design et le copywriting de ces campagnes périodiques.	des messages longs (3 à 5 phrases) avec du contexte personnel ; le vrai sujet n'apparaît qu'au milieu ou à la fin	emailing	1
emailing	Bonjour, suite à notre dernier appel, je vous confirme que nous voulons avancer sur la partie retention. On a une base de clients fidèles mais on n'a aucun canal direct pour communiquer avec eux en dehors des réseaux sociaux. Est-ce que vous pouvez nous proposer une stratégie d'emailing segmentée pour nos clients VIP ?	des messages longs (3 à 5 phrases) avec du contexte personnel ; le vrai sujet n'apparaît qu'au milieu ou à la fin	emailing	1
emailing	Salut, je travaille actuellement sur le lancement de notre application mobile de fitness. On a déjà les utilisateurs, mais le taux de rétention est faible car ils oublient l'app après deux jours. On aurait besoin de mettre en place des notifications push et des emails de rappel automatisés pour les motiver à revenir.	des messages longs (3 à 5 phrases) avec du contexte personnel ; le vrai sujet n'apparaît qu'au milieu ou à la fin	emailing	1
emailing	Bonjour, nous rencontrons des difficultés pour transformer nos prospects en clients réels sur notre plateforme SaaS. On a beaucoup de téléchargements de livres blancs, mais aucun suivi ne suit après le premier contact. Je souhaiterais que vous créiez une série d'emails de bienvenue et de suivi pour nourrir ces prospects.	des messages longs (3 à 5 phrases) avec du contexte personnel ; le vrai sujet n'apparaît qu'au milieu ou à la fin	emailing	1
emailing	Hello, notre agence de voyage organise un grand événement à Bordeaux le mois prochain. On a besoin de communiquer massivement auprès de notre liste de diffusion pour annoncer les inscriptions. Est-ce que vous pourriez gérer la création et l'envoi de plusieurs newsletters de teasing jusqu'au jour J ?	des messages longs (3 à 5 phrases) avec du contexte personnel ; le vrai sujet n'apparaît qu'au milieu ou à la fin	emailing	1
emailing	salut, on aimerait bien relancer notre base de clients avec une petite newsletter mensuelle. vous faites quoi comme tarif pour la mise en page et l'envoi ?	un style SMS ou messagerie instantanée : familier, abréviations, fautes d'orthographe, peu de ponctuation	emailing	1
emailing	hey, j'ai une liste de 5000 contacts qui dort. est-ce que vous pouvez m'aider à mettre en place un workflow de bienvenue automatique ? j'en ai marre de tout faire a la main	un style SMS ou messagerie instantanée : familier, abréviations, fautes d'orthographe, peu de ponctuation	emailing	1
emailing	dis moi, possible de créer une séquence d'emails pour notre nouveau produit BioZen ? on veut du follow-up automatique après l'achat	un style SMS ou messagerie instantanée : familier, abréviations, fautes d'orthographe, peu de ponctuation	emailing	1
emailing	slt, on veut tester le marketing automation pour notre boutique de fleurs. faut quoi comme outils pour envoyer des relances de paniers abandonnés ?	un style SMS ou messagerie instantanée : familier, abréviations, fautes d'orthographe, peu de ponctuation	emailing	1
emailing	besoin d'un coup de main pour ma newsletter... elle est trop vide en ce moment. il faut qu'on booste le taux d'ouverture	un style SMS ou messagerie instantanée : familier, abréviations, fautes d'orthographe, peu de ponctuation	emailing	1
emailing	coucou, est-ce que vous gérez aussi le nettoyage de base de données email ? j'ai trop de bounces sur mes dernières campagnes	un style SMS ou messagerie instantanée : familier, abréviations, fautes d'orthographe, peu de ponctuation	emailing	1
emailing	on a besoin de scripter des automatisations sur mailchimp pour le lancement de juin. vous seriez dispo pour un call ?	un style SMS ou messagerie instantanée : familier, abréviations, fautes d'orthographe, peu de ponctuation	emailing	1
emailing	hello, on veut lancer une campagne d'emailing pour les soldes d'été. vous pouvez gérer l'envoi massif et le tracking ?	un style SMS ou messagerie instantanée : familier, abréviations, fautes d'orthographe, peu de ponctuation	emailing	1
emailing	j'ai trop de mails qui partent en spam avec mes relances... faut trop qu'on regarde la config de notre outil d'automation	un style SMS ou messagerie instantanée : familier, abréviations, fautes d'orthographe, peu de ponctuation	emailing	1
emailing	salut l'équipe, on voudrait automatiser l'envoi d'un coupon de promo 10% 2 jours apres l'inscription à la newsletter. c'est faisable ?	un style SMS ou messagerie instantanée : familier, abréviations, fautes d'orthographe, peu de ponctuation	emailing	1
emailing	Monsieur, je vous contacte car nous souhaitons relancer notre base de données clients pour notre nouvelle gamme de cosmétiques bio. Nous aimerions mettre en place une séquence d'emails automatisée pour accompagner le parcours d'achat. Dans l'attente de votre retour, Bien cordialement, Claire Vallet.	des e-mails formels avec formule d'appel et formule de politesse	emailing	1
emailing	Madame la Consultante, notre newsletter mensuelle actuelle affiche un taux d'ouverture très faible. Nous aurions besoin de vos services pour restructurer notre contenu éditorial et optimiser nos envois hebdomad'en. Je reste à votre disposition pour un échange. Salutations distinguées, Marc Lefebvre.	des e-mails formels avec formule d'appel et formule de politesse	emailing	1
emailing	Bonjour, dans le cadre du lancement de notre application 'ZenFlow', nous souhaitons déployer un système de welcome series pour nos nouveaux utilisateurs. L'objectif est de les convertir en abonnés premium via des relances ciblées. Merci d'avance pour votre proposition. Cordialement, Sophie Durand.	des e-mails formels avec formule d'appel et formule de politesse	emailing	1
emailing	Monsieur, notre entreprise de logistique souhaite automatiser ses communications transactionnelles. Nous avons besoin de scénarios de marketing automation pour informer nos clients de l'état de leurs commandes de manière personnalisée. Je vous prie d'agréer mes salutations respectueuses, Jean-Pierre Morel.	des e-mails formels avec formule d'appel et formule de politesse	emailing	1
emailing	Madame, nous avons une base de 5 000 contacts inactifs et nous voulons lancer une campagne de réengagement par email. Pourriez-vous nous proposer une stratégie de segmentation pour cibler les profils les plus prometteurs ? Dans l'attente de vous lire, Très cordialement, Lucie Bernard.	des e-mails formels avec formule d'appel et formule de politesse	emailing	1
emailing	Bonjour, nous aimerions intégrer un outil de marketing automation à notre CRM actuel pour gérer nos leads B2B. L'idée est de créer des flux de nurturing automatisés après chaque téléchargement de livre blanc. Merci de nous recontacter. Bien à vous, Thomas Girard.	des e-mails formels avec formule d'appel et formule de politesse	emailing	1
emailing	Monsieur, pour notre prochain événement à Lyon, nous souhaiterions organiser une campagne d'e-mailing intensive sur trois semaines afin de maximiser les inscriptions. Nous comptons sur votre expertise pour la rédaction et l'envoi. Cordialement, Élodie Martin.	des e-mails formels avec formule d'appel et formule de politesse	emailing	1
emailing	Madame, nous rencontrons des difficultés avec la délivrabilité de nos newsletters hebdomadaires. Nous souhaiterions une expertise technique pour nettoyer notre liste de diffusion et éviter les répertoires de spam. Je vous remercie par avance. Sincères salutations, Antoine Roux.	des e-mails formels avec formule d'appel et formule de politesse	emailing	1
emailing	Bonjour, je souhaite déléguer la gestion de notre newsletter mensuelle dédiée à l'immobilier. Il s'agit de la conception technique et de l'envoi régulier à nos 12 000 abonnés. Pourriez-vous nous transmettre vos tarifs ? Bien cordialement, Nicolas Petit.	des e-mails formels avec formule d'appel et formule de politesse	emailing	1
emailing	Monsieur, nous voulons mettre en place des scénarios de panier abandonné pour notre site e-commerce de décoration. L'automatisation doit se déclencher immédiatement après l'abandon de la commande. Merci de nous faire une proposition. Salutations distinguées, Camille Leroy.	des e-mails formels avec formule d'appel et formule de politesse	emailing	1
emailing	Bonjour, nous lançons notre nouvelle gamme de cosmétiques bio le mois prochain et nous aimerions mettre en place un système de relance automatique pour les paniers abandonnés sur notre site Shopify.	des formulations indirectes : le sujet se devine sans reprendre les mots-clés de la description de la catégorie	emailing	1
emailing	Je reviens vers vous concernant notre projet de fidélisation. Nous souhaitons envoyer un récapitulatif mensuel de nos offres spéciales à notre base de données clients pour augmenter le taux de réachat.	des formulations indirectes : le sujet se devine sans reprendre les mots-clés de la description de la catégorie	emailing	1
emailing	L'équipe de BioVibe souhaite structurer ses envois périodiques. Nous avons une liste de 5000 contacts mais nous ne savons pas comment segmenter nos envois selon l'historique d'achat.	des formulations indirectes : le sujet se devine sans reprendre les mots-clés de la description de la catégorie	emailing	1
emailing	Est-il possible de configurer un scénario qui déclenche un message de bienvenue personnalisé dès qu'un nouvel utilisateur s'inscrit à notre programme de parrainage ?	des formulations indirectes : le sujet se devine sans reprendre les mots-clés de la description de la catégorie	emailing	1
emailing	Nous avons remarqué que nos communications actuelles ne sont pas assez percutantes. Nous aurions besoin de votre aide pour rédiger des séquences de nurturing qui incitent davantage à la conversion.	des formulations indirectes : le sujet se devine sans reprendre les mots-clés de la description de la catégorie	emailing	1
emailing	Pour notre boutique de prêt-à-porter à Lyon, nous voulons automatiser l'envoi d'un coupon de réduction lors de l'anniversaire de nos membres VIP.	des formulations indirectes : le sujet se devine sans reprendre les mots-clés de la description de la catégorie	emailing	1
emailing	Nous souhaitons mettre en place une séquence de plusieurs messages pour accompagner le parcours d'onboarding de notre application SaaS, afin de réduire le taux de désabonnement dès la première semaine.	des formulations indirectes : le sujet se devine sans reprendre les mots-clés de la description de la catégorie	emailing	1
emailing	Serait-il possible de tester de nouveaux templates pour nos envois hebdomadaires ? L'idée est de rendre la lecture plus fluide et d'intégrier des appels à l'action plus clairs pour nos abonnés.	des formulations indirectes : le sujet se devine sans reprendre les mots-clés de la description de la catégorie	emailing	1
emailing	Dans le cadre de notre stratégie de rétention, nous aimerions créer des flux de travail qui réactivent nos clients inactifs depuis plus de trois mois avec une offre de bienvenue spécifique.	des formulations indirectes : le sujet se devine sans reprendre les mots-clés de la description de la catégorie	emailing	1
emailing	Nous avons accumulé beaucoup de contacts via nos webinaires, mais nous n'avons aucune structure pour les recontacter de manière régulière et personnalisée sans paraître trop intrusifs.	des formulations indirectes : le sujet se devine sans reprendre les mots-clés de la description de la catégorie	emailing	1
market_research	Pourriez-vous nous fournir un état des lieux détaillé de la présence de nos concurrents directs sur le marché lyonnais ?	des messages courts et directs (une phrase), niveau de langue courant	market_research	1
market_research	Nous avons besoin de comprendre précisément les freins à l'achat de nos clients actuels pour notre nouvelle gamme de cosmétiques bio.	des messages courts et directs (une phrase), niveau de langue courant	market_research	1
market_research	Est-il possible de réaliser un benchmark complet des tarifs pratiqués par les acteurs du secteur de la logistique en France ?	des messages courts et directs (une phrase), niveau de langue courant	market_research	1
market_research	Je souhaiterais identifier les segments de clientèle inexploités pour le lancement de notre application de livraison de repas.	des messages courts et directs (une phrase), niveau de langue courant	market_research	1
market_research	Pouvez-vous analyser les forces et les faiblesses de la stratégie de prix de notre principal rival ?	des messages courts et directs (une phrase), niveau de langue courant	market_research	1
market_research	Nous voulons savoir ce que les utilisateurs de produits similaires attendent en termes de fonctionnalités pour notre futur logiciel SaaS.	des messages courts et directs (une phrase), niveau de langue courant	market_research	1
market_research	Une étude de terrain est nécessaire pour évaluer l'intérêt des ménages de l'Ouest pour nos nouveaux produits de jardinage.	des messages courts et directs (une phrase), niveau de langue courant	market_research	1
market_research	Il nous faut une analyse approfondie des tendances de consommation actuelles dans le secteur de l'alimentation sans gluten.	des messages courts et directs (une phrase), niveau de langue courant	market_research	1
market_research	Quelles sont les principales attentes des jeunes actifs concernant les services de conciergerie en milieu urbain ?	des messages courts et directs (une phrase), niveau de langue courant	market_research	1
market_research	J'aimerais obtenir un rapport sur les parts de marché de chaque acteur majeur de la téléphonie mobile en Europe.	des messages courts et directs (une phrase), niveau de langue courant	market_research	1
market_research	Bonjour, je viens de lancer ma boutique de cosmétiques bio à Lyon et je me sens un peu perdu face à l'ampleur de la demande. Je n'ai pas encore de visibilité sur ce que proposent les autres marques locales sur ce segment. Serait-il possible de réaliser une analyse approfondie de la concurrence pour identifier les parts de marché disponibles ?	des messages longs (3 à 5 phrases) avec du contexte personnel ; le vrai sujet n'apparaît qu'au milieu ou à la fin	market_research	1
market_research	Après trois ans d'activité dans la restauration rapide, nous souhaitons ouvrir un second point de vente à Bordeaux. Avant de signer le bail, nous aimerions comprendre précisément les attentes des clients potentiels dans ce nouveau quartier. Est-ce un service que vous proposez pour valider la viabilité de notre concept ?	des messages longs (3 à 5 phrases) avec du contexte personnel ; le vrai sujet n'apparaît qu'au milieu ou à la fin	market_research	1
market_research	L'équipe de BioTech Solutions travaille sur un nouveau complément alimentaire depuis plus de 18 mois. Nous avons des résultats internes prometteurs, mais nous manquons de données sur la structure globale du marché européen. Nous aurions besoin d'une étude de marché complète pour orienter notre stratégie de lancement.	des messages longs (3 à 5 phrases) avec du contexte personnel ; le vrai sujet n'apparaît qu'au milieu ou à la fin	market_research	1
market_research	Je travaille actuellement sur la restructuration de notre offre de services de conseil en ressources humaines. Bien que nous connaissions nos forces, nous ne savons pas comment nous situons par rapport aux acteurs historiques du secteur. Pourriez-vous nous aider à cartographier la concurrence et les forces en présence ?	des messages longs (3 à 5 phrases) avec du contexte personnel ; le vrai sujet n'apparaît qu'au milieu ou à la fin	market_research	1
market_research	Nous avons remarqué une baisse de fréquentation dans notre magasin de sport de Nantes malgré un bon accueil. Je soupçonne que les habitudes de consommation ont évolué sans que nous l'ayons remarqué. Nous aimerions lancer une enquête pour sonder les attentes des clients actuels et futurs.	des messages longs (3 à 5 phrases) avec du contexte personnel ; le vrai sujet n'apparaît qu'au milieu ou à la fin	market_research	1
market_research	Depuis la reprise de la menuiserie familiale, je cherche à moderniser notre catalogue de produits haut de gamme. Le marché du mobilier sur mesure semble très saturé et je ne sais pas où nous nous positionnons réellement. Une étude de marché détaillée nous aiderait à identifier de nouveaux segments de clientèle.	des messages longs (3 à 5 phrases) avec du contexte personnel ; le vrai sujet n'apparaît qu'au milieu ou à la fin	market_research	1
market_research	Notre startup spécialisée dans la livraison de repas à domicile cherche à s'étendre sur la région PACA. Avant de recruter de nouveaux livreurs, nous devons impérativement évaluer la concurrence directe et indirecte sur ces nouvelles zones. Est-il possible d'obtenir un rapport détaillé sur les acteurs déjà implantés ?	des messages longs (3 à 5 phrases) avec du contexte personnel ; le vrai sujet n'apparaît qu'au milieu ou à la fin	market_research	1
market_research	Le projet de développement de notre nouvelle gamme de jus de fruits pressés avance bien en interne. Cependant, nous n'avons aucune donnée chiffrée sur les préférences nutritionnelles des jeunes parents d'aujourd'hui. Nous avons besoin d'une analyse des attentes des clients pour adapter nos recettes.	des messages longs (3 à 5 phrases) avec du contexte personnel ; le vrai sujet n'apparaît qu'au milieu ou à la fin	market_research	1
market_research	Je gère une agence de voyage spécialisée dans l'écotourisme et je souhaite diversifier nos destinations. Je me demande si les voyageurs de demain recherchent toujours le même type d'expériences ou s'ils attendent de nouveaux services. Une étude de marché sur les tendances émergentes du voyage durable serait idéale.	des messages longs (3 à 5 phrases) avec du contexte personnel ; le vrai sujet n'apparaît qu'au milieu ou à la fin	market_research	1
market_research	Nous préparons le lancement d'une application de gestion de budget pour les freelances. Le secteur de la FinTech est très dynamique et nous craignons de ne pas voir arriver de nouveaux entrants disruptifs. Nous souhaiterions une analyse de la concurrence pour anticiper les mouvements des autres applications du secteur.	des messages longs (3 à 5 phrases) avec du contexte personnel ; le vrai sujet n'apparaît qu'au milieu ou à la fin	market_research	1
market_research	Salut, j'aimerais bien savoir si on peut faire un point sur ce que font nos concurrents en ce moment ? Surtout sur leurs prix et leurs nouveaux produits, on est un peu largués sur le marché de la cosmétique bio.	un style SMS ou messagerie instantanée : familier, abréviations, fautes d'orthographe, peu de ponctuation	market_research	1
market_research	Hello, est-ce que vous auriez des retours sur les derniers sondages ? Je voudrais comprendre ce que les clients attendent vraiment du nouveau pack de services, on a trop d'incertitudes.	un style SMS ou messagerie instantanée : familier, abréviations, fautes d'orthographe, peu de ponctuation	market_research	1
market_research	Besoin d'un coup de main pour checker la concurrence sur Lyon et Nantes. On veut voir s'il y a de la place pour notre concept de boulangerie artisanale ou si le marché est déjà saturé.	un style SMS ou messagerie instantanée : familier, abréviations, fautes d'orthographe, peu de ponctuation	market_research	1
market_research	Slt, on a reçu pas mal de plaintes sur la livraison... du coup on aimerait bien faire une petite enquête auprès de nos acheteurs pour voir si c'est un problème récurrent ou quoi.	un style SMS ou messagerie instantanée : familier, abréviations, fautes d'orthographe, peu de ponctuation	market_research	1
market_research	Coucou, tu peux regarder ce que propose la marque X ? On veut comparer leurs fonctionnalités avec les nôtres pour voir si on est toujours compétitifs sur le segment premium.	un style SMS ou messagerie instantanée : familier, abréviations, fautes d'orthographe, peu de ponctuation	market_research	1
market_research	Hey, on a besoin d'un audit sur les tendances actuelles dans le secteur de la tech à Bordeaux. On veut savoir si les besoins des usagers ont changé depuis l'année dernière.	un style SMS ou messagerie instantanée : familier, abréviations, fautes d'orthographe, peu de ponctuation	market_research	1
market_research	dis moi, on peut lancer une étude pour voir si les gens sont prêts à payer plus cher pour du recyclé ? On a trop de doutes sur le pouvoir d'achat de notre cible.	un style SMS ou messagerie instantanée : familier, abréviations, fautes d'orthographe, peu de ponctuation	market_research	1
market_research	Salut l'équipe, faut qu'on analyse les forces et faiblesses des autres agences du secteur. On veut savoir par quoi on peut se différencier vraiment.	un style SMS ou messagerie instantanée : familier, abréviations, fautes d'orthographe, peu de ponctuation	market_research	1
market_research	Est-ce possible de faire un mapping des acteurs présents sur le marché de la livraison de repas ? On veut voir qui sont les gros joueurs et les petites pépites.	un style SMS ou messagerie instantanée : familier, abréviations, fautes d'orthographe, peu de ponctuation	market_research	1
market_research	Slt, on veut comprendre pourquoi nos clients partent chez la concurrence... une petite analyse des attentes non satisfaites ça serait top.	un style SMS ou messagerie instantanée : familier, abréviations, fautes d'orthographe, peu de ponctuation	market_research	1
market_research	"Objet : Demande de prestation - Audit du secteur de la cosmétique bio

Madame, Monsieur,

Dans le cadre du lancement de notre nouvelle gamme de soins certifiés Ecocert, nous souhaiterions solliciter votre expertise pour réaliser une étude de marché approfondie. Nous avons besoin d'évaluer la taille du segment disponible en France et d'identifier les tendances de consommation actuelles sur le créneau du zéro déchet. 

Dans l'attente de votre retour,

Bien cordial :
Marc Lefebvre, Directeur Produit"	des e-mails formels avec formule d'appel et formule de politesse	market_research	1
market_research	"Objet : Analyse concurrentielle - Secteur de la FoodTech

Bonjour,

Nous venons de digitaliser notre service de livraison de repas locaux et nous nous sentons un peu perdus face à la montée en puissance de nouveaux acteurs sur Lyon. Pourriez-vous nous accompagner sur un audit complet de nos concurrents directs et indirects, notamment en analysant leurs forces et leurs faiblesses opérationnelles ?

Cordialement,
Julie Morel"	des e-mails formels avec formule d'appel et formule de politesse	market_research	1
market_research	"Objet : Étude des attentes clients - Application mobile de fitness

Monsieur,

Notre application de coaching sportif enregistre une hausse de désabonnements depuis trois mois. Nous avons besoin de comprendre précisément les frustrations de nos utilisateurs et de définir leurs attentes prioritaires pour la prochaine mise à jour. Une étude qualitative via des entretiens ou des sondats nous semble indispensable.

Je vous remercie par avance pour votre proposition.

Sincères salutations,
Thomas Bernard"	des e-mails formels avec formule d'appel et formule de politesse	market_research	1
market_research	"Objet : Projet d'expansion - Marché du jouet éducatif

Madame,

Notre entreprise souhaite s'implanter sur le marché allemand l'année prochaine. Avant de prendre une décision stratégique, nous aurions besoin d'une analyse des barrières à l'entrée et d'une étude de la demande locale pour nos produits en bois. 

Restant à votre disposition pour en discuter,

Claire Dubois, Fondatrice"	des e-mails formels avec formule d'appel et formule de politesse	market_research	1
market_research	"Objet : Benchmark sectoriel - Équipements de bureau

Bonjour,

Nous souhaiterions obtenir une vision claire de la structure de prix pratiquée par nos principaux concurrents dans le domaine du mobilier de bureau ergonomique. L'objectif est de comparer nos offres avec les standards du marché actuel.

Dans l'attente de vous lire,

Antoine Petit"	des e-mails formels avec formule d'appel et formule de politesse	market_research	1
market_research	"Objet : Sondage de satisfaction et besoins consommateurs

Madame, Monsieur,

Nous lançons un nouveau service de conciergerie pour seniors à Nantes. Nous aimerions mettre en place un dispositif pour sonder les besoins réels de cette population cible et identifier les services les plus demandés avant notre déploiement officiel.

Bien à vous,

Sophie Lambert"	des e-mails formels avec formule d'appel et formule de politesse	market_research	1
market_research	"Objet : Analyse de la demande - Secteur de l'immobilier de luxe

Monsieur,

Nous prévoyons le développement d'un nouveau programme immobilier sur la Côte d'Azur. Il nous est nécessaire de comprendre le profil type des acheteurs potentiels et leurs critères de sélection prioritaires pour ce type de biens d'exception.

Je vous prie d'agréer mes salutations distinguées,

Nicolas Girard"	des e-mails formels avec formule d'appel et formule de politesse	market_research	1
market_research	"Objet : Audit de marché - Boissons énergisantes naturelles

Bonjour,

Nous avons besoin de données précises sur les parts de marché des boissons énergisantes sans sucre en Europe du Nord. Nous souhaiterions savoir si les habitudes de consommation évoluent vers des ingrédients plus naturels et quel est le volume de ventes estimé sur ce segment.

Merci de nous faire parvenir un devis.

Léa Roux"	des e-mails formels avec formule d'appel et formule de politesse	market_research	1
market_research	"Objet : Étude de segment - Services de nettoyage B2B

Madame,

Dans l'optique de diversifier notre offre de services de nettoyage professionnel, nous aimerions identifier les opportunités de croissance dans le secteur des cabinets médicaux et des espaces de coworking.

Cordialement,
Pierre Martin"	des e-mails formels avec formule d'appel et formule de politesse	market_research	1
market_research	"Objet : Analyse des opportunités - Marché de la literie

Monsieur,

Après une analyse interne, nous pensons qu'il existe un créneau pour la literie haut de gamme en matériaux recyclés. Nous souhaiterions que vous réalisiez une étude de faisabilité pour valider l'intérêt des consommateurs et évaluer la pression concurrentielle sur ce segment spécifique.

Dans l'attente de votre réponse,

Élodie Vincent, Responsable Stratégie"	des e-mails formels avec formule d'appel et formule de politesse	market_research	1
market_research	Bonjour, nous lançons une nouvelle gamme de compléments alimentaires bio à Lyon et nous aimerions comprendre précisément quels sont les besoins non satisfaits des consommateurs de produits naturels dans la région Rhône-Alpes.	des formulations indirectes : le sujet se devine sans reprendre les mots-clés de la description de la catégorie	market_research	1
market_research	Est-il possible de réaliser un audit approfondi des forces et faiblesses des trois principaux acteurs du secteur de la livraison de repas à domicile pour voir comment nous différencier sur le marché parisien ?	des formulations indirectes : le sujet se devine sans reprendre les mots-clés de la description de la catégorie	market_research	1
market_research	Nous avons remarqué une forte dynamique sur le secteur de la cosmétique solide, mais nous ignorons si les utilisateurs actuels sont prêts à payer un premium pour un emballage zéro déchet.	des formulations indirectes : le sujet se devine sans reprendre les mots-clés de la description de la catégorie	market_research	1
market_research	Dans le cadre de notre expansion en Espagne, nous aurions besoin d'un éclairage sur les habitudes de consommation locales et sur la structure des prix pratiqués par les leaders du secteur.	des formulations indirectes : le sujet se devine sans reprendre les mots-clés de la description de la catégorie	market_research	1
market_research	Je souhaite savoir si les utilisateurs de l'application X sont satisfaits de la fonctionnalité de paiement actuel ou s'ils recherchent des options plus fluides lors de leur passage en caisse.	des formulations indirectes : le sujet se devine sans reprendre les mots-clés de la description de la catégorie	market_research	1
market_research	Avant de lancer notre nouveau logiciel SaaS, nous voulons identifier les points de frustration rencontrés par les professionnels du bâtiment lors de l'utilisation de leurs outils actuels.	des formulations indirectes : le sujet se devine sans reprendre les mots-clés de la description de la catégorie	market_research	1
market_research	Pourriez-vous nous aider à cartographier les opportunités de croissance sur le segment des accessoires de yoga haut de gamme et évaluer la saturation actuelle de ce créneau ?	des formulations indirectes : le sujet se devine sans reprendre les mots-clés de la description de la catégorie	market_research	1
market_research	Nous avons un doute sur la pertinence de notre offre de services de conciergerie pour les seniors, il faudrait vérifier si la demande est réelle ou si elle est déjà trop largement couverte par l'existant.	des formulations indirectes : le sujet se devine sans reprendre les mots-clés de la description de la catégorie	market_research	1
market_research	Il nous faudrait une vision claire des tendances de consommation de produits laitiers végétaux pour l'horizon 2025 afin d'ajuster notre pipeline de production.	des formulations indirectes : le sujet se devine sans reprendre les mots-clés de la description de la catégorie	market_research	1
market_research	Nous aimerions savoir ce que les clients de la génération Z attendent concrètement d'un service de streaming musical par rapport aux plateformes déjà établies.	des formulations indirectes : le sujet se devine sans reprendre les mots-clés de la description de la catégorie	market_research	1
branding	On aurait besoin d'un nouveau logo pour notre gamme de cosmétiques bio.	des messages courts et directs (une phrase), niveau de langue courant	branding	1
branding	Je trouve que notre charte graphique actuelle ne reflète plus du tout les valeurs de l'entreprise.	des messages courts et directs (une phrase), niveau de langue courant	branding	1
branding	Il faut retravailler notre identité visuelle pour qu'elle paraisse plus haut de gamme.	des messages courts et directs (une phrase), niveau de langue courant	branding	1
branding	Pouvez-vous nous proposer une nouvelle palette de couleurs pour l'application mobile ?	des messages courts et directs (une phrase), niveau de langue courant	branding	1
branding	Le design de notre emblème actuel est trop complexe et difficile à imprimer en petit.	des messages courts et directs (une phrase), niveau de langue courant	branding	1
branding	On lance 'NovaTech' demain et il nous manque une identité visuelle cohérente.	des messages courts et directs (une phrase), niveau de langue courant	branding	1
branding	Notre positionnement actuel semble trop proche de celui des leaders du secteur, on veut se différencier.	des messages courts et directs (une phrase), niveau de langue courant	branding	1
branding	J'aimerais moderniser le logotype de ma boutique de fleurs à Lyon.	des messages courts et directs (une phrase), niveau de langue courant	branding	1
branding	Il faut que l'univers graphique de notre marque soit plus dynamique et percutant.	des messages courts et directs (une phrase), niveau de langue courant	branding	1
branding	On a besoin d'un pack complet comprenant typographie, icônes et déclinaisons du logo.	des messages courts et directs (une phrase), niveau de langue courant	branding	1
branding	Après deux ans de lancement, notre boutique de cosmétiques bio à Lyon a bien grandi, mais je sens un décalage avec notre succès actuel. Nous avons commencé avec un design très artisanal qui ne reflète plus du tout notre montée en gamme. J'aimerais vraiment retravailler notre identité visuelle pour qu'elle soit plus élégante et professionnelle.	des messages longs (3 à 5 phrases) avec du contexte personnel ; le vrai sujet n'apparaît qu'au milieu ou à la fin	branding	1
branding	Je viens de terminer la phase de développement de ma nouvelle application de gestion de tâches pour freelances. Le produit est prêt, mais je me rends compte que nous n'avons absolument rien pour nous identifier sur le marché. Il nous faudrait créer un logo mémorable et une charte graphique cohérente pour lancer le projet.	des messages longs (3 à 5 phrases) avec du contexte personnel ; le vrai sujet n'apparaît qu'au milieu ou à la fin	branding	1
branding	Notre entreprise de livraison de repas à domicile a eu un pic d'activité très positif ce mois-ci grâce au bouche-à-oreille. Cependant, je regrette que notre image de marque actuelle paraisse trop enfantine pour la clientèle premium que nous visons. Nous avons besoin de redéfinir notre positionnement pour rassurer les clients exigeants.	des messages longs (3 à 5 phrases) avec du contexte personnel ; le vrai sujet n'apparaît qu'au milieu ou à la fin	branding	1
branding	Nous avons récemment déménagé nos bureaux dans le quartier de la Défense et cela marque un tournant pour notre cabinet de conseil. Ce changement d'échelle nécessite de repenser totalement notre communication graphique. Je cherche quelqu'un pour rafraîchir notre logo et moderniser nos supports de présentation.	des messages longs (3 à 5 phrases) avec du contexte personnel ; le vrai sujet n'apparaît qu'au milieu ou à la fin	branding	1
branding	Depuis que j'ai lancé ma marque de bijoux artisanaux sur les marchés de Provence, les retours sont excellents. Pourtant, je n'ai jamais réussi à créer un univers visuel qui capture vraiment l'âme de mes créations. J'ai besoin d'aide pour construire une identité visuelle forte qui raconte notre histoire.	des messages longs (3 à 5 phrases) avec du contexte personnel ; le vrai sujet n'apparaît qu'au milieu ou à la fin	branding	1
branding	Le projet de rebranding que nous avions prévu pour l'année dernière a été repoussé à cause de contraintes budgétaires. Aujourd'hui, notre logo actuel semble vraiment daté et ne correspond plus aux valeurs d'innovation de notre startup. Je souhaite lancer une refonte complète de notre image de marque.	des messages longs (3 à 5 phrases) avec du contexte personnel ; le vrai sujet n'apparaît qu'au milieu ou à la fin	branding	1
branding	Ma société de paysagisme a doublé son chiffre d'affaires en seulement six mois grâce à de gros contrats publics. Je réalise que notre communication actuelle manque de structure et de professionnalisme visuel. Nous devons travailler sur un positionnement plus haut de gamme et une identité plus robuste.	des messages longs (3 à 5 phrases) avec du contexte personnel ; le vrai sujet n'apparaît qu'au milieu ou à la fin	branding	1
branding	Nous avons passé beaucoup de temps à peaufiner la qualité de nos produits de soin pour la peau, mais l'aspect esthétique est négligé. Les clients adorent la composition, mais le packaging actuel manque de caractère. Il est crucial de créer une identité visuelle unique qui se démarque en rayon.	des messages longs (3 à 5 phrases) avec du contexte personnel ; le vrai sujet n'apparaît qu'au milieu ou à la fin	branding	1
branding	Je lance actuellement une formation en ligne sur l'investissement immobilier et j'ai déjà une base de contacts intéressée. Pour asseoir ma crédibilité, je ne peux pas me contenter d'un simple nom sans univers graphique. Je cherche un expert pour concevoir un logo et une charte graphique qui inspirent la confiance et le sérieux.	des messages longs (3 à 5 phrases) avec du contexte personnel ; le vrai sujet n'apparaît qu'au milieu ou à la fin	branding	1
branding	Notre concept de café spécialisé à Bordeaux est devenu une adresse incontournable de la ville. Malgré cette popularité, je trouve que notre logo ne rend pas justice à l'ambiance chaleureuse de notre établissement. Nous aimerions retravailler notre identité visuelle pour qu'elle soit plus cohérente avec notre décor.	des messages longs (3 à 5 phrases) avec du contexte personnel ; le vrai sujet n'apparaît qu'au milieu ou à la fin	branding	1
branding	salut j'aime bcp ton travail mais j'ai l'impression que mon logo actuel fait trop vieux n'est-ce pas ke tu penses ? faut qu'on rafraîchisse tout ca	un style SMS ou messagerie instantanée : familier, abréviations, fautes d'orthographe, peu de ponctuation	branding	1
branding	dis moi t'es dispo pr refaire l'identité visuelle de ma boutique de bijoux ? j'ai besoin de qqch de plus luxe et épuré	un style SMS ou messagerie instantanée : familier, abréviations, fautes d'orthographe, peu de ponctuation	branding	1
branding	franchement la charte graphique actuelle de 'BioDélices' c'est la catastrophe ça fait pas pro du tout faut changer les couleurs et la typo	un style SMS ou messagerie instantanée : familier, abréviations, fautes d'orthographe, peu de ponctuation	branding	1
branding	besoin d'un nouveau logo pour mon projet de café à Lyon... qqun de moderne et minimaliste genre zen	un style SMS ou messagerie instantanée : familier, abréviations, fautes d'orthographe, peu de ponctuation	branding	1
branding	hello je veux changer le positionnement de ma marque de cosmétique on veut passer sur du premium donc faut revoir tout le visuel	un style SMS ou messagerie instantanée : familier, abréviations, fautes d'orthographe, peu de ponctuation	branding	1
branding	on a un gros souci avec notre logo on dirait un truc de 2005 mdr faut trop le moderniser	un style SMS ou messagerie instantanée : familier, abréviations, fautes d'orthographe, peu de ponctuation	branding	1
branding	estce ke tu fais aussi de la création de logo ? j'lance ma marque de vêtements et j'ai rien du tout pour l'instant	un style SMS ou messagerie instantanée : familier, abréviations, fautes d'orthographe, peu de ponctuation	branding	1
branding	faut que j'axe mon image de marque sur le côté éco-responsable donc faut que les visuels le reflètent bien	un style SMS ou messagerie instantanée : familier, abréviations, fautes d'orthographe, peu de ponctuation	branding	1
branding	j'aime pas trop l'actuel... l'identité visuelle de 'TechSprint' est trop agressive on veut un truc plus doux et accessible	un style SMS ou messagerie instantanée : familier, abréviations, fautes d'orthographe, peu de ponctuation	branding	1
branding	Hello ! On cherche un designer pour une refonte totale de notre univers graphique et du logo pour le rdv de la rentrée	un style SMS ou messagerie instantanée : familier, abréviations, fautes d'orthographe, peu de ponctuation	branding	1
branding	Madame, Monsieur, je vous contacte car notre entreprise, BioÉclat, souhaite moderniser son identité visuelle. Notre logo actuel semble daté et ne reflète plus notre engagement écologique. Nous aimerions une refonte complète de notre charte graphique. Dans l'attente de votre retour, je vous prie d'agréximer mes salutations distinguées. Jean Dupont, Directeur Général.	des e-mails formels avec formule d'appel et formule de politesse	branding	1
branding	Cher Monsieur, après plusieurs années d'activité, notre positionnement sur le marché de la cosmétique premium doit évoluer. Nous avons besoin d'un accompagnement pour redéfinir notre ADN de marque et l'aligner avec nos nouvelles valeurs de luxe éthique. Je reste à votre disposition pour un premier échange. Cordialement, Sophie Martin.	des e-mails formels avec formule d'appel et formule de politesse	branding	1
branding	Bonjour, je travaille pour la startup 'TechNova' et nous lançons un nouveau produit de domotique. Nous avons besoin de créer une identité visuelle forte et cohérente, incluant une palette de couleurs et une typographie spécifique. Pourriez-vous nous faire une proposition de prestation ? Bien à vous, Marc Lefebvre.	des e-mails formels avec formule d'appel et formule de politesse	branding	1
branding	Madame la Consultante, notre marque de prêt-à-porter subit une crise d'image suite à un changement de direction. Nous souhaitons travailler sur la perception de notre marque afin de restaurer notre prestige auprès de notre cible historique. Je vous prie d'agréer, Madame, l'expression de mes sentiments distingués. Claire Valmont, Responsable Marketing.	des e-mails formels avec formule d'appel et formule de politesse	branding	1
branding	Monsieur, nous venons de racheter une petite manufacture de jouets en bois. L'enjeu est de conserver l'héritage de l'ancien propriétaire tout en créant un nouveau logo qui parle aux parents d'aujourd'hui. Nous attendons vos suggestions sur l'aspect graphique. Respectueusement, Thomas Durand.	des e-mails formels avec formule d'appel et formule de politesse	branding	1
branding	Cher partenaire, l'identité de notre concept de restauration 'Le Jardin Urbain' est trop floue. Nous avons besoin de structurer notre univers de marque, du choix des emblèmes à la déclinaison graphique sur nos supports physiques. Dans l'attente de vous lire, Cordialement, Lucie Morel.	des e-mails formels avec formule d'appel et formule de politesse	branding	1
branding	Bonjour, je souhaite obtenir un devis pour la création d'un logotype unique pour mon nouveau projet de café de spécialité à Lyon. Le design doit évoquer l'artisanat et la modernité. Je vous remercie par avance de votre réponse. Sincères salutations, Antoine Berger.	des e-mails formels avec formule d'appel et formule de politesse	branding	1
branding	Madame, Monsieur, notre groupe souhaite harmoniser l'image de marque de ses différentes filiales. Le défi est de créer une architecture de marque cohérente tout en préservant l'autonomie visuelle de chaque entité. Pourriez-vous nous proposer un audit de notre identité ? Bien cordialement, Émilie Rousseau.	des e-mails formels avec formule d'appel et formule de politesse	branding	1
branding	Monsieur, nous avons un problème de cohérence graphique entre nos différents supports de communication. L'image de marque est fragmentée et nous perdons en lisibilité. Nous recherchons un expert pour fixer une charte graphique rigoureuse. Je vous prie d'agréer mes salutations distinguées. Nicolas Petit.	des e-mails formels avec formule d'appel et formule de politesse	branding	1
branding	Cher Monsieur, dans le cadre du lancement de notre gamme 'AquaPure', nous avons besoin d'un travail approfondi sur le positionnement symbolique de notre marque. Il s'agit de traduire visuellement la pureté et la transparence de nos processus. Dans l'attente de votre proposition, Cordialement, Sarah Lemaire.	des e-mails formels avec formule d'appel et formule de politesse	branding	1
branding	Bonjour, nous venons de lancer 'L'Atelier de Clara' à Lyon et nous trouvons que notre emblème actuel ne reflète pas du tout l'aspect haut de gamme de nos créations artisanales. Nous aurions besoin de quelque chose de plus épuré et mémorable.	des formulations indirectes : le sujet se devine sans reprendre les mots-clés de la description de la catégorie	branding	1
branding	Après trois ans d'existence, notre structure a trop évolué pour conserver la même apparence qu'au début. On aimerait redéfinir l'âme de notre projet pour qu'elle soit cohérente avec nos nouvelles valeurs de durabilité.	des formulations indirectes : le sujet se devine sans reprendre les mots-clés de la description de la catégorie	branding	1
branding	J'ai l'impression que l'on se perd un peu dans la masse de nos concurrents directs. Il nous manque ce petit élément distinctif qui permettrait de nous reconnaître immédiatement, sans même avoir à lire notre nom.	des formulations indirectes : le sujet se devine sans reprendre les mots-clés de la description de la catégorie	branding	1
branding	Nous avons une charte graphique qui date de 2015 et elle fait vraiment datée sur nos nouveaux supports de packaging. Est-il possible de moderniser l'ensemble de notre univers graphique pour paraître plus dynamiques ?	des formulations indirectes : le sujet se devine sans reprendre les mots-clés de la description de la catégorie	branding	1
branding	L'idée serait de trouver une signature visuelle qui incarne la force et la confiance, tout en restant très sobre. On veut que l'on ressente la solidité de notre expertise dès le premier regard.	des formulations indirectes : le sujet se devine sans reprendre les mots-clés de la description de la catégorie	branding	1
branding	Notre boutique à Bordeaux a un concept très particulier, mais nos supports actuels sont trop génériques. On aimerait que chaque détail, des couleurs aux formes utilisées, raconte vraiment notre histoire de façon unique.	des formulations indirectes : le sujet se devine sans reprendre les mots-clés de la description de la catégorie	branding	1
branding	On a du mal à transmettre l'aspect premium de notre gamme de cosmétiques. Le rendu actuel fait trop 'entrée de gamme' et on perd toute la notion de prestige que nous essayons d'instaurer.	des formulations indirectes : le sujet se devine sans reprendre les mots-clés de la description de la catégorie	branding	1
branding	Pour le lancement de notre nouvelle application, nous avons besoin d'un univers complet, allant de la typographie jusqu'à la palette de couleurs, pour que l'expérience utilisateur soit parfaitement alignée avec notre promesse de simplicité.	des formulations indirectes : le sujet se devine sans reprendre les mots-clés de la description de la catégorie	branding	1
branding	Est-ce que vous pourriez nous accompagner pour créer une empreinte visuelle qui nous démarque de la tendance actuelle du minimalisme excessif ? On cherche une identité avec plus de caractère et de texture.	des formulations indirectes : le sujet se devine sans reprendre les mots-clés de la description de la catégorie	branding	1
branding	Nous avons de nouveaux produits qui arrivent, mais l'esthétique actuelle ne colle plus du tout à la direction que nous prenons. Il faut que l'on puisse projeter une image plus audacieuse et innovante.	des formulations indirectes : le sujet se devine sans reprendre les mots-clés de la description de la catégorie	branding	1
none	Bonjour, pourriez-vous me communiquer vos tarifs horaires pour une consultation ponctuelle ? Merci d'avance.	des questions pratiques (horaires, adresse, accès, tarifs généraux, contact)	none	1
none	Est-ce que vos bureaux sont accessibles en transport en commun ou est-il préférable de venir en voiture ? Je cherche à organiser un rendez-vous physique la semaine prochaine.	des questions pratiques (horaires, adresse, accès, tarifs généraux, contact)	none	1
none	Bonjour l'équipe, je souhaitais savoir si vous étiez ouverts le samedi matin pour un échange rapide.	des questions pratiques (horaires, adresse, accès, tarifs généraux, contact)	none	1
none	Serait-il possible d'avoir votre adresse exacte ainsi que les instructions pour le stationnement à proximité ? Je viens de loin pour notre entretien.	des questions pratiques (horaires, adresse, accès, tarifs généraux, contact)	none	1
none	Bonjour, quel est le meilleur moyen de vous joindre en urgence si j'ai une question sur un dossier en cours ? Téléphone ou WhatsApp ?	des questions pratiques (horaires, adresse, accès, tarifs généraux, contact)	none	1
none	Pourriez-vous m'envoyer un devis type pour une prestation de conseil standard afin que je puisse anticiper notre budget de fonctionnement ?	des questions pratiques (horaires, adresse, accès, tarifs généraux, contact)	none	1
none	Bonjour, je ne trouve pas vos horaires d'ouverture sur votre fiche Google. Pourriez-vous me les confirmer ?	des questions pratiques (horaires, adresse, accès, tarifs généraux, contact)	none	1
none	Est-ce que vous proposez des créneaux de rendez-vous en visioconférence ou préférez-vous systématiquement des rencontres en présentiel ?	des questions pratiques (horaires, adresse, accès, tarifs généraux, contact)	none	1
none	Bonjour, j'ai besoin de passer à votre agence pour déposer des documents physiques. À quelle heure puis-je passer sans risquer de vous déranger pendant une réunion ?	des questions pratiques (horaires, adresse, accès, tarifs généraux, contact)	none	1
none	Bonjour, je souhaiterais savoir si vous avez un formulaire spécifique à remplir pour une première demande de contact ou si un simple mail suffit.	des questions pratiques (horaires, adresse, accès, tarifs généraux, contact)	none	1
none	Bonjour, je tenais simplement à vous remercier pour la réactivité de votre équipe lors de notre dernier échange téléphonique. C'est un plaisir de travailler avec des partenaires aussi professionnels.	des remerciements, félicitations ou messages de politesse sans demande précise	none	1
none	Un immense bravo pour l'organisation de la conférence de la semaine dernière ! Tout était parfait, de la logistique à la qualité des intervenants.	des remerciements, félicitations ou messages de politesse sans demande précise	none	1
none	Juste un petit mot pour vous dire que nous apprécions énormément la fluidité de nos échanges récents. Bonne continuation pour vos projets en cours.	des remerciements, félicitations ou messages de politesse sans demande précise	none	1
none	Merci encore pour votre accueil chaleureux lors de notre visite dans vos bureaux mardi dernier. Nous avons passé un excellent moment.	des remerciements, félicitations ou messages de politesse sans demande précise	none	1
none	Je tenais à vous exprimer ma gratitude pour votre aide précieuse sur le dossier administratif du mois dernier. Votre soutien a été déterminant.	des remerciements, félicitations ou messages de politesse sans demande précise	none	1
none	Félicitations à toute l'équipe pour l'obtention de ce nouveau contrat ! C'est une étape importante et amplement méritée.	des remerciements, félicitations ou messages de politesse sans demande précise	none	1
none	Un grand merci pour le partage de vos ressources internes lors de notre réunion. C'est très généreux de votre part.	des remerciements, félicitations ou messages de politesse sans demande précise	none	1
none	Je vous souhaite une excellente fin de semaine et espère que vous pourrez profiter de ce repos bien mérité.	des remerciements, félicitations ou messages de politesse sans demande précise	none	1
none	Nous avons bien reçu les documents de fin d'année, merci beaucoup pour votre diligence habituelle.	des remerciements, félicitations ou messages de politesse sans demande précise	none	1
none	C'est un réel plaisir de collaborer avec des prestataires aussi courtois et attentifs que vous. Merci pour tout.	des remerciements, félicitations ou messages de politesse sans demande précise	none	1
none	Bonjour, je cherche un consultant pour m'accompagner sur la structuration de mon processus de vente interne. Nous avons du mal à transformer nos leads en clients une fois le premier contact établi. Seriez-vous disponible pour un audit de nos méthodes de prospection directe ?	des candidatures, propositions commerciales, sollicitations ou partenariats	none	1
none	Madame, Monsieur, nous lançons une nouvelle gamme de produits et nous souhaiterions externaliser la rédaction de nos fiches techniques et de nos supports de vente print. Votre expertise en copywriting B2B nous intéresser et nous aimerions recevoir un devis pour un accompagnement sur six mois.	des candidatures, propositions commerciales, sollicitations ou partenariats	none	1
none	Je vous contacte pour explorer une éventuelle collaboration technique. Nous avons besoin d'intégrer de nouveaux outils de CRM à notre infrastructure actuelle et nous cherchons un prestataire capable de gérer cette migration de données sans interruption de service.	des candidatures, propositions commerciales, sollicitations ou partenariats	none	1
none	Bonjour, je suis entrepreneur dans le secteur de la logistique. Je souhaite déléguer la mise en place d'un système de parrainage client pour encourager le bouche-à-oreille. Pourriez-vous me proposer une approche pour structurer ce programme de recommandation ?	des candidatures, propositions commerciales, sollicitations ou partenariats	none	1
none	Nous avons besoin d'un expert pour nous aider à rédiger notre argumentaire de vente pour les salons professionnels de l'année prochaine. L'objectif est de créer des scripts de vente percutants pour nos commerciaux de terrain.	des candidatures, propositions commerciales, sollicitations ou partenariats	none	1
none	Bonjour, nous souhaiterions discuter d'un partenariat de co-branding pour un événement physique organisé en octobre prochain. Nous pensons que nos deux entreprises partagent une audience complémentaire et aimerions voir comment nous pourrions mutualiser nos ressources lors de ce stand.	des candidatures, propositions commerciales, sollicitations ou partenariats	none	1
none	Dans le cadre de notre expansion géographique, nous cherchons quelqu'un pour nous aider à traduire et adapter nos supports de vente pour le marché suisse. Il s'agit principalement de documents commerciaux et de présentations institutionnelles.	des candidatures, propositions commerciales, sollicitations ou partenariats	none	1
none	Bonjour, je cherche un prestataire pour optimiser notre tunnel de conversion sur notre site web, spécifiquement sur la partie technique du formulaire de commande qui présente des bugs récurrents lors de la validation du panier.	des candidatures, propositions commerciales, sollicitations ou partenariats	none	1
none	Votre agence a été recommandée pour sa capacité à structurer des programmes de fidélité. Nous souhaitons mettre en place un système de récompenses pour nos clients existants afin d'augmenter la récurrence d'achat. Quelles sont vos modalités d'intervention sur ce type de projet ?	des candidatures, propositions commerciales, sollicitations ou partenariats	none	1
none	Bonjour, je souhaite vous proposer un partenariat de distribution. Nous disposons d'un réseau de points de vente physiques et nous aimerions intégrer vos services dans notre catalogue de solutions pour nos clients premium. Seriez-vous ouvert à un échange téléphonique ?	des candidatures, propositions commerciales, sollicitations ou partenariats	none	1
none	Bonjour, nous cherchions un accompagnement pour auditer nos processus de vente internes. Nous avons l'impression que notre tunnel de conversion technique perd trop de prospects entre le formulaire de contact et la prise de rendez-vous. Est-ce un sujet que vous traitez ?	des messages sur des sujets proches du domaine mais qui ne relèvent d'aucune catégorie listée	none	1
none	Salut l'équipe, on a besoin d'aide pour structurer notre CRM. On utilise Salesforce mais nos données sont complètement désorganisées et on n'arrive pas à suivre le parcours de nos leads de manière fluide. Vous faites de l'implémentation d'outils de gestion ?	des messages sur des sujets proches du domaine mais qui ne relèvent d'aucune catégorie listée	none	1
none	Je vous contacte car nous souhaitons digitaliser notre catalogue produit physique. On aimerle mettre en place une plateforme d'e-commerce avec une gestion des stocks synchronisée en temps réel. Est-ce dans vos cordes ?	des messages sur des sujets proches du domaine mais qui ne relèvent d'aucune catégorie listée	none	1
none	Bonjour, notre service client est débordé par les demandes récurrentes. Nous aimerions explorer la mise en place d'un chatbot intelligent ou d'un système de ticketing plus performant pour désengorger nos équipes support. Avez-vous des recommandations sur les solutions logicielles à adopter ?	des messages sur des sujets proches du domaine mais qui ne relèvent d'aucune catégorie listée	none	1
none	Nous avons besoin d'un consultant pour nous aider à définir nos indicateurs de performance (KPI) opérationnels. On a beaucoup de données, mais on ne sait pas quels chiffres suivre pour mesurer l'efficacité réelle de notre force de vente sur le terrain.	des messages sur des sujets proches du domaine mais qui ne relèvent d'aucune catégorie listée	none	1
none	Hello, on cherche quelqu'un pour nous aider sur la partie logistique de notre lancement de produit. On doit mettre en place un système de suivi des expéditions et de gestion des retours clients plus robuste. Merci d'avance.	des messages sur des sujets proches du domaine mais qui ne relèvent d'aucune catégorie listée	none	1
none	Bonjour, dans le cadre de notre expansion européenne, nous devons adapter nos processus de facturation et de gestion des commandes à plusieurs devises et réglementations locales. Est-ce que vous proposez des services d'accompagnement sur l'optimisation des workflows transactionnels ?	des messages sur des sujets proches du domaine mais qui ne relèvent d'aucune catégorie listée	none	1
none	Nous rencontrons des problèmes de synchronisation entre notre site web et notre outil de gestion de stock (ERP). On a besoin d'un expert technique pour auditer l'intégration de ces flux de données afin d'éviter les erreurs de commande.	des messages sur des sujets proches du domaine mais qui ne relèvent d'aucune catégorie listée	none	1
none	Bonjour, je souhaite structurer le département marketing de ma startup. On a besoin de définir les fiches de postes, les processus de recrutement de l'équipe interne et la mise en place d'une méthodologie de travail agile. Est-ce un service que vous proposez ?	des messages sur des sujets proches du domaine mais qui ne relèvent d'aucune catégorie listée	none	1
none	Bonjour, nous aimerions automatiser le reporting interne de nos ventes. Actuellement, tout est fait manuellement sur Excel, ce qui nous fait perdre un temps précieux chaque semaine. On cherche une solution de dashboarding connectée directement à notre base de données SQL.	des messages sur des sujets proches du domaine mais qui ne relèvent d'aucune catégorie listée	none	1
