label	text	style	verifier_label	agree
public_health	Monsieur le Maire, nous constatons que le service d'urgences de notre hôpital de proximité est fermé de nuit depuis trois mois. Comment comptez-vous garantir l'accès aux soins pour les habitants de la commune sans nous forcer à faire 50 kilomètres pour une simple consultation ?	des questions de citoyens adressées à un élu local ou national	public_health	1
public_health	En tant que présidente d'une association de patients, je vous demande quelles mesures concrètes seront prises pour améliorer la prise en charge de la maladie d'Alzheimer dans nos EHPAD, dont les moyens en personnel soignant sont devenus critiques.	des questions de citoyens adressées à un élu local ou national	public_health	1
public_health	Est-il prévu par votre ministère de revoir le panier de remboursement des médicaments essentiels pour les maladies chroniques ? Le reste à charge pour les familles les plus précaires devient insupportable avec l'augmentation du prix des traitements spécialisés.	des questions de citoyens adressées à un élu local ou national	public_health	1
public_health	La désertification médicale dans notre département s'aggrave. Pourquoi n'y a-t-il aucune incitation efficace pour l'installation de nouveaux médecins généralistes ou de spécialistes dans les zones rurales de notre région ?	des questions de citoyens adressées à un élu local ou national	public_health	1
public_health	Madame la Députée, le déploiement de la télémédecine est une bonne idée, mais comment allez-vous assurer le suivi médical réel pour les personnes âgées qui ne maîtrisent pas les outils numériques et qui ont besoin d'un examen physique ?	des questions de citoyens adressées à un élu local ou national	public_health	1
public_health	Nous sommes inquiets pour l'avenir de la maternité de l'hôpital central. La fermeture de l'unité de néonatalogie est une catastrophe sanitaire pour tout le bassin de population. Quel est votre plan pour maintenir ce service vital ?	des questions de citoyens adressées à un élu local ou national	public_health	1
public_health	Le taux de saturation de nos lits en réanimation est alarmant ces derniers mois. Disposez-vous d'un plan d'urgence pour renforcer les effectifs infirmiers et éviter une dégradation de la qualité de la sécurité des soins ?	des questions de citoyens adressées à un élu local ou national	public_health	1
public_health	Comment comptez-vous lutter contre les inégalités d'accès aux soins dentaires et optiques qui pénalisent lourdement les ménages à faibles revenus, malgré les dispositifs de prévention actuels ?	des questions de citoyens adressées à un élu local ou national	public_health	1
public_health	La gestion des stocks de pansements et de matériel médical de base dans nos centres de santé est devenue chaotique. Quelles réformes comptez-vous mener pour sécuriser l'approvisionnement des établissements de santé publique ?	des questions de citoyens adressées à un élu local ou national	public_health	1
public_health	La prévention contre les maladies cardiovasculaires est trop peu financée dans notre programme de santé publique. Pourquoi n'y a-t-il pas plus de campagnes de dépistage gratuit organisées directement dans les centres communautaires ?	des questions de citoyens adressées à un élu local ou national	public_health	1
public_health	Il est inadmissible que les délais d'attente aux urgences de l'hôpital de Limoges aient encore augmenté de 15 % ce semestre. Nous demandons une réévaluation immédiate des effectifs infirmiers pour garantir la continuité des soins.	des extraits de débat parlementaire ou télévisé (2 à 3 phrases)	public_health	1
public_health	Le déploiement de la télémédecine dans les zones de désertification médicale est un échec cuisant. Les patients de la Creuse ne peuvent plus consulter de généraliste sans parcourir plus de cinquante kilomètres.	des extraits de débat parlementaire ou télévisé (2 à 3 phrases)	public_health	1
public_health	La gestion de la crise des médicaments essentiels, notamment pour les antibiotiques de première ligne, devient critique. Le ministère doit agir pour sécuriser les stocks de sécurité dans nos pharmacies de proximité.	des extraits de débat parlementaire ou télévisé (2 à 3 phrases)	public_health	1
public_health	Nous ne pouvons pas tolérer que le financement de la prévention contre le diabète de type 2 soit réduit au profit de soins curatifs uniquement. Une politique de santé publique efficace repose sur l'anticipation des pathologies.	des extraits de débat parlementaire ou télévisé (2 à 3 phrases)	public_health	1
public_health	Le manque de lits en réanimation dans nos régions est une menace directe pour la sécurité des patients. La dotation de l'Assurance Maladie doit prioriser la réouverture de services spécialisés en soins intensifs.	des extraits de débat parlementaire ou télévisé (2 à 3 phrases)	public_health	1
public_health	Est-ce que le gouvernement compte enfin réformer le système de remboursement des soins dentaires pour les populations les plus précaires ? Le reste à charge devient un véritable obstacle à l'accès aux soins de base.	des extraits de débat parlementaire ou télévisé (2 à 3 phrases)	public_health	1
public_health	La protection des données de santé dans les dossiers médicaux partagés est une priorité absolue. Nous exigeons des audits renforcés pour prévenir toute fuite d'informations sensibles par les plateformes numériques.	des extraits de débat parlementaire ou télévisé (2 à 3 phrases)	public_health	1
public_health	La campagne de vaccination contre la grippe saisonnière a montré des lacunes logistiques majeures dans les centres de santé communautaires. Il faut repenser la distribution des doses dès l'automne prochain.	des extraits de débat parlementaire ou télévisé (2 à 3 phrases)	public_health	1
public_health	Le personnel de la fonction publique hospitalière est à bout de souffle et les conditions de travail sont devenues délétères. Sans une revalorisation des primes de nuit, nous allons assister à une démission massive des soignants.	des extraits de débat parlementaire ou télévisé (2 à 3 phrases)	public_health	1
public_health	L'accès aux soins psychiatriques pour les adolescents est en train de s'effondrer dans nos départements. Le manque de psychologues en structure publique crée une urgence sanitaire que nous ne pouvons plus ignorer.	des extraits de débat parlementaire ou télévisé (2 à 3 phrases)	public_health	1
public_health	Projet de loi visant à renforcer les effectifs paramédicaux dans les services d'urgence du Grand Est.	des titres d'articles sur des projets de loi ou des réformes	public_health	1
public_health	Réforme du financement des lits de réanimation : vers une dotation globale pour les centres hospitaliers universitaires.	des titres d'articles sur des projets de loi ou des réformes	public_health	1
public_health	Nouvelle campagne de dépistage gratuit du cancer colorectal pour les populations de plus de 50 ans.	des titres d'articles sur des projets de loi ou des réformes	public_health	1
public_health	Plan de modernisation de la médecine de proximité : déploiement de nouvelles unités de soins non programmés en zone rurale.	des titres d'articles sur des projets de loi ou des réformes	public_health	1
public_health	Loi Santé 2025 : extension de la prise en charge à 100 % des soins liés aux maladies chroniques par la Sécurité sociale.	des titres d'articles sur des projets de loi ou des réformes	public_health	1
public_health	Restructuration du réseau de maternités : le projet de fusion des services de néonatalogie en région PACA.	des titres d'articles sur des projets de loi ou des réformes	public_health	1
public_health	Renforcement du protocole de vaccination obligatoire contre la grippe saisonnière dans les établissements médico-sociaux.	des titres d'articles sur des projets de loi ou des réformes	public_health	1
public_health	Amélioration du parcours de soins : création d'un guichet unique pour l'accès aux soins de suite et de réadaptation.	des titres d'articles sur des projets de loi ou des réformes	public_health	1
public_health	Dispositif d'aide à l'installation des médecins généralistes dans les déserts médicaux du centre de la France.	des titres d'articles sur des projets de loi ou des réformes	public_health	1
public_health	Nouvelles normes d'hygiène et de sécurité sanitaire dans les structures d'accueil de personnes âgées dépendantes.	des titres d'articles sur des projets de loi ou des réformes	public_health	1
public_health	Il est inadmissible que les délais d'attente aux urgences de l'hôpital de Saint-Denis atteignent désormais douze heures en moyenne. Nous demandons un renforcement immédiat des effectifs infirmiers pour garantir une prise en charge digne des patients.	des extraits de tribunes ou de programmes, sans nommer de parti ni de personnalité réelle	public_health	1
public_health	Le déploiement de la télémédecine dans les zones rurales est une priorité pour lutter contre les déserts médicaux. Il faut garantir un accès aux spécialistes sans que les habitants de l'Aubrac n'aient à parcourir 100 kilomètres pour une simple consultation.	des extraits de tribunes ou de programmes, sans nommer de parti ni de personnalité réelle	public_health	1
public_health	Nous proposons la création d'un fonds d'aide à l'achat de prothèses auditives et dentaires, afin de réduire le reste à charge pour les ménages les plus modestes et de renforcer le panier de soins remboursés par l'assurance maladie.	des extraits de tribunes ou de programmes, sans nommer de parti ni de personnalité réelle	public_health	1
public_health	La désertification médicale ne peut plus être ignorée. Le manque de médecins généralistes dans le bassin de l'Eure menace directement la continuité des soins primaires et la prévention des maladies chroniques au sein de la population.	des extraits de tribunes ou de programmes, sans nommer de parti ni de personnalité réelle	public_health	1
public_health	Le plan de modernisation de nos infrastructures hospitalières doit inclure la rénovation thermique des blocs opératoires et la mise à jour des équipements d'imagerie médicale, notamment les IRM de dernière génération, pour améliorer le diagnostic précoce.	des extraits de tribunes ou de programmes, sans nommer de parti ni de personnalité réelle	public_health	1
public_health	Face à l'augmentation de la prévalence du diabète de type 2, notre programme prévoit le lancement d'une vaste campagne nationale de prévention nutritionnelle, ciblant les écoles et les centres de santé communautaires.	des extraits de tribunes ou de programmes, sans nommer de parti ni de personnalité réelle	public_health	1
public_health	La gestion des lits en réanimation doit être coordonnée au niveau régional pour éviter la saturation des structures de proximité lors des pics épidémiques saisonniers.	des extraits de tribunes ou de programmes, sans nommer de parti ni de personnalité réelle	public_health	1
public_health	Nous nous engageons à réformer le système de remboursement des médicaments génériques pour assurer une meilleure maîtrise des dépenses de santé tout en garantissant l'accès aux traitements essentiels pour tous les assurés.	des extraits de tribunes ou de programmes, sans nommer de parti ni de personnalité réelle	public_health	1
public_health	La situation du personnel soignant en services de soins de suite et de réadaptation (SSR) est alarmante. Le manque de moyens logistiques et humains impacte directement la qualité de la convalescence des patients âgés.	des extraits de tribunes ou de programmes, sans nommer de parti ni de personnalité réelle	public_health	1
public_health	L'accès aux soins psychiatriques est devenu un enjeu de santé publique majeur. Il est crucial de multiplier les centres médico-psychologiques (CMP) pour traiter la détresse psychologique croissante sans encombrer les services d'urgence hospitaliers.	des extraits de tribunes ou de programmes, sans nommer de parti ni de personnalité réelle	public_health	1
public_health	C'est quand même incroyable de voir qu'on ne trouve plus de lits d'aval pour les personnes âgées dans notre région. L'hôpital public est en train de craquer, on ne peut plus assurer les soins de base.	des messages familiers sur les réseaux sociaux à propos de la politique menée, sans insulte	public_health	1
public_health	Marre de payer des dépassements d'honoraires exorbitants chez tous les spécialistes. La sécurité sociale devrait vraiment mieux couvrir ces consultations, c'est une inégalité de santé flagrante.	des messages familiers sur les réseaux sociaux à propos de la politique menée, sans insulte	public_health	1
public_health	Est-ce que quelqu'un peut m'expliquer pourquoi les délais pour obtenir une IRM ont doublé en six mois ? On attend trois mois pour un rendez-vous, c'est inadmissible pour un suivi de tumeur.	des messages familiers sur les réseaux sociaux à propos de la politique menée, sans insulte	public_health	1
public_health	Franchement, les déserts médicaux, c'est devenu notre quotidien. On est obligés de faire 50 bornes pour trouver un simple médecin généraliste qui accepte de nouveaux patients.	des messages familiers sur les réseaux sociaux à propos de la politique menée, sans insulte	public_health	1
public_health	On parle de réformes partout, mais personne ne parle de l'épuisement des infirmiers dans les services de réanimation. Si on ne renforce pas les effectifs, le système va s'effondrer.	des messages familiers sur les réseaux sociaux à propos de la politique menée, sans insulte	public_health	1
public_health	J'ai essayé de me faire rembourser mes soins dentaires ce matin et la paperasse est devenue une vraie galère. On perd un temps fou avec ces nouvelles procédures administratives.	des messages familiers sur les réseaux sociaux à propos de la politique menée, sans insulte	public_health	1
public_health	Le manque de moyens dans les centres de santé communautaire est alarmant. On soigne l'urgence mais on oublie complètement la prévention et le suivi des maladies chroniques.	des messages familiers sur les réseaux sociaux à propos de la politique menée, sans insulte	public_health	1
public_health	Un petit message pour dire mon soutien aux sages-femmes qui luttent pour de meilleures conditions de travail en maternité. On a besoin de structures de soins dignes pour les nouveaux-nés.	des messages familiers sur les réseaux sociaux à propos de la politique menée, sans insulte	public_health	1
public_health	C'est trop facile de fermer des services d'urgence dans les petites villes sous prétexte d'optimisation. On ne peut pas laisser les populations locales sans accès direct aux soins primaires.	des messages familiers sur les réseaux sociaux à propos de la politique menée, sans insulte	public_health	1
public_health	Le prix des médicaments essentiels augmente sans cesse et la prise en charge par l'assurance maladie ne suit pas du tout. On va finir par devoir choisir entre se soigner et manger.	des messages familiers sur les réseaux sociaux à propos de la politique menée, sans insulte	public_health	1
budget_tax	Monsieur le Député, au regard de l'augmentation constante de la pression fiscale sur les ménages modestes, quelles mesures comptez-vous prendre pour réduire l'imposition directe sur le revenu dès l'année prochaine ?	des questions de citoyens adressées à un élu local ou national	budget_tax	1
budget_tax	Est-il raisonnable de continuer à creuser le déficit budgétaire de notre commune alors que nos réserves de trésorerie s'amenuisent de mois en mois à cause de la hausse des coûts de fonctionnement ?	des questions de citoyens adressées à un élu local ou national	budget_tax	1
budget_tax	En tant que commerçant, je constate que la hausse des taxes locales pèse lourdement sur ma marge. Avez-vous prévu un plan de dégrèvement pour les petites entreprises de la zone artisanale de Saint-Denis ?	des questions de citoyens adressées à un élu local ou national	budget_tax	1
budget_tax	Comment comptez-vous assurer l'équilibre des comptes publics sans augmenter la TVA, sachant que cela impacte directement le pouvoir d'achat des familles qui font leurs courses au supermarché ?	des questions de citoyens adressées à un élu local ou national	budget_tax	1
budget_tax	La dette publique atteint des sommets historiques. Quel est l'impact prévu de la remontée des taux d'intérêt sur le remboursement du capital de l'État pour les cinq prochaines années ?	des questions de citoyens adressées à un élu local ou national	budget_tax	1
budget_tax	Je m'interroge sur la pertinence de cette nouvelle ligne budgétaire dédiée aux infrastructures de transport alors que notre budget départemental est déjà en situation de déficit structurel.	des questions de citoyens adressées à un élu local ou national	budget_tax	1
budget_tax	Monsieur le Maire, la taxe foncière a bondi de 8 % cette année. Est-ce une décision délibérée pour financer les nouveaux équipements de la ville ou s'agit-il d'une simple réévaluation des bases d'imposition ?	des questions de citoyens adressées à un élu local ou national	budget_tax	1
budget_tax	Il est inadmissible que les niches fiscales profitent uniquement aux plus riches pendant que la part des impôts indirects ne cesse de croître dans le budget global de l'administration.	des questions de citoyens adressées à un élu local ou national	budget_tax	1
budget_tax	Quelle stratégie budgétaire proposez-vous pour stopper l'hémorragie de nos finances publiques sans sacrifier l'investissement nécessaire aux infrastructures routières de la région ?	des questions de citoyens adressées à un élu local ou national	budget_tax	1
budget_tax	Au vu de l'inflation actuelle, est-il prévu de revaloriser le barème de l'impôt sur le revenu pour éviter que les classes moyennes ne subissent une hausse de la charge fiscale sans augmentation de salaire ?	des questions de citoyens adressées à un élu local ou national	budget_tax	1
budget_tax	Monsieur le Ministre, la trajectoire de réduction du déficit affichée pour l'année prochaine est tout simplement irréaliste au regard de la stagnation de la croissance. Comment comptez-vous assainir les comptes sans une révision profonde des prélèvements obligatoires ?	des extraits de débat parlementaire ou télévisé (2 à 3 phrases)	budget_tax	1
budget_tax	Nous ne pouvons plus ignorer le poids de la dette publique qui pèse sur les générations futures. Le service de la dette consomme désormais une part trop importante de nos recettes fiscales, limitant toute marge de manœuvre pour l'investissement.	des extraits de débat parlementaire ou télévisé (2 à 3 phrases)	budget_tax	1
budget_tax	Le projet de loi de finances propose une hausse de la taxe sur les services numériques qui va pénaliser les petites entreprises locales. Il est urgent de revoir la structure de l'impôt sur les sociétés pour favoriser l'autofinancement.	des extraits de débat parlementaire ou télévisé (2 à 3 phrases)	budget_tax	1
budget_tax	Les chiffres du dernier rapport budgétaire sont alarmants, notamment concernant le creusement du solde structurel. Si nous ne parvenons pas à stabiliser les dépenses de fonctionnement de l'État, la notation souveraine de notre pays sera menacée.	des extraits de débat parlementaire ou télévisé (2 à 3 phrases)	budget_tax	1
budget_tax	Est-il acceptable que la pression fiscale sur les ménages de la classe moyenne continue de croître alors que les recettes de la TVA s'envolent ? Il faut une véritable politique de baisse de l'imposition directe.	des extraits de débat parlementaire ou télévisé (2 à 3 phrases)	budget_tax	1
budget_tax	La suppression de cette niche fiscale, bien que justifiée par un objectif de réduction de la dépense, va fragiliser le secteur de l'immobilier dans nos régions. Le budget ne doit pas se faire au détriment de la dynamique économique de nos territoires.	des extraits de débat parlementaire ou télévisé (2 à 3 phrases)	budget_tax	1
budget_tax	Je demande une clarification sur l'allocation des crédits de l'État pour l'année civile à venir. Où sont passés les fonds prévus pour le désendettement des collectivités locales ?	des extraits de débat parlementaire ou télévisé (2 à 3 phrases)	budget_tax	1
budget_tax	L'augmentation du taux d'imposition sur les hauts revenus est une mesure symbolique qui ne résoudra pas l'érosion de notre base fiscale. Nous avons besoin d'une réforme globale de la fiscalité du capital.	des extraits de débat parlementaire ou télévisé (2 à 3 phrases)	budget_tax	1
budget_tax	Le rapport de la commission des finances souligne une dérive inquiétante des dépenses de fonctionnement de l'administration centrale. Un plan d'austérité rigoureux s'impose pour ramener notre déficit sous la barre des 3 %.	des extraits de débat parlementaire ou télévisé (2 à 3 phrases)	budget_tax	1
budget_tax	Peut-on sérieusement parler de relance économique quand l'État prévoit de couper dans les aides fiscales aux entreprises ? Ce désengagement budgétaire est un signal désastreux pour l'investissement privé.	des extraits de débat parlementaire ou télévisé (2 à 3 phrases)	budget_tax	1
budget_tax	Projet de loi de finances : vers une révision à la hausse de la TVA sur les services numériques.	des titres d'articles sur des projets de loi ou des réformes	budget_tax	1
budget_tax	Le gouvernement annonce un plan de réduction du déficit public de 15 milliards d'euros d'ici 2026.	des titres d'articles sur des projets de loi ou des réformes	budget_tax	1
budget_tax	Réforme de la fiscalité locale : le Conseil Départemental de l'Oise propose une baisse de la taxe foncière pour les ménages.	des titres d'articles sur des projets de loi ou des réformes	budget_tax	1
budget_tax	Aperçu budgétaire : les nouvelles mesures de suppression des niches fiscales pour les investisseurs immobiliers.	des titres d'articles sur des projets de loi ou des réformes	budget_tax	1
budget_tax	Le ministère des Finances prévoit une augmentation de la dette souveraine suite aux nouveaux crédits d'investissement.	des titres d'articles sur des projets de loi ou des réformes	budget_tax	1
budget_tax	Budget de l'État : une restructuration des dotations aux collectivités territoriales est en cours d'examen au Parlement.	des titres d'articles sur des projets de loi ou des réformes	budget_tax	1
budget_tax	Nouveauté fiscale : introduction d'un prélèvement exceptionnel sur les dividendes des grandes entreprises.	des titres d'articles sur des projets de loi ou des réformes	budget_tax	1
budget_tax	Audit de la dépense publique : l'agence nationale propose de couper les budgets de fonctionnement des administrations centrales.	des titres d'articles sur des projets de loi ou des réformes	budget_tax	1
budget_tax	Loi de finances rectificative : focus sur le plafonnement des déductions fiscales pour les professions libérales.	des titres d'articles sur des projets de loi ou des réformes	budget_tax	1
budget_tax	Le débat sur l'équilibre budgétaire s'intensifie suite à l'annonce de l'accroissement de la pression fiscale sur la consommation.	des titres d'articles sur des projets de loi ou des réformes	budget_tax	1
budget_tax	Il est devenu inadmissible de voir l'assiette fiscale s'élargir sans que l'effort ne soit partagé par les plus grandes fortunes. Nous demandons une révision immédiate du taux d'imposition sur les dividendes pour réduire le déficit structurel.	des extraits de tribunes ou de programmes, sans nommer de parti ni de personnalité réelle	budget_tax	1
budget_tax	Le projet de loi de finances présente une trajectoire de réduction de la dette publique qui me semble totalement illusoire. Comment comptez-vous assainir les comptes de l'État sans une suppression massive de niches fiscales qui ne profitent qu'aux plus aisés ?	des extraits de tribunes ou de programmes, sans nommer de parti ni de personnalité réelle	budget_tax	1
budget_tax	>'Nous devons impérativement stopper l'hémorragie des crédits de fonctionnement au profit des investissements productifs. Le budget de l'État doit être recentré sur la réduction de la charge de la dette, qui pèse trop lourdement sur notre souveraineté financière.'	des extraits de tribunes ou de programmes, sans nommer de parti ni de personnalité réelle	budget_tax	1
budget_tax	La hausse de la TVA sur les produits de première nécessité est une mesure punitive qui frappe directement le pouvoir d'achat des ménages les plus modestes. Une véritable politique budgétaire devrait viser une baisse de la pression fiscale sur la consommation.	des extraits de tribunes ou de programmes, sans nommer de parti ni de personnalité réelle	budget_tax	1
budget_tax	Le ratio dette/PIB atteint des niveaux qui ne permettent plus aucune marge de manœuvre pour les générations futures. Il est temps d'instaurer un plafond de dépenses publiques strictement encadré par une règle d'or budgétaire.	des extraits de tribunes ou de programmes, sans nommer de parti ni de personnalité réelle	budget_tax	1
budget_tax	Question au représentant de la commission des finances : quels sont les objectifs précis de réduction du déficit public pour l'exercice 2025 et quels prélèvements obligatoires comptez-vous maintenir pour atteindre cet équilibre ?	des extraits de tribunes ou de programmes, sans nommer de parti ni de personnalité réelle	budget_tax	1
budget_tax	La suppression de l'ISF a entraîné une baisse nette des recettes fiscales de plusieurs milliards d'euros. Le programme propose de rétablir une contribution sur le patrimoine immobilier pour compenser ce manque à gagner dans le budget de l'État.	des extraits de tribunes ou de programmes, sans nommer de parti ni de personnalité réelle	budget_tax	1
budget_tax	L'opacité dans l'allocation des subventions publiques est inacceptable. Chaque euro dépensé par le Trésor doit faire l'objet d'une traçabilité accrue afin d'éviter le gaspillage des deniers publics.	des extraits de tribunes ou de programmes, sans nommer de parti ni de personnalité réelle	budget_tax	1
budget_tax	Nous proposons une réforme profonde de la fiscalité locale. Les dotations de l'État aux collectivités territoriales doivent être sanctuarisées pour permettre une gestion autonome des budgets communaux sans augmenter la taxe foncière.	des extraits de tribunes ou de programmes, sans nommer de parti ni de personnalité réelle	budget_tax	1
budget_tax	Encore une augmentation de la taxe sur le carburant annoncée... On fait comment pour finir le mois avec des prix qui montent sans arrêt ? C'est juste insupportable.	des messages familiers sur les réseaux sociaux à propos de la politique menée, sans insulte	budget_tax	1
budget_tax	Franchement, voir le montant de la dette publique grimper à chaque nouveau budget, ça me fait peur pour nos enfants. On vide les caisses sans réfléchir.	des messages familiers sur les réseaux sociaux à propos de la politique menée, sans insulte	budget_tax	1
budget_tax	J'ai reçu mon avis d'imposition ce matin et je suis en larmes. Les prélèvements ne s'arrêtent jamais de grimper, alors que le service public stagne.	des messages familiers sur les réseaux sociaux à propos de la politique menée, sans insulte	budget_tax	1
budget_tax	On parle de rééquilibrage des comptes, mais je ne vois que des nouvelles taxes sur les produits de consommation courante. C'est toujours les mêmes qui payent.	des messages familiers sur les réseaux sociaux à propos de la politique menée, sans insulte	budget_tax	1
budget_tax	Est-ce que quelqu'un peut m'expliquer où part tout cet argent collecté par l'État ? Le déficit explose et on nous demande de serrer la ceinture.	des messages familiers sur les réseaux sociaux à propos de la politique menée, sans insulte	budget_tax	1
budget_tax	Marre de voir ces budgets de plus en plus opaques. On nous promet des économies mais la pression fiscale devient totalement délirante pour la classe moyenne.	des messages familiers sur les réseaux sociaux à propos de la politique menée, sans insulte	budget_tax	1
budget_tax	Le prix du café et du pain augmente, les impôts locaux augmentent, le budget de la commune explose... On va finir par ne plus pouvoir s'acheter de quoi manger.	des messages familiers sur les réseaux sociaux à propos de la politique menée, sans insulte	budget_tax	1
budget_tax	Faut arrêter de jouer avec les chiffres du déficit. On s'endette comme des fous et on fait comme si tout allait bien. C'est une bombe à retardement.	des messages familiers sur les réseaux sociaux à propos de la politique menée, sans insulte	budget_tax	1
budget_tax	Petit coup de gueule contre la nouvelle taxe sur le plastique. On veut bien aider le budget, mais pourquoi toujours sur les petits consommateurs ?	des messages familiers sur les réseaux sociaux à propos de la politique menée, sans insulte	budget_tax	1
budget_tax	Entre la TVA qui ne baisse jamais et les nouvelles taxes locales, mon budget mensuel est devenu un casse-tête chinois. Stop à l'inflation fiscale !	des messages familiers sur les réseaux sociaux à propos de la politique menée, sans insulte	budget_tax	1
education	Monsieur le Maire, les parents d'élèves de l'école primaire Jean Moulin s'inquiètent du manque de places en classe de CP pour la rentrée prochaine. Comment comptez-vous gérer cet effectif croissant ?	des questions de citoyens adressées à un élu local ou national	education	1
education	Est-il prévu que la municipalité investisse dans la rénovation de la bibliothèque municipale et l'achat de nouveaux ouvrages pédagogiques pour les collégiens de la commune ?	des questions de citoyens adressées à un élu local ou national	education	1
education	Madame la Députée, nous constatons une dégradation des équipements numériques dans les lycées de notre circonscription. Un plan de dotation en tablettes et ordinateurs est-il envisagé ?	des questions de citoyens adressées à un élu local ou national	education	1
education	Le projet de création d'une nouvelle structure d'aide aux devoirs après la classe est-il à l'ordre du jour du prochain conseil municipal ?	des questions de citoyens adressées à un élu local ou national	education	1
education	En tant que parent d'un étudiant en médecine, je m'interroge sur l'accompagnement proposé par l'université pour les logements de proximité et la réussite aux examens.	des questions de citoyens adressées à un élu local ou national	education	1
education	Comment comptez-vous assurer le maintien des classes de maternelle dans les zones rurales de notre département malgré la baisse de la population scolaire ?	des questions de citoyens adressées à un élu local ou national	education	1
education	Nous demandons une révision du programme de sport scolaire pour inclure davantage d'activités de plein air et de nouvelles disciplines au sein de l'établissement.	des questions de citoyens adressées à un élu local ou national	education	1
education	Y a-t-il un budget spécifique prévu pour le recrutement d'intervenants spécialisés en soutien scolaire pour les élèves en situation de handicap dans nos écoles ?	des questions de citoyens adressées à un élu local ou national	education	1
education	L'accès aux ressources numériques pour les élèves de zones prioritaires est une priorité. Quelle stratégie de déploiement du haut débit dans les salles de classe est prévue ?	des questions de citoyens adressées à un élu local ou national	education	1
education	Madame la Régionale, la gestion des lycées professionnels nécessite des équipements de pointe. Est-il prévu une mise à jour des plateaux techniques pour les filières industrielles ?	des questions de citoyens adressées à un élu local ou national	education	1
education	Monsieur le Ministre, le manque de professeurs de mathématiques dans les collèges de la région est devenu insupportable. Nous demandons une révision immédiate du plan de recrutement pour les zones d'éducation prioritaire.	des extraits de débat parlementaire ou télévisé (2 à 3 phrases)	education	1
education	L'accès aux bibliothèques universitaires doit être renforcé pour les étudiants boursiers. On ne peut pas laisser les ressources numériques limitées à quelques campus de prestige.	des extraits de débat parlementaire ou télévisé (2 à 3 phrases)	education	1
education	Le nouveau programme de primaire introduit des notions trop complexes pour des enfants de six ans. Il faut revenir à une pédagogie basée sur les fondamentaux de la lecture et du calcul.	des extraits de débat parlementaire ou télévisé (2 à 3 phrases)	education	1
education	Nous proposons la création de nouvelles filières d'excellence en robotique au sein de nos lycées techniques. L'avenir de notre jeunesse dépend de la modernisation de nos infrastructures d'apprentissage.	des extraits de débat parlementaire ou télévisé (2 à 3 phrases)	education	1
education	Les frais d'inscription dans les écoles spécialisées sont devenus un obstacle majeur pour les familles modestes. Une aide directe aux inscriptions est indispensable pour garantir l'égalité des chances.	des extraits de débat parlementaire ou télévisé (2 à 3 phrases)	education	1
education	Le déploiement des tablettes numériques dans les classes de maternelle n'est pas une solution au déclin du niveau scolaire. Priorisons d'abord la formation continue des enseignants au maniement de ces nouveaux outils.	des extraits de débat parlementaire ou télévisé (2 à 3 phrases)	education	1
education	L'aménagement des temps de pause et la restauration scolaire sont des enjeux de vie quotidienne pour nos élèves. Nous demandons une révision des menus et des infrastructures de nos cantines scolaires.	des extraits de débat parlementaire ou télévisé (2 à 3 phrases)	education	1
education	Le décrochage scolaire en milieu rural est une réalité alarmante que nous ne pouvons plus ignorer. Il faut multiplier les dispositifs de tutorat et de soutien personnalisé dès le cycle complémentaire.	des extraits de débat parlementaire ou télévisé (2 à 3 phrases)	education	1
education	La réforme de l'examen du baccalauréat ne doit pas sacrifier la valeur des diplômes nationaux. Nous devons préserver un socle commun de connaissances rigoureux pour tous les lycéens.	des extraits de débat parlementaire ou télévisé (2 à 3 phrases)	education	1
education	Les campus universitaires manquent cruellement de logements étudiants abordables. Sans une politique de logement dédiée, nous allons perdre nos meilleurs talents au profit d'autres régions.	des extraits de débat parlementaire ou télévisé (2 à 3 phrases)	education	1
education	Projet de loi pour la rénovation des infrastructures scolaires en zones rurales : un plan d'urgence pour 500 établissements.	des titres d'articles sur des projets de loi ou des réformes	education	1
education	Réforme du baccalauréat : le ministère envisage de renforcer les épreuves de spécialité dès la rentrée prochaine.	des titres d'articles sur des projets de loi ou des réformes	education	1
education	Vers une gratuité totale des manuels scolaires dans les collèges de la région Occitanie.	des titres d'articles sur des projets de loi ou des réformes	education	1
education	Nouvelle directive sur l'orientation post-bac : l'accent sera mis sur l'apprentissage des langues étrangères dès le secondaire.	des titres d'articles sur des projets de loi ou des réformes	education	1
education	Plan national de lutte contre le décrochage scolaire : déploiement de nouveaux conseillers d'orientation dans les lycées.	des titres d'articles sur des projets de loi ou des réformes	education	1
education	Modernisation de l'enseignement supérieur : extension des capacités d'accueil des campus numériques.	des titres d'articles sur des projets de loi ou des réformes	education	1
education	Révision des programmes de mathématiques : une réforme pour favoriser la logique dès le cycle primaire.	des titres d'articles sur des projets de loi ou des réformes	education	1
education	Lancement du programme 'Écoles de demain' : intégration de nouveaux outils pédagogiques interactifs dans les classes de maternelle.	des titres d'articles sur des projets de loi ou des réformes	education	1
education	Débat parlementaire sur l'autonomie des universités et la restructuration des filières de recherche.	des titres d'articles sur des projets de loi ou des réformes	education	1
education	Réforme du dispositif de soutien scolaire : de nouveaux budgets alloués au tutorat personnalisé pour les élèves en difficulté.	des titres d'articles sur des projets de loi ou des réformes	education	1
education	Il est impératif de repenser la carte scolaire de notre département afin d'éviter la fermeture de classes dans les zones rurales. Nous nous engageons à maintenir un effectif enseignant stable pour garantir un socle de compétences commun à chaque enfant, peu importe son lieu de résidence.	des extraits de tribunes ou de programmes, sans nommer de parti ni de personnalité réelle	education	1
education	L'accès aux bibliothèques universitaires doit être une priorité. Nous proposons le déploiement de nouveaux fonds de ressources numériques pour les facultés de lettres et de sciences humaines, afin de moderniser l'accès aux savoirs fondamentaux durant les cycles de licence.	des extraits de tribunes ou de programmes, sans nommer de parti ni de personnalité réelle	education	1
education	Le taux d'échec en première année de licence de droit est alarmant. Il est temps de mettre en place des dispositifs de tutorat renforcé et des modules de méthodologie dès le second semestre pour accompagner les étudiants vers la réussite de leurs examens.	des extraits de tribunes ou de programmes, sans nommer de parti ni de personnalité réelle	education	1
education	Nous demandons une révision profonde des programmes de l'école primaire, avec un accent particulier mis sur l'apprentissage précoce de la lecture et de la grammaire. Le développement des capacités cognitives des plus jeunes ne peut être laissé au hasard.	des extraits de tribunes ou de programmes, sans nommer de parti ni de personnalité réelle	education	1
education	La création de nouvelles sections de baccalauréat professionnel dans le secteur du numérique est essentielle. Il faut aligner les formations techniques sur les besoins pédagogiques actuels pour offrir de réelles perspectives de spécialisation dès le lycée.	des extraits de tribunes ou de programmes, sans nommer de parti ni de personnalité réelle	education	1
education	Le manque de moyens pour le personnel d'accompagnement des élèves en situation de handicap (AESH) fragilise l'inclusion scolaire. Nous préconisons une revalorisation de leur statut et une augmentation du nombre d'intervenants dans les écoles élémentaires du secteur Nord.	des extraits de tribunes ou de programmes, sans nommer de parti ni de personnalité réelle	education	1
education	L'enseignement supérieur doit redevenir un lieu d'excellence et de recherche. Nous proposons d'augmenter les dotations destinées aux laboratoires de recherche fondamentale et de faciliter les bourses de mobilité pour les doctorants dans les disciplines scientifiques.	des extraits de tribunes ou de programmes, sans nommer de parti ni de personnalité réelle	education	1
education	Nous proposons l'instauration de classes de pédagogie active dans les collèges de la région. En intégrant de nouveaux outils interactifs et une approche par projets, nous pouvons redonner le goût de l'apprentissage aux élèves en difficulté.	des extraits de tribunes ou de programmes, sans nommer de parti ni de personnalité réelle	education	1
education	L'aménagement des espaces de travail au sein des campus universitaires est un enjeu majeur. Nous devons investir dans la rénovation des amphithéâtres et la création de salles de travail collaboratif équipées de technologies de pointe.	des extraits de tribunes ou de programmes, sans nommer de parti ni de personnalité réelle	education	1
education	Le développement des classes de langues étrangères dès le cycle 3 est une nécessité pour l'ouverture culturelle de nos élèves. Nous prévoyons d'intégrer davantage d'heures de pratique orale et de renforcer les partenariats avec les institutions éducatives locales.	des extraits de tribunes ou de programmes, sans nommer de parti ni de personnalité réelle	education	1
education	Franchement, c'est quoi ce projet de fermer la classe de CM2 à Saint-Denis ? On va devoir envoyer les gamins dans l'école d'à côté qui est déjà blindée. C'est inadmissible.	des messages familiers sur les réseaux sociaux à propos de la politique menée, sans insulte	education	1
education	Est-ce qu'on peut enfin parler du manque de profs de maths dans le secondaire ? Mon fils est en 4ème et ils n'ont pas de remplaçant depuis septembre. Ça devient n'importe quoi.	des messages familiers sur les réseaux sociaux à propos de la politique menée, sans insulte	education	1
education	Je viens de lire le nouveau programme de l'Éducation nationale... On s'éloigne trop des fondamentaux comme la dictée et la grammaire, c'est triste pour le niveau des élèves.	des messages familiers sur les réseaux sociaux à propos de la politique menée, sans insulte	education	1
education	Le coût de la vie étudiante à Lyon est devenu délirant. Entre le loyer et les bouquins, même avec une bourse, c'est impossible de s'en sortir sans travailler 30h par semaine.	des messages familiers sur les réseaux sociaux à propos de la politique menée, sans insulte	education	1
education	On propose quoi pour les lycées pro ? On ne peut pas continuer à les traiter comme une voie de garage. Il faut vraiment valoriser l'apprentissage technique.	des messages familiers sur les réseaux sociaux à propos de la politique menée, sans insulte	education	1
education	Marre de voir les plateformes numériques remplacer les manuels scolaires. Mes enfants passent trop de temps sur les tablettes, ça tue la concentration et l'écriture manuscrite.	des messages familiers sur les réseaux sociaux à propos de la politique menée, sans insulte	education	1
education	Faut qu'on réagisse sur la réforme de l'université. Supprimer des licences pour réduire les effectums, c'est une catastrophe pour la recherche et l'accès au savoir.	des messages familiers sur les réseaux sociaux à propos de la politique menée, sans insulte	education	1
education	Petite question pour les élus du département : quand est-ce qu'on rénove enfin les toitures de l'école primaire de la zone Nord ? Il pleut dans la salle de classe !	des messages familiers sur les réseaux sociaux à propos de la politique menée, sans insulte	education	1
education	Le niveau en langues étrangères s'effondre, c'est flagrant. On investit quoi pour que nos jeunes puissent vraiment communiquer en anglais ou en espagnol dès le collège ?	des messages familiers sur les réseaux sociaux à propos de la politique menée, sans insulte	education	1
education	On parle de bienveillance à l'école, mais on oublie de parler du harcèlement scolaire qui détruit des vies chaque jour. Il faut des moyens concrets pour le suivi psy des élèves.	des messages familiers sur les réseaux sociaux à propos de la politique menée, sans insulte	education	1
security_justice	Monsieur le Maire, depuis l'installation de ce nouveau complexe résidentiel, nous constatons une multiplication des actes de vandalisme dans notre quartier. Quelles mesures comptez-vous prendre pour renforcer la présence des patrouilles de police municipale la nuit ?	des questions de citoyens adressées à un élu local ou national	security_justice	1
security_justice	Est-il prévu d'augmenter le nombre de caméras de vidéoprotection sur la place de la Libération ? Les commerçants sont de plus en plus victimes de vols à la tire et nous nous sentons de moins en moins en sécurité en fin de journée.	des questions de citoyens adressées à un élu local ou national	security_justice	1
security_justice	Je souhaite savoir si le procureur de la République a pour projet de mettre en place des mesures de réparation plus fermes pour les auteurs de dégradations de mobilier urbain qui se multiplient dans notre commune.	des questions de citoyens adressées à un élu local ou national	security_justice	1
security_justice	Les récents cambriolages dans le secteur de la Zone Industrielle sont alarmants. Existe-t-il un plan de coordination entre la gendarmerie et les services de la ville pour sécuriser les entrepôts périphériques ?	des questions de citoyens adressées à un élu local ou national	security_justice	1
security_justice	Madame la Députée, le sentiment d'insécurité grandit dans nos zones rurales avec la recrudescence des vols de matériel agricole. Comment comptez-vous soutenir nos forces de l'ordre locales qui manquent de moyens de patrouille ?	des questions de citoyens adressées à un élu local ou national	security_justice	1
security_justice	En tant que président de l'association de quartier, je vous demande si une unité de police de proximité sera réaffectée au secteur Nord pour lutter plus efficacement contre le trafic de stupéfiants qui s'installe dans les halls d'immeubles.	des questions de citoyens adressées à un élu local ou national	security_justice	1
security_justice	Les dégradations de voitures garées sur le parking public de la mairie sont devenues quotidiennes. Est-il envisageable d'installer des barrières ou un système de contrôle d'accès plus rigoureux ?	des questions de citoyens adressées à un élu local ou national	security_justice	1
security_justice	Comment la justice peut-elle répondre plus rapidement aux plaintes pour menaces et harcèlement qui saturent nos commissariats ? Les délais de traitement actuels sont inacceptables pour les victimes.	des questions de citoyens adressées à un élu local ou national	security_justice	1
security_justice	Nous constatons une hausse de la délinquance de proximité, notamment les vols à l'arraché. Pouvez-vous nous garantir que le renforcement de la présence policière ne sera pas seulement symbolique mais effectif ?	des questions de citoyens adressées à un élu local ou national	security_justice	1
security_justice	Le manque de sanctions pour les incivilités de rue crée un climat d'impunité. Quelles réformes législatives prévoyez-vous pour que la loi soit réellement appliquée et respectée par tous dans l'espace public ?	des questions de citoyens adressées à un élu local ou national	security_justice	1
security_justice	Monsieur le Ministre, la multiplication des cambriolages dans le quartier de Saint-Denis n'est plus supportable pour les riverains. Nous exigeons une augmentation immédiate des patrouilles de police de proximité pour restaurer le sentiment de sécurité.	des extraits de débat parlementaire ou télévisé (2 à 3 phrases)	security_justice	1
security_justice	Les chiffres de la délinquance juvénile sont en hausse constante depuis six mois. Il est impératif de durcir les peines pour les infractions commises par les mineurs afin de protéger nos familles.	des extraits de débat parlementaire ou télévisé (2 à 3 phrases)	security_justice	1
security_justice	La mise en place de caméras de vidéoprotection dans les zones sensibles a montré ses limites face à la destruction de matériel. Nous devons investir dans des technologies de reconnaissance plus performantes pour identifier les auteurs de dégradations.	des extraits de débat parlementaire ou télévisé (2 à 3 phrases)	security_justice	1
security_justice	Le système judiciaire est actuellement saturé par l'accumulation des dossiers pénaux non traités. Si nous ne renforçons pas les effectifs des magistrats, l'impunité continuera de régner dans nos communes.	des extraits de débat parlementaire ou télévisé (2 à 3 phrases)	security_justice	1
security_justice	L'insécurité liée aux trafics de stupéfiants dans le centre-ville paralyse l'activité économique locale. La réponse de la police nationale doit être plus musclée pour démanteler ces réseaux de vente.	des extraits de débat parlementaire ou télévisé (2 à 3 phrases)	security_justice	1
security_justice	Nous ne pouvons pas accepter que les procédures d'enquête soient si longues et complexes. La justice doit être capable de sanctionner rapidement les actes de vandalisme qui touchent nos commerces.	des extraits de débat parlementaire ou télévisé (2 à 3 phrases)	security_justice	1
security_justice	Les forces de l'ordre manquent cruellement de moyens matériels pour intervenir efficacement durant la nuit. Le renouvellement de la flotte de véhicules d'intervention est une priorité absolue pour la sécurité de tous.	des extraits de débat parlementaire ou télévisé (2 à 3 phrases)	security_justice	1
security_justice	Le taux de récidive après une peine de prison ferme est tout simplement alarmant dans notre département. Une réforme profonde du régime carcéral est nécessaire pour assurer une véritable réinsertion.	des extraits de débat parlementaire ou télévisé (2 à 3 phrases)	security_justice	1
security_justice	Les citoyens demandent plus de présence policière lors des périodes de fêtes et de rassemblements publics. La peur de l'agression physique ne doit plus être un frein à la vie sociale dans nos quartiers.	des extraits de débat parlementaire ou télévisé (2 à 3 phrases)	security_justice	1
security_justice	La légitime défense doit être clarifiée dans le code pénal pour protéger ceux qui subissent des agressions violentes. Les agents sur le terrain ont besoin de cadres juridiques plus protecteurs lors de leurs interventions.	des extraits de débat parlementaire ou télévisé (2 à 3 phrases)	security_justice	1
security_justice	Vers un renforcement de la présence policière dans les zones urbaines sensibles	des titres d'articles sur des projets de loi ou des réformes	security_justice	1
security_justice	Projet de loi : extension des pouvoirs de contrôle d'identité pour les forces de l'ordre	des titres d'articles sur des projets de loi ou des réformes	security_justice	1
security_justice	Réforme du code de procédure pénale : simplification de la garde à vue	des titres d'articles sur des projets de loi ou des réformes	security_justice	1
security_justice	Déploiement de 500 caméras de vidéoprotection supplémentaires dans le centre-ville	des titres d'articles sur des projets de loi ou des réformes	security_justice	1
security_justice	Nouvelles mesures pour lutter contre l'augmentation des cambriolages de résidences	des titres d'articles sur des projets de loi ou des réformes	security_justice	1
security_justice	Modernisation des équipements de la brigade de répression du banditisme	des titres d'articles sur des projets de loi ou des réformes	security_justice	1
security_justice	Durcissement des sanctions pénales pour les délits de vandalisme de biens publics	des titres d'articles sur des projets de loi ou des réformes	security_justice	1
security_justice	Plan de lutte contre l'insécurité routière : multiplication des contrôles d'alcoolémie	des titres d'articles sur des projets de loi ou des réformes	security_justice	1
security_justice	Réorganisation des unités de police judiciaire pour optimiser les enquêtes de proximité	des titres d'articles sur des projets de loi ou des réformes	security_justice	1
security_justice	Renforcement de la surveillance nocturne dans le quartier de la gare	des titres d'articles sur des projets de loi ou des réformes	security_justice	1
security_justice	Il est inadmissible que les patrouilles de la police municipale aient été réduites de moitié dans le quartier de la Gare. Nous exigeons le déploiement immédiat de caméras de vidéoprotection sur l'avenue principale pour dissuader les actes de vandalisme qui se multiplient.	des extraits de tribunes ou de programmes, sans nommer de parti ni de personnalité réelle	security_justice	1
security_justice	Le sentiment d'insécurité grandit parmi les commerçants du centre-ville. Face à la hausse des vols à l'étalage et des agressions physiques, notre programme prévoit le renforcement des effectifs de la police de proximité et une augmentation des rondes de nuit.	des extraits de tribunes ou de programmes, sans nommer de parti ni de personnalité réelle	security_justice	1
security_justice	La justice est trop lente pour les victimes de délits mineurs. Il faut simplifier les procédures de plainte et réinvestir dans les tribunaux de proximité afin que les juges puissent traiter les dossiers de dégradations de biens plus rapidement.	des extraits de tribunes ou de programmes, sans nommer de parti ni de personnalité réelle	security_justice	1
security_justice	Le développement de la petite délinquance dans les zones résidentielles de la périphérie nécessite une réponse ferme. Nous préconisons une coordination accrue entre les forces de l'ordre et les services de surveillance de la ville.	des extraits de tribunes ou de programmes, sans nommer de parti ni de personnalité réelle	security_justice	1
security_justice	Est-il normal que les auteurs de dégradations sur le mobilier urbain ne soient jamais inquiétés ? Les citoyens demandent que la loi soit appliquée avec plus de rigueur et que les sanctions pénales soient systématiquement exécutées.	des extraits de tribunes ou de programmes, sans nommer de parti ni de personnalité réelle	security_justice	1
security_justice	L'augmentation des cambriolages dans les zones pavillonnantes est une réalité alarmante. Nous proposons la mise en place d'un dispositif de 'participation citoyenne' encadré par les autorités pour renforcer la vigilance collective.	des extraits de tribunes ou de programmes, sans nommer de parti ni de personnalité réelle	security_justice	1
security_justice	Nous demandons une réforme de la procédure pénale afin de permettre une réponse judiciaire plus immédiate pour les infractions de flagrance, évitant ainsi l'impunité qui encourage la récidive.	des extraits de tribunes ou de programmes, sans nommer de parti ni de personnalité réelle	security_justice	1
security_justice	La sécurité des piétons et la lutte contre les incivilités dans les parcs publics doivent devenir une priorité de l'action municipale. La présence de médiateurs et de patrouilles de sécurité est indispensable pour restaurer le calme.	des extraits de tribunes ou de programmes, sans nommer de parti ni de personnalité réelle	security_justice	1
security_justice	Le dossier de la justice des mineurs est devenu critique. Il est impératif de renforcer les structures de suivi judiciaire pour s'assurer que les mesures de réparation soient réellement suivies d'effets et préviennent la bascule vers la criminalité.	des extraits de tribunes ou de programmes, sans nommer de parti ni de personnalité réelle	security_justice	1
security_justice	Face à la multiplication des rackets aux abords des zones de loisirs, nous demandons des moyens supplémentaires pour les brigades spécialisées afin de sécuriser les espaces publics et de protéger les populations les plus vulnérables.	des extraits de tribunes ou de programmes, sans nommer de parti ni de personnalité réelle	security_justice	1
security_justice	Franchement, on en parle de l'augmentation des cambriolages dans le quartier de Saint-Denis ? On n'ose même plus laisser une fenêtre ouverte, c'est n'importe quoi.	des messages familiers sur les réseaux sociaux à propos de la politique menée, sans insulte	security_justice	1
security_justice	Ma voisine s'est fait agresser dans le parc hier soir et aucune patrouille ne passait dans le secteur. On attend quoi pour renforcer la présence policière ?	des messages familiers sur les réseaux sociaux à propos de la politique menée, sans insulte	security_justice	1
security_justice	Marre de voir les délinquants se balader en toute impunité après une simple garde à vue. La justice doit enfin montrer qu'elle protège les victimes.	des messages familiers sur les réseaux sociaux à propos de la politique menée, sans insulte	security_justice	1
security_justice	J'ai croisé une patrouille de la police municipale ce matin sur la place du marché, ça fait du bien de voir un peu de présence, ça rassure les commerçants.	des messages familiers sur les réseaux sociaux à propos de la politique menée, sans insulte	security_justice	1
security_justice	Le nouveau dispositif de vidéosurveillance dans le centre-ville est une excellente idée. On espère que ça fera vraiment baisser le taux de vandalisme.	des messages familiers sur les réseaux sociaux à propos de la politique menée, sans insulte	security_justice	1
security_justice	Encore un vol à l'arraché devant la boulangerie... La sécurité de proximité est devenue un souvenir, c'est désolant pour nos vieux quartiers.	des messages familiers sur les réseaux sociaux à propos de la politique menée, sans insulte	security_justice	1
security_justice	Est-ce que quelqu'un sait si le maire a prévu des moyens supplémentaires pour les agents de sécurité dans les zones piétonnes ? On se sent vraiment vulnérables le week-end.	des messages familiers sur les réseaux sociaux à propos de la politique menée, sans insulte	security_justice	1
security_justice	On ne peut pas demander aux policiers de faire des miracles avec les effectifs actuels. Il faut vraiment revoir la politique de maintien de l'ordre.	des messages familiers sur les réseaux sociaux à propos de la politique menée, sans insulte	security_justice	1
security_justice	Les délais pour obtenir un procès en cas de dégradation de véhicule sont devenus délirants. On attend des mois pour que rien ne soit fait.	des messages familiers sur les réseaux sociaux à propos de la politique menée, sans insulte	security_justice	1
security_justice	Le quartier est devenu un vrai laisser-faire, les contrôles de routine ne se font plus du tout. On a besoin de fermeté face aux incivilités.	des messages familiers sur les réseaux sociaux à propos de la politique menée, sans insulte	security_justice	1
energy_climate	Monsieur le Maire, nous constatons que l'éclairage public de notre quartier reste allumé toute la nuit alors que la rue est déserte. Existe-t-il un plan de réduction de la consommation électrique pour la commune ?	des questions de citoyens adressées à un élu local ou national	energy_climate	1
energy_climate	Face à la multiplication des épisodes de sécheresse dans notre région, quelles mesures concrètes comptez-vous prendre pour limiter l'usage de l'eau potable pour l'arrosage des espaces verts municipaux ?	des questions de citoyens adressées à un élu local ou national	energy_climate	1
energy_climate	Ma question concerne la rénovation thermique des bâtiments publics de la métropole. Est-il prévu d'augmenter la part de l'isolation par l'extérieur pour réduire l'empreinte carbone de nos infrastructures ?	des questions de citoyens adressées à un élu local ou national	energy_climate	1
energy_climate	En tant qu'agriculteur, je m'inquiète de la hausse du prix des engrais chimiques. Allez-vous soutenir davantage la transition vers l'agroécologie et les méthodes de culture plus respectueuses des sols ?	des questions de citoyens adressées à un élu local ou national	energy_climate	1
energy_climate	Le projet d'installation de panneaux photovoltaïques sur les toits de la zone industrielle est-il compatible avec la préservation de la biodiversité locale et des corridors écologiques ?	des questions de citoyens adressées à un élu local ou national	energy_climate	1
energy_climate	Madame la Députée, le déploiement des bornes de recharge pour véhicules électriques dans notre département avance trop lentement. Comment comptez-vous accélérer ce maillage pour encourager la mobilité propre ?	des questions de citoyens adressées à un élu local ou national	energy_climate	1
energy_climate	La gestion des déchets ménagers devient problématique avec la saturation du centre de tri local. Un plan de réduction à la source, notamment sur les plastiques à usage unique, est-il à l'ordre du jour ?	des questions de citoyens adressées à un élu local ou national	energy_climate	1
energy_climate	Comment comptez-vous accompagner la fin programmée des moteurs thermiques dans notre commune, sans pénaliser les habitants qui dépendent de leur véhicule pour travailler ?	des questions de citoyens adressées à un élu local ou national	energy_climate	1
energy_climate	Les prévisions climatiques pour l'hiver prochain sont alarmantes concernant les risques d'incendies de forêt. Quel budget est alloué à la création de pare-feu et à la gestion de la biomasse ?	des questions de citoyens adressées à un élu local ou national	energy_climate	1
energy_climate	La construction de ce nouveau complexe logistique va bétonner des zones humides essentielles. Allez-vous voter une politique de zéro artificialisation nette pour protéger nos écosystèmes ?	des questions de citoyens adressées à un élu local ou national	energy_climate	1
energy_climate	Il est impératif d'accélérer le déploiement des parcs éoliens en mer au large de la Bretagne. Nous ne pouvons plus ignorer l'urgence climatique qui menace nos côtes et nos écosystèmes marins.	des extraits de débat parlementaire ou télévisé (2 à 3 phrases)	energy_climate	1
energy_climate	La dépendance au gaz naturel est devenue un risque majeur pour notre souveraineté énergétique. Il est temps d'investir massivement dans le mix électrique via le nucléaire de nouvelle génération et le solaire.	des extraits de débat parlementaire ou télévisé (2 à 3 phrases)	energy_climate	1
energy_climate	Le plan de rénovation thermique des bâtiments anciens doit être la priorité de ce mandat. Réduire les passoires thermiques, c'est à la fois réduire les émissions de CO2 et préserver la biodiversité.	des extraits de débat parlementaire ou télévisé (2 à 3 phrases)	energy_climate	1
energy_climate	Monsieur le Ministre, les chiffres sur la fonte des glaciers dans les Alpes sont alarmants. Quelles mesures concrètes comptez-vous prendre pour limiter l'impact de la hausse des températures sur nos ressources en eau ?	des extraits de débat parlementaire ou télévisé (2 à 3 phrases)	energy_climate	1
energy_climate	Nous devons sortir de l'ère du tout-pétrole et favoriser le développement des infrastructures pour la mobilité douce. Le déploiement des pistes cyclables urbaines est un levier essentiel de la transition.	des extraits de débat parlementaire ou télévisé (2 à 3 phrases)	energy_climate	1
energy_climate	L'extension des zones de protection de la nature est une nécessité absolue pour sauvegarder les espèces menacées. La préservation de la biomasse forestière ne peut plus être sacrifiée au profit de l'industrie.	des extraits de débat parlementaire ou télévisé (2 à 3 phrases)	energy_climate	1
energy_climate	Le développement de l'hydrogène vert est le véritable moteur de la décarbonation de notre industrie lourde. Sans une stratégie claire sur les électrolyseurs, nous manquerons le virage de la neutralité carbone.	des extraits de débat parlementaire ou télévisé (2 à 3 phrases)	energy_climate	1
energy_climate	Regardez les sécheresses récurrentes dans le sud du pays, elles ne sont pas une fatalité mais le résultat de notre inaction climatique. La gestion de la ressource hydrique doit être repensée dès aujourd'hui.	des extraits de débat parlementaire ou télévisé (2 à 3 phrases)	energy_climate	1
energy_climate	La mise en place d'une tarification incitative pour l'électricité permettrait de lisser la consommation durant les pics de demande. C'est un outil indispensable pour stabiliser notre réseau électrique face aux énergies intermittentes.	des extraits de débat parlementaire ou télévisé (2 à 3 phrases)	energy_climate	1
energy_climate	Le projet de centrale solaire dans la vallée de la Loire doit être réévalué pour éviter de fragmenter les habitats naturels. La transition énergétique ne doit pas se faire au détriment de la biodiversité locale.	des extraits de débat parlementaire ou télévisé (2 à 3 phrases)	energy_climate	1
energy_climate	Vers une interdiction progressive des chaudières au fioul dans les zones urbaines d'ici 2030	des titres d'articles sur des projets de loi ou des réformes	energy_climate	1
energy_climate	Plan de déploiement massif des parcs éoliens offshore dans le golfe de Saint-Brieuc	des titres d'articles sur des projets de loi ou des réformes	energy_climate	1
energy_climate	Nouvelle réglementation sur l'isolation thermique obligatoire pour les bâtiments industriels de la région Grand Est	des titres d'articles sur des projets de loi ou des réformes	energy_climate	1
energy_climate	Réforme du cadre législatif pour l'accélération des projets de méthanisation agricole en zone rurale	des titres d'articles sur des projets de loi ou des réformes	energy_climate	1
energy_climate	Loi de transition : obligation de végétalisation des toitures pour les nouveaux complexes immobiliers	des titres d'articles sur des projets de loi ou des réformes	energy_climate	1
energy_climate	Projet de décret visant à augmenter la part du nucléaire dans le mix électrique national	des titres d'articles sur des projets de loi ou des réformes	energy_climate	1
energy_climate	Stratégie nationale pour la réduction drastique de l'usage des pesticides dans les grandes cultures	des titres d'articles sur des projets de loi ou des réformes	energy_climate	1
energy_climate	Plan de modernisation du réseau de transport d'électricité pour intégrer les énergies renouvelables intermittentes	des titres d'articles sur des projets de loi ou des réformes	energy_climate	1
energy_climate	Nouvelles normes de performance énergétique pour la rénovation des logements anciens en zone sensible	des titres d'articles sur des projets de loi ou des réformes	energy_climate	1
energy_climate	Décret sur la gestion des ressources en eau et la protection des nappes phréatiques face aux sécheresses récurrentes	des titres d'articles sur des projets de loi ou des réformes	energy_climate	1
energy_climate	Il est impératif d'accélérer le déploiement des parcs éoliens offshore le long de nos côtes pour réduire notre dépendance aux énergies fossiles et atteindre la neutralité carbone d'ici 2050.	des extraits de tribunes ou de programmes, sans nommer de parti ni de personnalité réelle	energy_climate	1
energy_climate	Face à l'augmentation de la fréquence des sécheresses dans le bassin méditerranéen, nous proposons un plan massif de rénovation thermique des bâtiments publics afin de limiter la consommation de climatisation.	des extraits de tribunes ou de programmes, sans nommer de parti ni de personnalité réelle	energy_climate	1
energy_climate	Le projet de centrale photovoltaïque sur les zones dégradées de la région Hauts-de-France doit être une priorité pour assurer notre souveraineté énergétique tout en protégeant la biodiversité locale.	des extraits de tribunes ou de programmes, sans nommer de parti ni de personnalité réelle	energy_climate	1
energy_climate	Nous ne pouvons plus ignorer le déclin des populations d'abeilles et la pollution des sols par les pesticides ; une transition vers l'agroécologie est la seule réponse viable face à l'urgence climatique.	des extraits de tribunes ou de programmes, sans nommer de parti ni de personnalité réelle	energy_climate	1
energy_climate	La question de la gestion de l'eau est devenue critique pour nos agriculteurs. Il faut investir dans des infrastructures de récupération des eaux de pluie et moderniser les réseaux d'irrigation pour faire face aux canicules récurrentes.	des extraits de tribunes ou de programmes, sans nommer de parti ni de personnalité réelle	energy_climate	1
energy_climate	L'objectif est clair : supprimer progressivement l'usage du fioul domestif dans toutes les communes rurales au profit de systèmes de chauffage biomasse et de pompes à chaleur haute performance.	des extraits de tribunes ou de programmes, sans nommer de parti ni de personnalité réelle	energy_climate	1
energy_climate	La décarbonation de notre parc industriel nécessite des subventions massives pour la captation du CO2 et le développement de l'hydrogène vert, sans quoi nos usines perdront toute compétitivité face aux normes environnementales mondiales.	des extraits de tribunes ou de programmes, sans nommer de parti ni de personnalité réelle	energy_climate	1
energy_climate	Le plan de préservation des zones humides de la vallée de la Loire est essentiel pour maintenir les services écosystémiques et lutter contre les inondations liées au dérèglement climatique.	des extraits de tribunes ou de programmes, sans nommer de parti ni de personnalité réelle	energy_climate	1
energy_climate	Nous proposons la création d'un fonds de dotation dédié à la transformation des réseaux de transport ferroviaire pour favoriser la mobilité douce et réduire l'empreinte carbone liée aux trajets quotidiens.	des extraits de tribunes ou de programmes, sans nommer de parti ni de personnalité réelle	energy_climate	1
energy_climate	L'interdiction des plastiques à usage unique dans les zones protégées doit être complétée par une stratégie nationale de promotion de l'économie circulaire et du réemploi des matériaux de construction.	des extraits de tribunes ou de programmes, sans nommer de parti ni de personnalité réelle	energy_climate	1
energy_climate	C'est quand qu'on arrête de construire des autoroutes ? Ma commune est en train de se faire bétonner et on ne voit même plus la forêt à travers le bitume. On veut du vert, pas du gris !	des messages familiers sur les réseaux sociaux à propos de la politique menée, sans insulte	energy_climate	1
energy_climate	Franchement, j'en ai marre des annonces sur le climat qui ne changent rien au quotidien. On nous demande de moins chauffer mais les normes pour l'isolation sont impossibles à suivre. On fait quoi concrètement ?	des messages familiers sur les réseaux sociaux à propos de la politique menée, sans insulte	energy_climate	1
energy_climate	Petit coup de gueule contre la multiplication des éoliennes dans le vallon. Ça gâche la vue de mes randonnées du dimanche et personne n'a demandé ça aux habitants du village.	des messages familiers sur les réseaux sociaux à propos de la politique menée, sans insulte	energy_climate	1
energy_climate	Est-ce qu'on peut enfin parler sérieusement de la rénovation thermique de nos logements ? Entre les aides qui partent trop vite et les devis de pompes à chaleur qui s'envolent, c'est le parcours du combattant.	des messages familiers sur les réseaux sociaux à propos de la politique menée, sans insulte	energy_climate	1
energy_climate	J'ai vu que le nouveau projet de parc solaire va être installé à côté de la zone humide. C'est ça la transition ? Détruire la biodiversité locale pour mettre des panneaux ? À méditer...	des messages familiers sur les réseaux sociaux à propos de la politique menée, sans insulte	energy_climate	1
energy_climate	Marre de voir les prix de l'essence grimper à chaque fois qu'il y a une petite crise. Il est temps d'investir massivement dans le rail et les pistes cyclables pour qu'on puisse enfin se passer de la voiture.	des messages familiers sur les réseaux sociaux à propos de la politique menée, sans insulte	energy_climate	1
energy_climate	Enfin une initiative sympa dans le quartier avec le composteur partagé ! Dommage que les politiques ne soutiennent pas autant les micro-projets que les gros projets industriels.	des messages familiers sur les réseaux sociaux à propos de la politique menée, sans insulte	energy_climate	1
energy_climate	On nous parle de sobriété énergétique mais les centres commerciaux continuent de chauffer leurs parkings en plein été. Un peu de cohérence dans vos discours, s'il vous plaît.	des messages familiers sur les réseaux sociaux à propos de la politique menée, sans insulte	energy_climate	1
energy_climate	Est-ce que quelqu'un peut m'expliquer le plan pour l'interdiction des pesticides dans notre région ? On entend tout et son contraire, on ne sait même plus ce qu'on mange au marché.	des messages familiers sur les réseaux sociaux à propos de la politique menée, sans insulte	energy_climate	1
energy_climate	Le nouveau projet de méthanisation près de la ferme de mon oncle, ça m'inquiète pour la qualité de l'air et des sols. On ne peut pas tout transformer en usine au nom de l'écologie.	des messages familiers sur les réseaux sociaux à propos de la politique menée, sans insulte	energy_climate	1
labor_pensions	Monsieur le Député, avec l'automatisation croissante dans notre secteur industriel à Saint-Nazaire, comment comptez-vous accompagner la reconversion des ouvriers qui risquent de perdre leur emploi d'ici deux ans ?	des questions de citoyens adressées à un élu local ou national	labor_pensions	1
labor_pensions	Bonjour, je m'adresse à vous car la baisse du taux de remplacement dans nos pensions est une véritable catastrophe pour les anciens salariés du secteur de la logistique. Quel plan proposez-vous pour garantir une retraite décente sans augmenter l'âge de départ ?	des questions de citoyens adressées à un élu local ou national	labor_pensions	1
labor_pensions	En tant que représentant local, quelle est votre position sur l'extension de la semaine de quatre jours pour les petites entreprises de notre département ? Cela pourrait réduire le chômage technique.	des questions de citoyens adressées à un élu local ou national	labor_pensions	1
labor_pensions	Nous constatons une explosion du nombre de contrats précaires dans la zone artisanale de la commune. Ne pensez-vous pas qu'il est urgent de mettre en place des aides à l'embauche en CDI pour stabiliser l'emploi local ?	des questions de citoyens adressées à un élu local ou national	labor_pensions	1
labor_pensions	Madame la Maire, le taux de chômage des jeunes de notre quartier a doublé en trois ans. Quelles mesures concrètes comptez-vous prendre pour favoriser l'insertion professionnelle des moins de 25 ans ?	des questions de citoyens adressées à un élu local ou national	labor_pensions	1
labor_pensions	Le calcul de la durée d'assurance est devenu un casse-tête pour les salariés ayant eu des carrières hachées. Comment comptez-vous simplifier les règles de liquidation des pensions pour ceux qui ont eu de nombreux changements d'employeurs ?	des questions de citoyens adressées à un élu local ou national	labor_pensions	1
labor_pensions	Je vous interpelle sur la situation des travailleurs de plateforme qui n'ont aucune protection liée à l'emploi. Votre programme prévoit-il un nouveau statut pour reconnaître leur lien de subordination ?	des questions de citoyens adressées à un élu local ou national	labor_pensions	1
labor_pensions	À l'heure où l'on parle de réforme, je voudrais savoir si vous soutenez le maintien de l'âge de départ à 62 ans pour tous les métiers pénibles, notamment dans le bâtiment et les services à la personne.	des questions de citoyens adressées à un élu local ou national	labor_pensions	1
labor_pensions	Les aides au retour à l'emploi ne suffisent plus à compenser la perte de pouvoir d'achat liée à la précarité des contrats courts. Avez-vous des propositions pour renforcer l'indemnisation du chômage partiel ?	des questions de citoyens adressées à un élu local ou national	labor_pensions	1
labor_pensions	Monsieur l'Élu, comment comptez-vous lutter contre le désert professionnel que devient notre petite ville, alors que les usines ferment les unes après les autres sans qu'aucune nouvelle activité ne soit créée ?	des questions de citoyens adressées à un élu local ou national	labor_pensions	1
labor_pensions	Il est inacceptable de voir le taux de chômage des jeunes de notre région stagner à 18 % depuis deux ans. Nous devons impérativement mettre en place des mesures de soutien à l'apprentissage pour relancer l'embauche dans le secteur industriel.	des extraits de débat parlementaire ou télévisé (2 à 3 phrases)	labor_pensions	1
labor_pensions	Le déploiement des réformes sur le recul de l'âge légal crée une angoisse profonde chez les salariés de plus de 55 ans. Comment comptez-vous garantir le maintien de l'emploi pour ces travailleurs seniors qui sont souvent écartés du marché ?	des extraits de débat parlementaire ou télévisé (2 à 3 phrases)	labor_pensions	1
labor_pensions	L'automatisation des chaînes de montage dans les usines de la zone Nord menace directement des milliers de contrats précaires. La reconversion professionnelle ne peut pas être qu'un slogan, il faut des financements concrets pour la formation technique.	des extraits de débat parlementaire ou télévisé (2 à 3 phrases)	labor_pensions	1
labor_pensions	Le droit au salaire minimum doit être respecté pour tous les contrats de courte durée, notamment dans la restauration. Nous observons une multiplication des heures non rémunérées qui fragilise la stabilité des foyers.	des extraits de débat parlementaire ou télévisé (2 à 3 phrases)	labor_pensions	1
labor_pensions	La question des pensions de réversion reste un point de tension majeur pour les veuves de l'industrie. Il est crucial de réévaluer les critères d'attribution pour ne pas laisser ces travailleuses dans une précarité extrême.	des extraits de débat parlementaire ou télévisé (2 à 3 phrases)	labor_pensions	1
labor_pensions	Les métallurgistes de la vallée de l'Oise attendent des réponses sur la pérennité de leurs postes face à la concurrence étrangère. Le chômage technique qui menace la région est un signal d'alarme que l'État ne peut ignorer.	des extraits de débat parlementaire ou télévisé (2 à 3 phrases)	labor_pensions	1
labor_pensions	Nous proposons la création d'un fonds d'indemnisation spécifique pour les travailleurs de plateforme qui n'ont aucune protection sociale liée à l'emploi. Le statut de micro-entrepreneur ne doit pas devenir un outil de déresponsabilisation des donneurs d'ordres.	des extraits de débat parlementaire ou télévisé (2 à 3 phrases)	labor_pensions	1
labor_pensions	Le calcul des trimestres pour la retraite à taux plein est devenu une source d'incertitude totale pour les nouveaux entrants sur le marché du travail. Les conventions collectives doivent être renégociées pour inclure des clauses de garantie de revenus.	des extraits de débat parlementaire ou télévisé (2 à 3 phrases)	labor_pensions	1
labor_pensions	Regardez les chiffres de l'insertion professionnelle dans nos zones urbaines sensibles : ils sont en chute libre. Sans un plan massif de création d'emplois de proximité, la fracture sociale va devenir irréversible.	des extraits de débat parlementaire ou télévisé (2 à 3 phrases)	labor_pensions	1
labor_pensions	La pénibilité au travail ne doit plus être une variable d'ajustement lors des négociations annuelles obligatoires. Les métiers de la logistique, notamment le portage de charges lourdes, nécessitent une reconnaissance immédiate dans le calcul des droits à la retraite.	des extraits de débat parlementaire ou télévisé (2 à 3 phrases)	labor_pensions	1
labor_pensions	Vers une réforme globale du système de calcul des annuités pour les cadres du secteur privé.	des titres d'articles sur des projets de loi ou des réformes	labor_pensions	1
labor_pensions	Nouveau dispositif d'aide à l'embauche pour les jeunes diplômés dans la région Grand Est : focus sur les contrats de longue durée.	des titres d'articles sur des projets de loi ou des réformes	labor_pensions	1
labor_pensions	Projet de loi visant à l'allongement de la durée de cotisation pour les carrières incomplètes.	des titres d'articles sur des projets de loi ou des réformes	labor_pensions	1
labor_pensions	Plan d'urgence pour la lutte contre le chômage de longue durée en zone rurale : extension de l'indemnisation.	des titres d'articles sur des projets de loi ou des réformes	labor_pensions	1
labor_pensions	Modernisation des accords de branche : vers une unification des primes d'ancienneté dans le secteur industriel.	des titres d'articles sur des projets de loi ou des réformes	labor_pensions	1
labor_pensions	Nouvelles mesures pour favoriser le retour à l'emploi des seniors après une période d'inactivité.	des titres d'articles sur des projets de loi ou des réformes	labor_pensions	1
labor_pensions	Révision des critères d'éligibilité aux aides à la création d'entreprise pour les auto-entrepreneurs.	des titres d'articles sur des projets de loi ou des réformes	labor_pensions	1
labor_pensions	Propositions pour une revalorisation des minima conventionnels dans les métiers de la logistique.	des titres d'articles sur des projets de loi ou des réformes	labor_pensions	1
labor_pensions	Vers une modification de l'âge de départ effectif pour les métiers pénibles : le calendrier des réformes.	des titres d'articles sur des projets de loi ou des réformes	labor_pensions	1
labor_pensions	Déploiement du nouveau programme d'accompagnement personnalisé pour les demandeurs d'emploi du secteur numérique.	des titres d'articles sur des projets de loi ou des réformes	labor_pensions	1
labor_pensions	Il est inadmissible que l'âge légal de départ à la retraite continue de reculer sans une véritable concertation avec les représentants syndicaux. Nous demandons une revalorisation immédiate des pensions minimales pour garantir une fin de vie digne à nos aînés.	des extraits de tribunes ou de programmes, sans nommer de parti ni de personnalité réelle	labor_pensions	1
labor_pensions	Le taux de chômage dans la zone industrielle de Saint-Omer ne cesse de stagner. Nos ouvriers spécialisés sont les laissés-pour compte de la transition numérique. Il nous faut un plan massif de reconversion professionnelle pour les métiers de la métallurgie.	des extraits de tribunes ou de programmes, sans nommer de parti ni de personnalité réelle	labor_pensions	1
labor_pensions	La précarité des contrats courts, notamment les CDD en cascade, détruit le lien social dans nos quartiers. Nous préconisons une prime à la pérennisation des emplois pour inciter les entreprises locales à proposer des CDI.	des extraits de tribunes ou de programmes, sans nommer de parti ni de personnalité réelle	labor_pensions	1
labor_pensions	À 62 ans, beaucoup de nos salariés n'ont plus la force physique de tenir des postes de manutention. Le dispositif de retraite progressive doit être élargi et rendu accessible sans conditions de ressources excessives.	des extraits de tribunes ou de programmes, sans nommer de parti ni de personnalité réelle	labor_pensions	1
labor_pensions	Le déploiement de l'intelligence artificielle dans les services administratifs ne doit pas se faire au détriment de l'emploi. Nous proposons la création d'un fonds de garantie pour le maintien de l'emploi des travailleurs de bureau.	des extraits de tribunes ou de programmes, sans nommer de parti ni de personnalité réelle	labor_pensions	1
labor_pensions	Question pour le représentant de la région : comment comptez-vous accompagner les travailleurs de plus de 55 ans vers une sortie de carrière fluide sans passer par une case chômage traumatisante ?	des extraits de tribunes ou de programmes, sans nommer de parti ni de personnalité réelle	labor_pensions	1
labor_pensions	L'augmentation du temps partiel subi, notamment chez les mères de famille, est un frein à l'autonomie financière. Il est temps de repenser l'organisation du travail pour permettre un équilibre vie pro-vie perso réel.	des extraits de tribunes ou de programmes, sans nommer de parti ni de personnalité réelle	labor_pensions	1
labor_pensions	Le secteur de l'hôtellerie-restauration subit une crise de vocation sans précédent. Le manque de perspectives de carrière et les horaires décalés éloignent les jeunes des métiers de bouche. Il faut valoriser les échelons de salaire dès l'entrée dans l'entreprise.	des extraits de tribunes ou de programmes, sans nommer de parti ni de personnalité réelle	labor_pensions	1
labor_pensions	Nos programmes de formation doivent s'adapter aux besoins de la logistique moderne. Le chômage de longue durée est souvent dû à une inadéquation entre les compétences des demandeurs d'emploi et les besoins des entrepôts de la périphérie lyonnaise.	des extraits de tribunes ou de programmes, sans nommer de parti ni de personnalité réelle	labor_pensions	1
labor_pensions	Nous nous engageons à protéger le pouvoir d'achat des retraités face à l'inflation, en indexant strictement les pensions sur l'évolution du coût de la vie, afin que le travail de toute une vie ne soit pas réduit à une simple survie.	des extraits de tribunes ou de programmes, sans nommer de parti ni de personnalité réelle	labor_pensions	1
labor_pensions	Franchement, c'est quand qu'on s'occupe de la pénibilité ? J'ai passé 20 ans à l'usine et on nous demande de bosser jusqu'à 67 ans, c'est n'importe quoi.	des messages familiers sur les réseaux sociaux à propos de la politique menée, sans insulte	labor_pensions	1
labor_pensions	Je viens de voir la nouvelle offre pour le poste de préparateur de commandes à Lyon, mais le salaire proposé ne couvre même pas le prix du plein d'essence pour venir bosser. C'est quoi ce marché de l'emploi ?	des messages familiers sur les réseaux sociaux à propos de la politique menée, sans insulte	labor_pensions	1
labor_pensions	Marre de voir des jeunes diplômés faire des CDD de deux mois à répétition. On a besoin d'une vraie politique de l'emploi stable, pas de petits boulots précaires qui ne permettent pas de se projeter.	des messages familiers sur les réseaux sociaux à propos de la politique menée, sans insulte	labor_pensions	1
labor_pensions	>'Encore une réforme qui fait grimper l'âge de départ sans rien changer aux conditions de travail... Les retraités de ma rue sont tous déçus.	des messages familiers sur les réseaux sociaux à propos de la politique menée, sans insulte	labor_pensions	1
labor_pensions	Ma sœur cherche un CDI dans la logistique depuis 6 mois, elle ne trouve que de l'intérim non payé correctement. Il faut que les élus agissent pour l'insertion professionnelle.	des messages familiers sur les réseaux sociaux à propos de la politique menée, sans insulte	labor_pensions	1
labor_pensions	C'est trop facile de parler de plein emploi quand on ne voit pas la réalité des usagers de France Travail qui attendent des rendez-vous depuis des semaines.	des messages familiers sur les réseaux sociaux à propos de la politique menée, sans insulte	labor_pensions	1
labor_pensions	Le télétravail, ça devient un luxe pour certains. On devrait garantir ce droit pour tous les métiers de bureau afin de mieux équilibrer la vie pro et la vie perso.	des messages familiers sur les réseaux sociaux à propos de la politique menée, sans insulte	labor_pensions	1
labor_pensions	Entre l'inflation et la stagnation des salaires dans le secteur du bâtiment, on ne s'en sort plus. Les ouvriers méritent une revalorisation de leur pouvoir d'achat.	des messages familiers sur les réseaux sociaux à propos de la politique menée, sans insulte	labor_pensions	1
labor_pensions	Est-ce que quelqu'un peut expliquer pourquoi les pensions de retraite n'augmentent pas en même temps que le coût de la vie ? On travaille toute notre vie pour finir dans la précarité.	des messages familiers sur les réseaux sociaux à propos de la politique menée, sans insulte	labor_pensions	1
labor_pensions	On parle trop de croissance, mais on oublie la reconversion professionnelle. Comment on fait pour ceux qui ont 50 ans et qui ne peuvent plus exercer leur métier ?	des messages familiers sur les réseaux sociaux à propos de la politique menée, sans insulte	labor_pensions	1
foreign_defense	Monsieur le Député, quelle est la position de notre pays concernant le renforcement de la présence militaire de l'OTAN sur le flanc est de l'Europe face aux récentes tensions frontalières ?	des questions de citoyens adressées à un élu local ou national	foreign_defense	1
foreign_defense	En tant que maire, je m'interroge sur l'impact de la nouvelle directive européenne sur les normes de commerce transfrontalier pour nos artisans locaux qui exportent vers l'Allemagne.	des questions de citoyens adressées à un élu local ou national	foreign_defense	1
foreign_defense	Comment comptez-vous accompagner la montée en puissance de l'industrie de défense nationale pour garantir notre autonomie stratégique vis-à-vis des partenaires non-européens ?	des questions de citoyens adressées à un élu local ou national	foreign_defense	1
foreign_defense	Ma question porte sur la gestion des flux migratoires aux frontières de l'espace Schengen : la coordination entre les États membres est-elle suffisante pour éviter un effondrement du système ?	des questions de citoyens adressées à un élu local ou national	foreign_defense	1
foreign_defense	Monsieur le Ministre, le récent accord de libre-échange signé avec les nations du Pacifique ne risque-t-il pas de fragiliser nos alliances traditionnelles en Europe ?	des questions de citoyens adressées à un élu local ou national	foreign_defense	1
foreign_defense	Quelle est votre stratégie pour renforcer la coopération diplomatique avec les pays du Maghreb afin de stabiliser la zone méditerranéenne ?	des questions de citoyens adressées à un élu local ou national	foreign_defense	1
foreign_defense	Avec la montée des tensions dans la zone Indo-Pacifique, comment nos forces navales peuvent-elles assurer la protection de nos routes maritimes commerciales ?	des questions de citoyens adressées à un élu local ou national	foreign_defense	1
foreign_defense	Est-il prévu que l'Union européenne harmonise davantage les politiques de défense commune pour permettre une réponse rapide en cas d'agression extérieure ?	des questions de citoyens adressées à un élu local ou national	foreign_defense	1
foreign_defense	Je souhaite savoir si le gouvernement prévoit de nouveaux engagements dans les missions de maintien de la paix sous l'égide des Nations Unies pour l'année prochaine.	des questions de citoyens adressées à un élu local ou national	foreign_defense	1
foreign_defense	La question de la souveraineté numérique européenne est cruciale : quelles mesures diplomatiques comptez-vous prendre pour réduire notre dépendance technologique aux infrastructures étrangères ?	des questions de citoyens adressées à un élu local ou national	foreign_defense	1
foreign_defense	Monsieur le Ministre, comment comptez-vous renforcer notre présence au sein de l'OTAN face aux récentes escalades dans la zone Baltique ? Nos alliés attendent une réponse concrète sur le déploiement de nouvelles unités blindées à l'Est.	des extraits de débat parlementaire ou télévisé (2 à 3 phrases)	foreign_defense	1
foreign_defense	La souveraineté européenne ne peut plus être un simple slogan de campagne. Nous devons impérativement accélérer l'intégration des industries de défense au sein de l'Union pour ne plus dépendre des technologies extra-européennes.	des extraits de débat parlementaire ou télévisé (2 à 3 phrases)	foreign_defense	1
foreign_defense	Le traité de coopération bilatérale avec nos partenaires du Pacifique Sud doit être renégocié en urgence. Les enjeux de liberté de navigation dans ces eaux internationales sont trop critiques pour rester dans l'ambiguïté actuelle.	des extraits de débat parlementaire ou télévisé (2 à 3 phrases)	foreign_defense	1
foreign_defense	L'UE doit enfin proposer une doctrine diplomatique commune et cohérente. Il est inacceptable que chaque État membre adopte une position divergente lors des sommets concernant les sanctions contre les régimes autoritaires.	des extraits de débat parlementaire ou télévisé (2 à 3 phrases)	foreign_defense	1
foreign_defense	La montée des tensions dans le détroit de Malacca nécessite une attention particulière de notre part. Nous devons renforcer nos accords de partenariat stratégique avec les nations de l'ASEAN pour garantir la fluidité des échanges mondiaux.	des extraits de débat parlementaire ou télévisé (2 à 3 phrases)	foreign_defense	1
foreign_defense	L'achat de nouveaux systèmes de défense antiaérienne est une priorité pour la protection de notre espace aérien. Ce programme de réarmement doit s'inscrire dans une logique de coopération avec nos voisins européens.	des extraits de débat parlementaire ou télévisé (2 à 3 phrases)	foreign_defense	1
foreign_defense	Quelle est la position officielle du gouvernement concernant l'adhésion des nouveaux pays candidats au bloc européen ? Nous ne pouvons pas laisser nos frontières orientales dans une zone d'incertitude géopolitique permanente.	des extraits de débat parlementaire ou télévisé (2 à 3 phrases)	foreign_defense	1
foreign_defense	La diplomatie de l'ombre ne peut pas remplacer les institutions multilatérales. Il est temps de redonner du poids à l'ONU pour arbitrer les conflits territoriaux qui menacent la stabilité du continent.	des extraits de débat parlementaire ou télévisé (2 à 3 phrases)	foreign_defense	1
foreign_defense	Nos forces de projection doivent disposer de moyens logistiques autonomes pour intervenir rapidement en cas de crise majeure. La dépendance aux infrastructures étrangères limite notre capacité de réaction en cas de menace lointaine.	des extraits de débat parlementaire ou télévisé (2 à 3 phrases)	foreign_defense	1
foreign_defense	Le nouvel accord de libre-échange avec l'Union Africaine doit être scruté avec la plus grande vigilance. Les clauses de sécurité et de respect de la souveraineté des États partenaires sont essentielles à la réussite de ce partenariat.	des extraits de débat parlementaire ou télévisé (2 à 3 phrases)	foreign_defense	1
foreign_defense	Vers un nouveau traité de coopération militaire renforcé entre la France et l'Allemagne pour la surveillance de l'espace aérien européen.	des titres d'articles sur des projets de loi ou des réformes	foreign_defense	1
foreign_defense	Projet de loi visant à l'harmonisation des protocoles de défense civile au sein de l'Union européenne.	des titres d'articles sur des projets de loi ou des réformes	foreign_defense	1
foreign_defense	Renforcement de la présence navale alliée dans l'Atlantique Nord : les nouveaux détails de la stratégie de dissuasion.	des titres d'articles sur des projets de loi ou des réformes	foreign_defense	1
foreign_defense	Réforme du dispositif de cyberdéfense : l'élargissement du partenariat avec les nations scandinaves en discussion au Parlement.	des titres d'articles sur des projets de loi ou des réformes	foreign_defense	1
foreign_defense	Loi de programmation militaire : l'accent mis sur l'acquisition de nouveaux systèmes de détection satellitaire.	des titres d'articles sur des projets de loi ou des réformes	foreign_defense	1
foreign_defense	Nouvelles directives européennes sur la standardisation des équipements de protection pour les forces de défense.	des titres d'articles sur des projets de loi ou des réformes	foreign_defense	1
foreign_defense	Vers une alliance stratégique renforcée avec les partenaires du bassin méditerranéen pour la stabilité régionale.	des titres d'articles sur des projets de loi ou des réformes	foreign_defense	1
foreign_defense	Projet de texte sur la création d'une unité de réponse rapide commune pour les crises diplomatiques transfrontalières.	des titres d'articles sur des projets de loi ou des réformes	foreign_defense	1
foreign_defense	L'élargissement des accords de défense bilatéraux avec les pays d'Europe de l'Est au cœur des prochaines négociations.	des titres d'articles sur des projets de loi ou des réformes	foreign_defense	1
foreign_defense	Révision des accords de coopération technique pour la maintenance des flotteurs de combat en zone internationale.	des titres d'articles sur des projets de loi ou des réformes	foreign_defense	1
foreign_defense	L'Union européenne doit impérativement renforcer ses capacités de projection stratégique en Méditerranée pour garantir la stabilité de nos partenaires de premier plan.	des extraits de tribunes ou de programmes, sans nommer de parti ni de personnalité réelle	foreign_defense	1
foreign_defense	Face à la montée des tensions en Europe de l'Est, notre doctrine de défense doit intégrer une augmentation significative des effectifs opérationnels et des moyens de surveillance aérienne.	des extraits de tribunes ou de programmes, sans nommer de parti ni de personnalité réelle	foreign_defense	1
foreign_defense	Il est temps de repenser nos accords commerciaux avec l'Indo-Pacifique afin de réduire notre dépendance stratégique vis-à-vis des puissances émergentes et de sécuriser nos routes maritimes.	des extraits de tribunes ou de programmes, sans nommer de parti ni de personnalité réelle	foreign_defense	1
foreign_defense	Le renforcement de l'autonomie stratégique européenne passe par une coopération accrue entre les industries de défense nationales pour favoriser la souveraineté technologique du continent.	des extraits de tribunes ou de programmes, sans nommer de parti ni de personnalité réelle	foreign_defense	1
foreign_defense	Comment l'institution compte-t-elle réagir face à l'expansion des zones d'influence extérieures qui menacent l'intégrité des frontières de l'espace Schengen ?	des extraits de tribunes ou de programmes, sans nommer de parti ni de personnalité réelle	foreign_defense	1
foreign_defense	Notre diplomatie doit retrouver sa voix dans les instances multilatérales de l'ONU, notamment pour porter les revendications des nations du Sud global sur le droit international.	des extraits de tribunes ou de programmes, sans nommer de parti ni de personnalité réelle	foreign_defense	1
foreign_defense	Le déploiement de nouvelles unités de cyberdéfense est une priorité absolue pour protéger nos infrastructures critiques contre les ingérences étrangères et les attaques étatiques.	des extraits de tribunes ou de programmes, sans nommer de parti ni de personnalité réelle	foreign_defense	1
foreign_defense	Nous préconisons une refonte de la politique de coopération sécuritaire avec les pays du Sahel, en privilégiant le dialogue politique plutôt que les seules interventions militaires.	des extraits de tribunes ou de programmes, sans nommer de parti ni de personnalité réelle	foreign_defense	1
foreign_defense	L'intégration de nouveaux mécanismes de sanction économique au niveau communautaire est le seul levier efficace pour contraindre les acteurs qui bafouent les traités de non-prolifération.	des extraits de tribunes ou de programmes, sans nommer de parti ni de personnalité réelle	foreign_defense	1
foreign_defense	La modernisation de notre flotte de sous-marins nucléaires est un pilier indispensable de notre dispositif de dissuasion, garantissant ainsi la crédibilité de notre engagement au sein de l'Alliance.	des extraits de tribunes ou de programmes, sans nommer de parti ni de personnalité réelle	foreign_defense	1
foreign_defense	Franchement, à quoi ça sert de faire partie de l'UE si on ne peut même pas décider de nos propres normes de production ? On subit tout sans rien dire...	des messages familiers sur les réseaux sociaux à propos de la politique menée, sans insulte	foreign_defense	1
foreign_defense	Je viens de voir les news sur le nouvel accord de coopération militaire à l'Est. Ça devient vraiment sérieux, on sent que la tension monte dans la zone.	des messages familiers sur les réseaux sociaux à propos de la politique menée, sans insulte	foreign_defense	1
foreign_defense	Faut arrêter de croire que les traités internationaux vont se signer tout seuls. Si on veut peser dans les décisions à Bruxelles, il faut une vraie stratégie diplomatique !	des messages familiers sur les réseaux sociaux à propos de la politique menée, sans insulte	foreign_defense	1
foreign_defense	Petite question : vous pensez quoi de la nouvelle doctrine de défense annoncée hier ? On a l'air un peu à la traîne par rapport à nos voisins.	des messages familiers sur les réseaux sociaux à propos de la politique menée, sans insulte	foreign_defense	1
foreign_defense	Marre de voir nos représentants s'agiter sans jamais proposer de vraie vision pour la souveraineté européenne. On est quoi au juste dans ce bloc ?	des messages familiers sur les réseaux sociaux à propos de la politique menée, sans insulte	foreign_defense	1
foreign_defense	Vu la situation aux frontières de l'Atlantique, il est temps de renforcer nos capacités de surveillance maritime. On ne peut pas rester les bras croisés.	des messages familiers sur les réseaux sociaux à propos de la politique menée, sans insulte	foreign_defense	1
foreign_defense	C'est quoi ce projet de traité avec les pays du Sud ? On parle de commerce, mais on oublie totalement l'aspect géopolitique du truc. On s'expose trop.	des messages familiers sur les réseaux sociaux à propos de la politique menée, sans insulte	foreign_defense	1
foreign_defense	L'Europe doit vraiment s'unir sur la question de l'autonomie stratégique, sinon on va juste devenir les spectateurs des décisions prises par les grandes puissances.	des messages familiers sur les réseaux sociaux à propos de la politique menée, sans insulte	foreign_defense	1
foreign_defense	Est-ce que quelqu'un peut m'expliquer le nouveau déploiement des forces multinationale en Méditerranée ? Ça a l'air super complexe avec tous ces changements de commandement.	des messages familiers sur les réseaux sociaux à propos de la politique menée, sans insulte	foreign_defense	1
foreign_defense	On parle sans cesse de diplomatie, mais sans une armée crédible et cohérente, nos discours ne valent rien sur la scène internationale.	des messages familiers sur les réseaux sociaux à propos de la politique menée, sans insulte	foreign_defense	1
none	Bonjour, pourriez-vous me confirmer si la médiathèque municipale reste ouverte après 19h le jeudi soir ? Merci d'avance.	des questions pratiques (horaires, adresse, accès, tarifs généraux, contact)	none	1
none	Je souhaite organiser une réunion dans la salle polyvalente du centre culturel. Quels sont les tarifs de location pour les associations locales et quelles sont les modalités de réservation ?	des questions pratiques (horaires, adresse, accès, tarifs généraux, contact)	none	1
none	Est-il possible d'accéder au parc municipal en fauteuil roulant par l'entrée de l'avenue de la République ? Les pentes semblent assez raides sur les photos.	des questions pratiques (horaires, adresse, accès, tarifs généraux, contact)	none	1
none	Madame la Maire, comment peut-on obtenir une attestation de domiciliation pour les usagers de l'accueil de jour ? Je ne trouve pas le formulaire sur le site internet.	des questions pratiques (horaires, adresse, accès, tarifs généraux, contact)	none	1
none	Quel est le numéro de téléphone direct pour contacter le service de l'état civil en cas d'urgence un vendredi après-midi ?	des questions pratiques (horaires, adresse, accès, tarifs généraux, contact)	none	1
none	Existe-t-il un parking gratuit à proximité de la mairie pour les personnes venant de l'autre côté de la commune ?	des questions pratiques (horaires, adresse, accès, tarifs généraux, contact)	none	1
none	Je cherche les horaires d'ouverture du guichet unique pour les démarches administratives liées aux permis de construire.	des questions pratiques (horaires, adresse, accès, tarifs généraux, contact)	none	1
none	S'il vous plaît, l'accès au centre de loisirs est-il possible via l'entrée secondaire ou faut-il impérativement passer par le parvis principal ?	des questions pratiques (horaires, adresse, accès, tarifs généraux, contact)	none	1
none	Quels sont les délais moyens pour obtenir une réponse concernant une demande de changement de nom de rue sur le plan cadastral ?	des questions pratiques (horaires, adresse, accès, tarifs généraux, contact)	none	1
none	Est-ce que les tarifs du pass transport municipal sont identiques pour les résidents permanents et les visiteurs de passage ?	des questions pratiques (horaires, adresse, accès, tarifs généraux, contact)	none	1
none	Monsieur le Maire, je tenais simplement à vous exprimer toute ma gratitude pour la réorganisation de la médiathèque municipale. Le nouveau mobilier et la clarté de l'espace rendent les visites vraiment agréables.	des remerciements, félicitations ou messages de politesse sans demande précise	none	1
none	Un immense bravo à l'équipe de la voirie pour le travail de rénovation des trottoirs dans notre quartier ! Le résultat est impeccable et facilite grandement la circulation des piétons.	des remerciements, félicitations ou messages de politesse sans demande précise	none	1
none	Merci pour votre écoute lors de la dernière réunion de quartier, c'était très appréciable de se sentir entendu.	des remerciements, félicitations ou messages de politesse sans demande précise	none	1
none	Je vous adresse mes plus sincères félicitations pour la réussite de la fête de la musique, un moment de convivialité qui a fait du bien à toute la commune.	des remerciements, félicitations ou messages de politesse sans demande précise	none	1
none	Juste un petit mot pour vous remercier de la mise en place de ce nouvel espace vert. C'est une magnifique réussite pour notre environnement urbain.	des remerciements, félicitations ou messages de politesse sans demande précise	none	1
none	Félicitations pour l'organisation exemplaire de la cérémonie des vœux, tout était parfait.	des remerciements, félicitations ou messages de politesse sans demande précise	none	1
none	Merci beaucoup pour la réactivité de vos services concernant l'affichage de la signalétique dans le parc communal.	des remerciements, félicitations ou messages de politesse sans demande précise	none	1
none	Un grand merci pour votre bienveillance et votre disponibilité constante lors de nos échanges.	des remerciements, félicitations ou messages de politesse sans demande précise	none	1
none	Je tenais à saluer le travail remarquable effectué par les agents techniques pour l'embellissement de la place centrale.	des remerciements, félicitations ou messages de politesse sans demande précise	none	1
none	Bravo pour cette belle initiative culturelle qui dynamise notre vie locale, c'est un plaisir de voir de tels projets aboutir.	des remerciements, félicitations ou messages de politesse sans demande précise	none	1
none	Madame, Monsieur, je me permets de vous adresser ma candidature pour le poste de responsable logistique au sein de votre agence régionale. Fort de dix ans d'expérience dans la gestion de flux complexes, je souhaite mettre mon expertise au service de votre développement local.	des candidatures, propositions commerciales, sollicitations ou partenariats	none	1
none	Suite à notre échange lors du salon de l'innovation, je vous propose une collaboration pour l'intégration de nos solutions de numérisation des archives municipales. Notre logiciel permet une gestion simplifiée de l'état civil et des registres de population, garantissant une accessibilité accrue pour vos agents.	des candidatures, propositions commerciales, sollicitations ou partenariats	none	1
none	Bonjour, nous représentons une coopérative de producteurs locaux de produits de bouche. Nous serions ravis de devenir votre fournisseur privilégié pour l'approvisionnement des cantines de votre commune, en privilégiant des circuits courts et des produits de saison.	des candidatures, propositions commerciales, sollicitations ou partenariats	none	1
none	Objet : Proposition de partenariat culturel. Notre association propose d'organiser une série d'ateliers de médiation artistique dans les parcs publics de la ville durant l'été. Ce projet vise à dynamiser l'espace urbain et à favoriser le lien social entre les générations par l'art.	des candidatures, propositions commerciales, sollicitations ou partenariats	none	1
none	Je vous sollicite afin d'étudier la possibilité d'un sponsoring pour notre festival de musique classique qui se tiendra l'année prochaine. En tant qu'acteur majeur du tissu économique local, votre soutien permettrait de financer l'accueil de jeunes talents.	des candidatures, propositions commerciales, sollicitations ou partenariats	none	1
none	Madame la Directrice, je souhaite vous présenter une offre de services concernant la maintenance et l'entretien des espaces verts de vos bâtiments administratifs. Notre entreprise propose des contrats de gestion pluriannuels incluant la taille, le désherbage et la création de jardins partagés.	des candidatures, propositions commerciales, sollicitations ou partenariats	none	1
none	Nous avons le plaisir de vous soumettre une proposition de partenariat pour la mise en place d'une signalétique touristique moderne et interactive dans votre zone de patrimoine historique. Ce dispositif augmentera la visibilité de vos sites emblématiques auprès des visiteurs.	des candidatures, propositions commerciales, sollicitations ou partenariats	none	1
none	Candidature pour le stage de chargé de communication territoriale. Actuellement en Master de Communication, je suis passionné par la valorisation du patrimoine local et je souhaite accompagner vos services dans la rédaction de vos newsletters et la gestion de vos réseaux sociaux.	des candidatures, propositions commerciales, sollicitations ou partenariats	none	1
none	Monsieur le Maire, notre cabinet d'architectes d'intérieur spécialisé dans les espaces publics propose ses services pour la réhabilitation et l'aménagement de votre salle des fêtes. Nous avons une approche axée sur l'ergonomie et l'accueil des publics en situation de handicap.	des candidatures, propositions commerciales, sollicitations ou partenariats	none	1
none	Dans le cadre de l'expansion de nos services de livraison de proximité, nous recherchons des partenaires commerciaux parmi les commerçants de votre secteur pour créer un réseau de retrait de colis centralisé et efficace.	des candidatures, propositions commerciales, sollicitations ou partenariats	none	1
none	Monsieur le Maire, la réfection de la place de la mairie est prévue pour l'année prochaine, mais qu'en est-il de l'éclairage public des zones résidentielles périphériques ? Les rues sombres inquiètent les riverains dès la tombée de la nuit.	des messages sur des sujets proches du domaine mais qui ne relèvent d'aucune catégorie listée	none	1
none	La modernisation des infrastructures culturelles de notre commune doit être une priorité. Il ne suffit pas de rénover les bâtiments, il faut aussi soutenir les associations locales qui font vivre le patrimoine vivant de notre région.	des messages sur des sujets proches du domaine mais qui ne relèvent d'aucune catégorie listée	none	1
none	Le projet de construction de ce nouveau complexe sportif est une excellente nouvelle pour la jeunesse, mais la gestion des horaires d'accès doit être pensée pour ne pas pénaliser les clubs de sport existants.	des messages sur des sujets proches du domaine mais qui ne relèvent d'aucune catégorie listée	none	1
none	Nous constatons une dégradation de la signalétique routière sur les routes départementales. Il est impératif de lancer un plan de maintenance des infrastructures de transport pour garantir une circulation fluide et sans encombre.	des messages sur des sujets proches du domaine mais qui ne relèvent d'aucune catégorie listée	none	1
none	La numérisation des services administratifs en mairie est un progrès indéniable, cependant, comment comptez-vous accompagner les personnes les plus isolées qui n'ont pas accès à internet ?	des messages sur des sujets proches du domaine mais qui ne relèvent d'aucune catégorie listée	none	1
none	Le développement du tourisme de passage dans notre vallée nécessite une réflexion profonde sur l'aménagement des zones de stationnement et la gestion des flux de visiteurs durant la saison estivale.	des messages sur des sujets proches du domaine mais qui ne relèvent d'aucune catégorie listée	none	1
none	Est-il prévu de renforcer l'offre de transports en commun interurbains ? Actuellement, la dépendance à la voiture individuelle est trop forte pour les habitants des communes limitrophes.	des messages sur des sujets proches du domaine mais qui ne relèvent d'aucune catégorie listée	none	1
none	La mise en valeur du patrimoine architectural de notre centre historique est essentielle pour l'attractivité de notre territoire. Nous demandons des subventions pour la restauration des façades classées.	des messages sur des sujets proches du domaine mais qui ne relèvent d'aucune catégorie listée	none	1
none	L'organisation des festivals locaux nécessite un soutien logistique accru de la part de la municipalité, notamment en ce qui concerne l'accès aux zones de déchargement et la gestion des déchets.	des messages sur des sujets proches du domaine mais qui ne relèvent d'aucune catégorie listée	none	1
none	Nous suggérons la création d'un nouvel espace de coworking municipal pour favoriser l'entrepreneuriat local et dynamiser l'économie de proximité, sans pour autant transformer la ville en quartier d'affaires.	des messages sur des sujets proches du domaine mais qui ne relèvent d'aucune catégorie listée	none	1
