label	text	style	verifier_label	agree
runtime_error	Mon script Python s'arrête net avec une TypeError à la ligne 42.	des messages courts et directs (une phrase), niveau de langue courant	runtime_error	1
runtime_error	J'ai une NullPointerException qui remonte dès que je clique sur le bouton de validation.	des messages courts et directs (une phrase), niveau de langue courant	runtime_error	1
runtime_error	L'application crash systématiquement avec un code erreur 0x8004 lors du calcul du panier.	des messages courts et directs (une phrase), niveau de langue courant	runtime_error	1
runtime_error	Est-ce que quelqu'un sait pourquoi j'ai une erreur 'Index out of bounds' sur ce tableau ?	des messages courts et directs (une phrase), niveau de langue courant	runtime_error	1
runtime_error	Le programme affiche 'Segmentation fault (core dumped)' dès le lancement du traitement.	des messages courts et directs (une phrase), niveau de langue courant	runtime_error	1
runtime_error	J'obtiens une erreur de type 'DivisionByZero' dans ma fonction de calcul de moyenne.	des messages courts et directs (une phrase), niveau de langue courant	runtime_error	1
runtime_error	Ça plante avec une exception 'NoSuchElementException' dès que le sélecteur CSS change.	des messages courts et directs (une phrase), niveau de langue courant	runtime_error	1
runtime_error	Une erreur 'Access Denied' apparaît dans la console au moment de l'appel de l'API.	des messages courts et directs (une phrase), niveau de langue courant	runtime_error	1
runtime_error	L'exécution de ma boucle s'interrompt brutalement avec une 'RuntimeError' inattendue.	des messages courts et directs (une phrase), niveau de langue courant	runtime_error	1
runtime_error	Je reçois un message 'Internal Server Error' dès que je tente de soumettre le formulaire.	des messages courts et directs (une phrase), niveau de langue courant	runtime_error	1
runtime_error	Je travaille sur un petit script Python pour automatiser le renommage de mes fichiers de logs sur mon poste Linux. Tout fonctionnait correctement hier après ma session de travail, mais ce matin, dès que je lance l'exécution, j'obtiens une 'IndexError: list index out of range' qui bloque tout le processus. Je ne comprends pas pourquoi la liste est vide alors que les fichiers sont bien présents dans le dossier cible.	des messages longs (3 à 5 phrases) avec du contexte personnel ; le vrai sujet n'apparaît qu'au milieu ou à la fin	runtime_error	1
runtime_error	Salut Marc, j'espère que tu vas bien et que ta semaine se passe bien. Je suis en train de finaliser la logique de calcul de la TVA pour le module facturation, mais j'ai un souci avec le module de calcul. Le programme plante systématiquement avec une 'ZeroDivisionError' dès que l'utilisateur saisit un montant nul dans le formulaire de commande.	des messages longs (3 à 5 phrases) avec du contexte personnel ; le vrai sujet n'apparaît qu'au milieu ou à la fin	runtime_error	1
runtime_error	Bonjour l'équipe support, je teste actuellement votre SDK Java pour l'intégration de l'API de paiement. J'ai bien suivi toute la documentation technique pour l'implémentation de la méthode de transaction. Malheureusement, au moment de l'appel de la fonction 'processPayment', l'application s'arrête brutalement avec une 'NullPointerException' sur la classe Response.	des messages longs (3 à 5 phrases) avec du contexte personnel ; le vrai sujet n'apparaît qu'au milieu ou à la fin	runtime_error	1
runtime_error	Je suis sur un projet de traitement d'images en C++ depuis quelques jours et je pensais avoir fini la partie filtrage. J'ai pourtant vérifié les limites de mes boucles de parcours de matrice. Pourtant, dès que je traite une image de grande résolution, le runtime affiche une 'Segmentation fault (core dumped)' et l'application s'interrompt immédiatement.	des messages longs (3 à 5 phrases) avec du contexte personnel ; le vrai sujet n'apparaît qu'au milieu ou à la fin	runtime_error	1
runtime_error	Hello, je suis un peu perdu sur l'utilisation de la bibliothèque Pandas pour mon analyse de données financières. J'ai chargé mon fichier CSV sans problème, mais dès que j'essaie d'appliquer la fonction de regroupement par date, j'ai un message 'KeyError: 'date_column''. Est-ce que quelqu'un saurait pourquoi cette colonne n'est pas reconnue lors de l'exécution ?	des messages longs (3 à 5 phrases) avec du contexte personnel ; le vrai sujet n'apparaît qu'au milieu ou à la fin	runtime_error	1
runtime_error	Hier soir, j'ai modifié quelques lignes de code dans mon contrôleur Node.js pour ajouter une vérification de sécurité supplémentaire. Le serveur redémarre bien au lancement, mais dès qu'une requête POST arrive sur l'endpoint /auth, le processus crash avec une 'TypeError: Cannot read property 'password' of undefined'. C'est très frustrant car le log ne me donne pas plus de détails.	des messages longs (3 à 5 phrases) avec du contexte personnel ; le vrai sujet n'apparaît qu'au milieu ou à la fin	runtime_error	1
runtime_error	Je reviens vers vous concernant le bug que j'ai mentionné lors de notre réunion de mardi dernier. J'ai repris toute la logique de parsing du fichier XML pour m'assurer que les balises étaient bien fermées. Malgré cela, l'interpréteur Python lève une 'ValueError: invalid literal for int()' dès qu'il rencontre une valeur manquante dans le flux de données.	des messages longs (3 à 5 phrases) avec du contexte personnel ; le vrai sujet n'apparaît qu'au milieu ou à la fin	runtime_error	1
runtime_error	J'essaie de réimplémenter un algorithme de tri pour mon cours d'informatique à l'université. Mon code semble correct sur le papier et les tests unitaires de base passent. Cependant, dès que j'insère une liste contenant des éléments négatifs, le programme s'arrête avec une 'RecursionError: maximum recursion depth exceeded'. Je n'arrive pas à voir où ma récursion dérape.	des messages longs (3 à 5 phrases) avec du contexte personnel ; le vrai sujet n'apparaît qu'au milieu ou à la fin	runtime_error	1
runtime_error	Salut tout le monde, je suis en train de développer une petite application Android pour gérer ma liste de courses. J'utilise une ViewModel pour stocker l'état de l'interface utilisateur. Le problème, c'est qu'en faisant une rotation d'écran, l'application crash direct avec une 'IllegalStateException: Can not perform this action after onSaveInstanceState'. Quelqu'un a déjà eu ce souci ?	des messages longs (3 à 5 phrases) avec du contexte personnel ; le vrai sujet n'apparaît qu'au milieu ou à la fin	runtime_error	1
runtime_error	Je travaille sur un moteur de rendu 3D très basique en utilisant OpenGL. J'ai passé beaucoup de temps à configurer les buffers de vertices pour qu'ils soient optimisés. Pourtant, dès que je tente de dessiner le premier triangle, le driver graphique renvoie une erreur de type 'Out of memory' de manière aléatoire lors de l'exécution du shader.	des messages longs (3 à 5 phrases) avec du contexte personnel ; le vrai sujet n'apparaît qu'au milieu ou à la fin	runtime_error	1
runtime_error	truc bizarre mon script python vient de crash avec une NullPointerException jpp	un style SMS ou messagerie instantanée : familier, abréviations, fautes d'orthographe, peu de ponctuation	runtime_error	1
runtime_error	salut, j'ai un error 500 qui pop direct quand j'appelle l'api de Stripe, tu vois d'où ça peut venir ?	un style SMS ou messagerie instantanée : familier, abréviations, fautes d'orthographe, peu de ponctuation	runtime_error	1
runtime_error	mec j'ai un Segment Fault sur mon code C++ qui me rend fou, ça s'arrête net sans rien dire	un style SMS ou messagerie instantanée : familier, abréviations, fautes d'orthographe, peu de ponctuation	runtime_error	1
runtime_error	ah mince le programme a planté... message d'erreur : 'IndexOutOfBoundsException: Index 5 out of bounds for length 3'	un style SMS ou messagerie instantanée : familier, abréviations, fautes d'orthographe, peu de ponctuation	runtime_error	1
runtime_error	ça marche pas mon app js, ca me sort 'Uncaught TypeError: Cannot read property 'id' of undefined' partout	un style SMS ou messagerie instantanée : familier, abréviations, fautes d'orthographe, peu de ponctuation	runtime_error	1
runtime_error	hey t'es là ? j'ai une grosse erreur de type 'ValueError' dans mon traitement de données, ca bloque tout le process	un style SMS ou messagerie instantanée : familier, abréviations, fautes d'orthographe, peu de ponctuation	runtime_error	1
runtime_error	help !! j'ai un crash systématique au démarrage de la fonction main, y'a une stacktrace chelou qui s'affiche	un style SMS ou messagerie instantanée : familier, abréviations, fautes d'orthographe, peu de ponctuation	runtime_error	1
runtime_error	pardon je t'embete mais j'ai une exception 'KeyError: 'user_token'' qui fait planter mon boucle de loop	un style SMS ou messagerie instantanée : familier, abréviations, fautes d'orthographe, peu de ponctuation	runtime_error	1
runtime_error	mon algo vient de dead avec une 'DivisionByZeroError', j'ai pas vu venir le cas limite...	un style SMS ou messagerie instantanée : familier, abréviations, fautes d'orthographe, peu de ponctuation	runtime_error	1
runtime_error	c'est quoi ce délire ? l'app se ferme toute seule avec une erreur 'Memory Access Violation' dès que je clique sur le bouton	un style SMS ou messagerie instantanée : familier, abréviations, fautes d'orthographe, peu de ponctuation	runtime_error	1
runtime_error	Monsieur, Je vous contacte car notre application Java vient de planter brutalement. Nous rencontrons une NullPointerException systématique au moment du calcul de la prime annuelle. Pourriez-vous nous aider à identifier la ligne de code responsable ? Dans l'attente de votre retour, Cordialement, Jean Dupont.	des e-mails formels avec formule d'appel et formule de politesse	runtime_error	1
runtime_error	Madame la Responsable Support, Lors de l'exécution de notre script Python de traitement de données, une erreur 'IndexError: list index out of range' interrompt le processus dès la cinquième itération. Vous trouverez le log complet en pièce jointe. Je vous remercie par avance de votre assistance. Bien à vous, Marc Lefebvre.	des e-mails formels avec formule d'appel et formule de politesse	runtime_error	1
runtime_error	Cher collègue, Je rencontre un problème critique sur le module de paiement. Une exception de type 'TransactionFailedException' est levée dès que l'utilisateur valide son panier, empêchant toute finalisation de commande. Pourrais-tu jeter un œil au debug ? Merci d'avance, Sophie Martin.	des e-mails formels avec formule d'appel et formule de politesse	runtime_error	1
runtime_error	Monsieur, Nous observons un crash récurrent de notre service C++ en production. Le système renvoie un 'Segmentation fault (core dumped)' dès que le volume de requêtes dépasse un certain seuil. Il semble s'agir d'un accès mémoire invalide. Restant à votre disposition pour tout complément, Respectueusement, Luc Durand.	des e-mails formels avec formule d'appel et formule de politesse	runtime_error	1
runtime_error	À l'attention de l'équipe technique, Notre application Android s'arrête de manière inattendue avec une 'java.lang.IllegalStateException'. Le crash survient précisément lors de la transition entre l'écran d'accueil et le menu principal. Serait-il possible d'avoir votre expertise ? Cordialement, Lucie Bernard.	des e-mails formels avec formule d'appel et formule de politesse	runtime_error	1
runtime_error	Monsieur, Je vous écris suite à l'apparition d'une erreur 'ValueError: math domain error' dans notre algorithme de traitement d'images. L'exécution s'interrompt net dès qu'un fichier PNG est traité. Pourriez-vous nous orienter vers une solution ? Dans l'attente de vous lire, Sincères salutations, Thomas Morel.	des e-mails formels avec formule d'appel et formule de politesse	runtime_error	1
runtime_error	Cher Antoine, Je n'arrive pas à faire tourner la fonction de parsing du fichier XML. Une exception 'SAXParseException' est générée dès la lecture de l'en-tête. Peux-tu vérifier si le parser est bien configuré pour les entités externes ? Merci, Claire Petit.	des e-mails formels avec formule d'appel et formule de politesse	runtime_error	1
runtime_error	Madame, Nous rencontrons une erreur fatale 'RecursionError: maximum recursion depth exceeded' sur notre moteur de règles métier. Le programme s'arrête sans préavis après quelques secondes d'exécution. Nous avons besoin d'un diagnostic urgent. Cordialement, Éric Roche.	des e-mails formels avec formule d'appel et formule de politesse	runtime_error	1
runtime_error	Monsieur, Notre module de traitement de signal échoue systématiquement avec un message 'OverflowError: integer division by zero'. Cette erreur bloque l'ensemble de la chaîne de calcul lors de la phase de post-traitement. Je vous remercie de l'attention portée à ce ticket. Bien cordialement, Nicolas Simon.	des e-mails formels avec formule d'appel et formule de politesse	runtime_error	1
runtime_error	Cher Monsieur, Je vous sollicite car notre application web affiche une 'Uncaught TypeError: cannot read property 'id' of undefined' sur le navigateur de l'utilisateur final. L'exécution du script JavaScript s'interrompt immédiatement. Pourriez-vous nous aider à déboguer cet événement ? Merci de votre aide. Sincèrement, Julie Blanc.	des e-mails formels avec formule d'appel et formule de politesse	runtime_error	1
runtime_error	Je lance le script de traitement et tout s'arrête net avec un message rouge concernant un index hors limites à la ligne 42.	des formulations indirectes : le sujet se devine sans reprendre les mots-clés de la description de la catégorie	runtime_error	1
runtime_error	Impossible de finaliser le calcul de la matrice, l'application crash systématiquement dès que la boucle arrive au troisième élément.	des formulations indirectes : le sujet se devine sans reprendre les mots-clés de la description de la catégorie	runtime_error	1
runtime_error	Dès que je clique sur le bouton de validation, l'interface se fige puis affiche un message d'erreur critique lié à un pointeur nul.	des formulations indirectes : le sujet se devine sans reprendre les mots-clés de la description de la catégorie	runtime_error	1
runtime_error	Le processus s'interrompt brutalement au milieu de l'itération, sans laisser de trace dans les logs, juste un arrêt inattendu du thread principal.	des formulations indirectes : le sujet se devine sans reprendre les mots-clés de la description de la catégorie	runtime_error	1
runtime_error	En essayant de parser le fichier JSON reçu, le parser renvoie une erreur de syntaxe alors que le contenu semble pourtant valide à l'œil nu.	des formulations indirectes : le sujet se devine sans reprendre les mots-clés de la description de la catégorie	runtime_error	1
runtime_error	L'exécution de la fonction `process_data` échoue systématiquement avec un message indiquant que l'argument passé est de type 'None' au lieu de 'String'.	des formulations indirectes : le sujet se devine sans reprendre les mots-clés de la description de la catégorie	runtime_error	1
runtime_error	Dès que l'utilisateur tente de soumettre le formulaire, une fenêtre contextuelle apparaît indiquant qu'une opération non autorisée a provoqué l'arrêt du module.	des formulations indirectes : le sujet se devine sans reprendre les mots-clés de la description de la catégorie	runtime_error	1
runtime_error	Le programme s'arrête net après 5 minutes de calcul, affichant une pile d'appels (stack trace) qui pointe vers un dépassement de capacité.	des formulations indirectes : le sujet se devine sans reprendre les mots-clés de la description de la catégorie	runtime_error	1
runtime_error	J'ai un problème avec le module de calcul financier : il s'arrête dès qu'on rencontre une valeur non numérique dans le flux d'entrée.	des formulations indirectes : le sujet se devine sans reprendre les mots-clés de la description de la catégorie	runtime_error	1
runtime_error	Le runtime s'est stoppé brusquement avec une erreur de segmentation alors que j'essayais d'accéder à l'élément suivant de la liste.	des formulations indirectes : le sujet se devine sans reprendre les mots-clés de la description de la catégorie	runtime_error	1
dependencies	Je n'arrive pas à finaliser l'installation de l'extension VS Code pour Python sur mon Mac.	des messages courts et directs (une phrase), niveau de langue courant	dependencies	1
dependencies	Est-ce que tu sais comment modifier le port par défaut dans le fichier config.yaml ?	des messages courts et directs (une phrase), niveau de langue courant	dependencies	1
dependencies	J'ai un énorme conflit de versions entre npm et l'ancienne version de node installée sur mon poste.	des messages courts et directs (une phrase), niveau de langue courant	dependencies	1
dependencies	La variable d'environnement PATH ne semble pas inclure le répertoire bin de Java.	des messages courts et directs (une phrase), niveau de langue courant	dependencies	1
dependencies	Comment on configure l'accès SSH pour le nouveau SDK sur Windows ?	des messages courts et directs (une phrase), niveau de langue courant	dependencies	1
dependencies	L'installation du package matplotlib échoue systématiquement à cause d'une dépendance manquante sur Linux.	des messages courts et directs (une phrase), niveau de langue courant	dependencies	1
dependencies	Je n'arrive pas à faire reconnaître mon driver JDBC dans mon environnement local.	des messages courts et directs (une phrase), niveau de langue courant	dependencies	1
dependencies	Est-ce qu'il faut installer Gradle manuellement ou est-ce que le wrapper s'en occupe ?	des messages courts et directs (une phrase), niveau de langue courant	dependencies	1
dependencies	Le setup de l'environnement de développement plante dès l'étape de configuration du fichier .env.	des messages courts et directs (une phrase), niveau de langue courant	dependencies	1
dependencies	J'ai un souci de compatibilité entre la version 3.8 de Python et cette bibliothèque spécifique.	des messages courts et directs (une phrase), niveau de langue courant	dependencies	1
dependencies	Je viens de commencer mon nouveau poste chez TechSolutions ce matin et je tente de préparer mon poste de travail. J'ai bien téléchargé les fichiers nécessaires, mais je bloque sur l'installation de l'IDE IntelliJ avec le plugin spécifique à notre projet. Il semble y avoir un problème de configuration du JDK qui empêche l'initialisation du projet.	des messages longs (3 à 5 phrases) avec du contexte personnel ; le vrai sujet n'apparaît qu'au milieu ou à la fin	dependencies	1
dependencies	Salut Marc, j'espère que tu vas bien depuis notre réunion de lundi. Je suis en train de réviser mes scripts de setup pour le projet Alpha, mais je rencontre un souci majeur. Dès que j'essaie d'installer la bibliothèque Pandas, cela crée un conflit de dépendances avec la version de NumPy déjà présente sur ma machine.	des messages longs (3 à 5 phrases) avec du contexte personnel ; le vrai sujet n'apparaît qu'au milieu ou à la fin	dependencies	1
dependencies	Bonjour l'équipe support, je vous contacte car je rencontre des difficultés avec votre SDK pour l'environnement Windows. J'ai bien suivi la documentation étape par étape, mais l'étape de configuration des variables d'environnement système semble ne pas être prise en compte. Le chemin vers le binaire n'est pas reconnu après le redémarrage du terminal.	des messages longs (3 à 5 phrases) avec du contexte personnel ; le vrai sujet n'apparaît qu'au milieu ou à la fin	dependencies	1
dependencies	Depuis quelques heures, je cherche à reproduire l'environnement de production sur mon laptop personnel. J'ai déjà essayé de nettoyer mon cache local, mais l'installation de l'outil CLI échoue systématiquement. On dirait qu'une ancienne version de Python interfère avec l'installation du nouveau package.	des messages longs (3 à 5 phrases) avec du contexte personnel ; le vrai sujet n'apparaît qu'au milieu ou à la fin	dependencies	1
dependencies	Je suis en train de configurer mon nouveau Mac M3 pour le développement mobile. Tout se passait bien jusqu'à ce que je tente d'installer CocoaPods pour gérer les modules natifs. J'ai l'impression qu'un conflit de version entre Ruby et les gems installées bloque tout le processus de configuration.	des messages longs (3 à 5 phrases) avec du contexte personnel ; le vrai sujet n'apparaît qu'au milieu ou à la fin	dependencies	1
dependencies	Hello, j'ai un petit souci sur le projet interne de la startup. J'ai tenté d'ajouter le nouveau module de cryptographie à notre environnement de dev, mais le gestionnaire de paquets renvoie une erreur de version incompatible. Il faudrait que l'on vérifie la configuration du fichier de dépendances pour éviter de tout casser.	des messages longs (3 à 5 phrases) avec du contexte personnel ; le vrai sujet n'apparaît qu'au milieu ou à la fin	dependencies	1
dependencies	Ma session de travail est totalement bloquée ce matin à cause d'une mise à jour automatique. J'essayais simplement de configurer le nouveau compilateur GCC sur mon instance Linux. Maintenant, j'ai l'impression que l'installation du toolkit est corrompue et que les chemins d'accès ne pointent plus vers le bon répertoire.	des messages longs (3 à 5 phrases) avec du contexte personnel ; le vrai sujet n'apparaît qu'au milieu ou à la fin	dependencies	1
dependencies	J'ai passé toute la matinée à essayer de configurer mon environnement Python pour le projet de Data Science. J'ai bien créé mon environnement virtuel, mais l'installation des bibliothèques scikit-learn provoque un conflit de dépendances avec les packages système pré-installés. Je ne sais plus quelle version prioriser.	des messages longs (3 à 5 phrases) avec du contexte personnel ; le vrai sujet n'apparaît qu'au milieu ou à la fin	dependencies	1
dependencies	Pourriez-vous m'aider sur le canal #dev-setup ? Je cherche à installer l'outil de linting sur mon nouveau poste de travail, mais la configuration du fichier .config semble ignorée par l'application. J'ai pourtant vérifié que les droits d'accès au dossier de configuration étaient corrects.	des messages longs (3 à 5 phrases) avec du contexte personnel ; le vrai sujet n'apparaît qu'au milieu ou à la fin	dependencies	1
dependencies	Je suis en train de préparer le tutoriel pour les nouveaux arrivants dans l'équipe. J'ai remarqué que la procédure d'installation de la suite de développement est devenue très complexe à cause des nouvelles versions de Node.js. Il y a un conflit de dépendances flagrant entre les modules globaux et ceux du projet local.	des messages longs (3 à 5 phrases) avec du contexte personnel ; le vrai sujet n'apparaît qu'au milieu ou à la fin	dependencies	1
dependencies	hey j'arrive pas a install node v18 sur mon mac, ca me met un souci de permission avec npm	un style SMS ou messagerie instantanée : familier, abréviations, fautes d'orthographe, peu de ponctuation	dependencies	1
dependencies	ça marche comment pour config le path avec python 3.10 ? j'ai le vieux qui s'affiche direct dans le terminal	un style SMS ou messagerie instantanée : familier, abréviations, fautes d'orthographe, peu de ponctuation	dependencies	1
dependencies	punaise j'ai un gros conflit entre react et les nouvelles versions de jest, ca veut pas s'installer proprement	un style SMS ou messagerie instantanée : familier, abréviations, fautes d'orthographe, peu de ponctuation	dependencies	1
dependencies	tu sais si faut changer un truc dans le config file pour que l'sdk aws soit reconnu sur windows ?	un style SMS ou messagerie instantanée : familier, abréviations, fautes d'orthographe, peu de ponctuation	dependencies	1
dependencies	dsl mec j'arrive pas a setup l'env de dev, ca bug sur le download des libs deps	un style SMS ou messagerie instantanée : familier, abréviations, fautes d'orthographe, peu de ponctuation	dependencies	1
dependencies	hello, j'ai un souci de version de gradle, ca dit que la version 7 est requise mais j'ai la 6.8... comment j'upgrade ?	un style SMS ou messagerie instantanée : familier, abréviations, fautes d'orthographe, peu de ponctuation	dependencies	1
dependencies	problème de setup... la lib lodash bloque l'install de tout le reste, c'est la galere	un style SMS ou messagerie instantanée : familier, abréviations, fautes d'orthographe, peu de ponctuation	dependencies	1
dependencies	y'a un moyen de config les variables d'env sans tout redemarrer ? j'ai oublié d'ajouter le port 8080	un style SMS ou messagerie instantanée : familier, abréviations, fautes d'orthographe, peu de ponctuation	dependencies	1
dependencies	j'ai un clash de version entre openjdk et mon ide, ca veut rien savoir	un style SMS ou messagerie instantanée : familier, abréviations, fautes d'orthographe, peu de ponctuation	dependencies	1
dependencies	svp qqn sait comment on installe proprement le compilateur c++ sur ubuntu 22.04 sans tout casser ?	un style SMS ou messagerie instantanée : familier, abréviations, fautes d'orthographe, peu de ponctuation	dependencies	1
dependencies	Madame, Monsieur, je me permets de vous contacter car je rencontre des difficultés pour initialiser l'environnement de développement sur mon poste Windows. Malgré plusieurs tentatives, le fichier de configuration .env ne semble pas être correctement reconnu par l'outil de build. Je vous remercie par avance de votre aide. Bien cordialement, Marc Lefebvre.	des e-mails formels avec formule d'appel et formule de politesse	dependencies	1
dependencies	Cher collègue, j'ai tenté d'installer la version 2.4 de la librairie Python sur ma machine, mais une erreur de version de GCC apparaît lors de la compilation des modules natifs. Pourrais-tu me confirmer la version exacte du compilateur que tu utilises sur ton poste ? Dans l'attente de ton retour, Cordialement, Sophie.	des e-mails formels avec formule d'appel et formule de politesse	dependencies	1
dependencies	À l'attention de l'équipe support, je sollicite votre assistance concernant l'installation du SDK Java. Suite à l'ajout des variables d'environnement PATH, la commande 'java -version' n'est toujours pas reconnue par mon terminal. Vous trouverez ci-joint une capture de ma configuration système. Je vous prie d'agréer, Madame, Monsieur, l'expression de mes salutations distinguées. Jean-Pierre Dupont.	des e-mails formels avec formule d'appel et formule de politesse	dependencies	1
dependencies	Bonjour Thomas, je suis bloqué sur la mise en place du framework React sur notre nouveau projet. Il semble y عليه un conflit majeur entre la version de Node.js installée et les prérequis de la dépendance 'sass'. Pourrais-tu m'aider à stabiliser cet environnement ? Merci d'avance. Bien à toi, Lucie.	des e-mails formels avec formule d'appel et formule de politesse	dependencies	1
dependencies	Monsieur le Responsable technique, je vous informe que l'installation de l'outil de linting échoue systématiquement sur les postes Linux de l'équipe. Un conflit de permissions semble empêcher l'écriture des fichiers de configuration dans le répertoire racine. Je reste à votre disposition pour en discuter. Respectueusement, Antoine Morel.	des e-mails formels avec formule d'appel et formule de politesse	dependencies	1
dependencies	Cher équipe de support, lors de la configuration de l'environnement Ruby on Rails, j'observe que la version de la gem 'bundler' entre en collision avec celle préinstallée dans le système. Comment puis-je isoler cette dépendance pour éviter tout impact sur le reste de mes projets ? Cordialement, Clara.	des e-mails formels avec formule d'appel et formule de politesse	dependencies	1
dependencies	Bonjour Luc, j'ai essayé de configurer l'outil de test unitaire selon la documentation fournie, mais le chemin vers les binaires n'est pas détecté par l'IDE. Est-ce que tu aurais un guide spécifique pour l'installation sous macOS Monterey ? Merci beaucoup. Bien cordialement, Nicolas.	des e-mails formels avec formule d'appel et formule de politesse	dependencies	1
dependencies	Madame, je vous contacte car l'installation de la bibliothèque C++ sur notre serveur de développement local échoue à cause d'une version obsolète de la bibliothèque 'libssl'. Est-il possible de mettre à jour les dépendances système ? Je vous remercie de votre attention. Sincères salutations, Élodie.	des e-mails formels avec formule d'appel et formule de politesse	dependencies	1
dependencies	Cher Marc, je rencontre un problème de configuration sur l'outil de gestion de package npm. Une erreur de conflit de versions entre 'react-scripts' et 'webpack' empêche la création du dossier node_modules. Pourrais-tu regarder mon fichier package.json ? Merci d'avance. Cordialement, Julien.	des e-mails formels avec formule d'appel et formule de politesse	dependencies	1
dependencies	À l'attention du support technique, je ne parviens pas à finaliser l'installation de l'extension de développement sur mon éditeur de texte. Le processus s'interrompt lors de la vérification des dépendances système. Pourriez-vous m'indiquer la procédure de configuration manuelle ? Je vous prie d'agréer mes salutations distinguées. Pierre Martin.	des e-mails formels avec formule d'appel et formule de politesse	dependencies	1
dependencies	J'ai essayé de lancer le script de setup sur mon Mac, mais ça bloque systématiquement sur l'étape de vérification de la version de Python.	des formulations indirectes : le sujet se devine sans reprendre les mots-clés de la description de la catégorie	dependencies	1
dependencies	Salut, je suis en train de monter mon poste de travail sous Ubuntu et je n'arrive pas à faire reconnaître le SDK Java par le terminal.	des formulations indirectes : le sujet se devine sans reprendre les mots-clés de la description de la catégorie	dependencies	1
dependencies	Depuis que j'ai mis à jour la librairie de logging, le reste du projet ne compile plus du tout, il semble y avoir un souci de compatibilité.	des formulations indirectes : le sujet se devine sans reprendre les mots-clés de la description de la catégorie	dependencies	1
dependencies	Je n'arrive pas à faire pointer mon IDE vers le répertoire des binaires que je viens de télécharger.	des formulations indirectes : le sujet se devine sans reprendre les mots-clés de la description de la catégorie	dependencies	1
dependencies	Hello, j'ai un petit souci avec les variables d'environnement sur Windows, la nouvelle branche de l'outil ne semble pas détecter le chemin vers le dossier lib.	des formulations indirectes : le sujet se devine sans reprendre les mots-clés de la description de la catégorie	dependencies	1
dependencies	Est-ce qu'il y a une procédure particulière pour ajouter le module C++ au chemin de recherche de mon projet ?	des formulations indirectes : le sujet se devine sans reprendre les mots-clés de la description de la catégorie	dependencies	1
dependencies	Ça ne marche pas quand je tente d'ajouter la version 2.4 de la dépendance, ça casse tout le reste de l'arbre de modules.	des formulations indirectes : le sujet se devine sans reprendre les mots-clés de la description de la catégorie	dependencies	1
dependencies	J'ai suivi le guide étape par étape pour l'initialisation du toolkit, mais le binaire refuse de s'exécuter après l'extraction.	des formulations indirectes : le sujet se devine sans reprendre les mots-clés de la description de la catégorie	dependencies	1
dependencies	Est-ce que vous avez déjà eu des soucis pour faire cohabiter les deux versions de Node sur une même machine ?	des formulations indirectes : le sujet se devine sans reprendre les mots-clés de la description de la catégorie	dependencies	1
performance	L'application met vraiment trop de temps à répondre quand on charge le dashboard.	des messages courts et directs (une phrase), niveau de langue courant	performance	1
performance	J'ai remarqué une montée en flèche de l'usage RAM dès que le script tourne pendant une heure.	des messages courts et directs (une phrase), niveau de langue courant	performance	1
performance	Est-ce qu'il y a un moyen de réduire l'empreinte mémoire de ce module Node.js ?	des messages courts et directs (une phrase), niveau de langue courant	performance	1
performance	Le temps de rendu de la page est passé de 2s à 10s après la dernière mise à jour.	des messages courts et directs (une phrase), niveau de langue courant	performance	1
performance	Mon process Python sature toute la mémoire vive du serveur sans raison apparente.	des messages courts et directs (une phrase), niveau de langue courant	performance	1
performance	Le traitement de ce gros fichier CSV devient extrêmement lent à partir de 500 Mo.	des messages courts et directs (une phrase), niveau de langue courant	performance	1
performance	Comment puis-je optimiser la boucle de calcul pour gagner quelques millisecondes ?	des messages courts et directs (une phrase), niveau de langue courant	performance	1
performance	L'utilisation du CPU grimpe à 100% dès que l'utilisateur lance la fonction de scan.	des messages courts et directs (une phrase), niveau de langue courant	performance	1
performance	Le garbage collector semble passer trop de temps à nettoyer les objets temporaires.	des messages courts et directs (une phrase), niveau de langue courant	performance	1
performance	On observe des lags importants lors de la manipulation des composants graphiques dans l'interface.	des messages courts et directs (une phrase), niveau de langue courant	performance	1
performance	Je travaille sur un script de traitement d'images en Python depuis trois jours sur ma machine de bureau à Lyon. Au début, tout fonctionnait très vite avec quelques fichiers, mais dès que je lance le dossier complet, le processus devient extrêmement laborieux. J'ai l'impression que l'utilisation du processeur sature et je ne comprends pas pourquoi la vitesse de traitement chute de façon aussi drastique.	des messages longs (3 à 5 phrases) avec du contexte personnel ; le vrai sujet n'apparaît qu'au milieu ou à la fin	performance	1
performance	Salut Marc, j'ai bien reçu tes retours sur la nouvelle fonctionnalité du module de calcul. Le code semble propre, mais j'ai remarqué un comportement étrange lors des tests de charge sur le serveur de staging. On dirait que la consommation de RAM grimpe de manière incontrôlée dès que le nombre d'utilisateurs simultanés dépasse la dizaine. Est-ce que tu as déjà rencontré ce genre de fuite de mémoire sur ce type d'algorithme ?	des messages longs (3 à 5 phrases) avec du contexte personnel ; le vrai sujet n'apparaît qu'au milieu ou à la fin	performance	1
performance	On vient de migrer nos outils internes sur la nouvelle version du framework web hier matin. Globalement, l'interface est plus fluide, mais j'ai un souci majeur avec le rendu des listes volumineuses. Le temps de réponse de la page augmente de façon exponentielle quand on scroll, ce qui rend la navigation presque impossible. Il faudrait qu'on regarde comment optimiser le rendu de ces composants.	des messages longs (3 à 5 phrases) avec du contexte personnel ; le vrai sujet n'apparaît qu'au milieu ou à la fin	performance	1
performance	Je suis en train de finaliser le module de génération de rapports PDF pour le client de la semaine dernière. Le rendu est parfait visuellement, mais j'ai un gros problème de performance lors de la génération de documents de plus de 50 pages. Le script met environ 5 minutes à terminer et mon poste commence à ramer sérieusement. Je soupçonne un problème de gestion des buffers de mémoire pendant l'écriture.	des messages longs (3 à 5 phrases) avec du contexte personnel ; le vrai sujet n'apparaît qu'au milieu ou à la fin	performance	1
performance	Hello l'équipe, j'ai passé la matinée à analyser les logs de notre service de traitement de logs. Tout semble correct au niveau des erreurs, pourtant les utilisateurs se plaignent d'une latence énorme sur l'application. J'ai remarqué que le temps de calcul des fonctions de régression s'allonge de plus en plus au fur et à mesure que le fichier d'entrée grossit. Il va falloir qu'on trouve un moyen de réduire l'empreinte mémoire de cette étape.	des messages longs (3 à 5 phrases) avec du contexte personnel ; le vrai sujet n'apparaît qu'au milieu ou à la fin	performance	1
performance	J'ai essayé de réutiliser la bibliothèque de compression que nous utilisons habituellement pour le projet Alpha. Sur des petits fichiers, le résultat est satisfaisant, mais j'ai constaté une dégradation majeure des performances sur des fichiers dépassant 2 Go. La vitesse de compression devient totalement inexploitable et le CPU reste bloqué à 100% pendant des heures. Est-ce qu'il existe un paramètre pour limiter l'usage de la mémoire vive ?	des messages longs (3 à 5 phrases) avec du contexte personnel ; le vrai sujet n'apparaît qu'au milieu ou à la fin	performance	1
performance	Ma femme m'a aidé à configurer mon nouveau setup de développement hier soir. Le matériel est puissant, mais j'ai un comportement très frustrant sur mon IDE quand je travaille sur le projet de vision par ordinateur. L'indexation du projet est incroyablement lente et le logiciel met un temps fou à répondre dès que je change de fichier. Je pense que l'analyse syntaxique consomme trop de ressources système.	des messages longs (3 à 5 phrases) avec du contexte personnel ; le vrai sujet n'apparaît qu'au milieu ou à la fin	performance	1
performance	Pour le projet de simulation thermique, j'ai implémenté la nouvelle boucle de calcul selon les spécifications. Le résultat scientifique est exact, mais j'ai un souci de fluidité lors de l'exécution de la simulation en temps réel. On observe des saccades importantes dès que la densité de points de calcul augmente. Il est impératif que nous trouvions une solution pour optimiser la boucle principale avant la démo de vendredi.	des messages longs (3 à 5 phrases) avec du contexte personnel ; le vrai sujet n'apparaît qu'au milieu ou à la fin	performance	1
performance	Je fais une petite pause café avant de reprendre le debug de la partie analytique. En regardant le gestionnaire de tâches de mon MacBook, je vois que le processus Java sature presque toute la mémoire disponible. C'est assez problématique car je ne peux plus utiliser d'autres outils en parallèle sans que tout ralentisse. J'ai besoin de conseils pour réduire l'encombrement mémoire de la JVM dans ce contexte précis.	des messages longs (3 à 5 phrases) avec du contexte personnel ; le vrai sujet n'apparaît qu'au milieu ou à la fin	performance	1
performance	J'ai passé tout mon week-end à essayer d'améliorer le temps de chargement de notre application mobile. Le design est validé par le client, mais l'expérience utilisateur est gâchée par des temps de latence trop longs au démarrage. J'ai l'impression que le parsing du fichier de ressources initial est trop lourd et ralentit tout le cycle de vie de l'app. Est-ce que vous auriez des astuces pour accélérer ce processus de chargement ?	des messages longs (3 à 5 phrases) avec du contexte personnel ; le vrai sujet n'apparaît qu'au milieu ou à la fin	performance	1
performance	hey ça va ? dis, mon script python il est super lent depuis la mise à jour... il met 10 min à finir le loop pourtant j'ai pas changé le code	un style SMS ou messagerie instantanée : familier, abréviations, fautes d'orthographe, peu de ponctuation	performance	1
performance	punaise mon app consomme trop de ram sur le service de rendu, ça grimpe sans s'arrêter jusqu'à ce que le process crashe direct	un style SMS ou messagerie instantanée : familier, abréviations, fautes d'orthographe, peu de ponctuation	performance	1
performance	tu sais comment on peut optimiser le temps d'exécution de cette fonction en C++ ? elle bouffe trop de CPU	un style SMS ou messagerie instantanée : familier, abréviations, fautes d'orthographe, peu de ponctuation	performance	1
performance	les gars y a un souci avec le processeur de l'image, le rendu est hyper laggy dès qu'on ajoute des calques	un style SMS ou messagerie instantanée : familier, abréviations, fautes d'orthographe, peu de ponctuation	performance	1
performance	franchement l'algo de tri est devenu naze, ça prend une éternité pour traiter le dataset de 500mo	un style SMS ou messagerie instantanée : familier, abréviations, fautes d'orthographe, peu de ponctuation	performance	1
performance	mon nodejs il sature la memo au bout de 2h de run, j'ai l'impression y a une fuite quelque part	un style SMS ou messagerie instantanée : familier, abréviations, fautes d'orthographe, peu de ponctuation	performance	1
performance	ca marche mais c hyper lent sur les vieux macbook, faut trouver un moyen de réduire l'empreinte mémoire	un style SMS ou messagerie instantanée : familier, abréviations, fautes d'orthographe, peu de ponctuation	performance	1
performance	test du benchmark : le temps de réponse est passé de 200ms à 1.5s bof... faut qu'on check l'algo	un style SMS ou messagerie instantanée : familier, abréviations, fautes d'orthographe, peu de ponctuation	performance	1
performance	le parser est trop lourd il fait ramer tout le systeme dès qu'on lui donne un gros fichier xml	un style SMS ou messagerie instantanée : familier, abréviations, fautes d'orthographe, peu de ponctuation	performance	1
performance	hello j'arrive pas a baisser l'utilisation des ressources de mon thread de calcul il pompe tout le reste du processeur	un style SMS ou messagerie instantanée : familier, abréviations, fautes d'orthographe, peu de ponctuation	performance	1
performance	Monsieur, Je vous contacte car nous constatons une augmentation anormale de l'utilisation de la RAM sur notre application de traitement de données lors de l'ingestion de gros volumes. Le processus semble saturer la mémoire vive très rapidement. Pourriez-vous nous orienter vers une solution de gestion de cache plus efficace ? Je vous prie d'agréer, Monsieur, l'expression de mes salutations distinguées.	des e-mails formels avec formule d'appel et formule de politesse	performance	1
performance	Madame, Je me permets de vous solliciter concernant les performances de notre module de calcul de trajectoires. Nous observons des temps de réponse qui dépassent les 5 secondes pour des calculs pourtant simples, ce qui ralentit l'ensemble de la chaîne de traitement. Serait-il possible d'étudier une optimisation du moteur d'exécution ? Dans l'attente de votre retour, je vous prie d'agréer, Madame, mes sincères salutations.	des e-mails formels avec formule d'appel et formule de politesse	performance	1
performance	Cher collègue, J'ai remarqué que le script de compression que tu as mis en place génère un pic de consommation CPU très important sur nos serveurs de calcul. Cela impacte la fluidité des autres tâches en parallèle. Aurais-tu une idée pour réduire l'empreinte processeur de cet algorithme ? Bien cordialement.	des e-mails formels avec formule d'appel et formule de politesse	performance	1
performance	À l'attention de l'équipe support, Notre application de rendu 3D subit des saccades importantes dès que le nombre d'objets dépasse la centaine. Il semble que la gestion de la mémoire soit problématique lors du rafraîchissement de l'écran. Nous aurions besoin de vos conseils pour optimiser l'utilisation des ressources système. Cordialement.	des e-mails formels avec formule d'appel et formule de politesse	performance	1
performance	Monsieur le Directeur Technique, Suite à la mise à jour de notre moteur de rendu, nous observons une dégradation significative des performances de l'interface utilisateur, qui devient extrêmement peu réactive. Le temps de latence entre les clics est devenu inacceptable pour nos utilisateurs finaux. Nous souhaiter임을 de discuter d'un plan d'optimisation du thread principal. Je vous prie d'agréer, Monsieur, mes respectueuses salutations.	des e-mails formels avec formule d'appel et formule de politesse	performance	1
performance	Bonjour, Je vous sollicite pour un problème de fuite de mémoire (memory leak) que nous avons identifié sur le composant de parsing XML. L'utilisation de la mémoire ne redescend jamais, même après la fin du traitement des fichiers. Comment pourriez-vous nous aider à diagnostiquer la source de cette consommation croissante ? Dans l'attente de votre réponse, Cordialement.	des e-mails formels avec formule d'appel et formule de politesse	performance	1
performance	Cher Jean, Je reviens vers toi concernant le processeur de flux que nous utilisons. Les logs indiquent que la consommation de mémoire dépasse régulièrement les 4 Go, ce qui provoque des ralentissements sur les postes clients. As-tu des pistes pour alléger l'empreinte mémoire de cette partie du code ? Merci d'avance, Bien à toi.	des e-mails formels avec formule d'appel et formule de politesse	performance	1
performance	Madame, Nous rencontrons des difficultés de fluidité lors de l'utilisation de notre outil de visualisation de données en temps réel. Le rafraîchissement des graphiques est trop lent pour permettre une lecture précise des indicateurs. Une optimisation de la boucle de rendu semble indispensable. Je vous prie de recevoir, Madame, mes salutations distinguées.	des e-mails formels avec formule d'appel et formule de politesse	performance	1
performance	Monsieur, Le nouveau module de traitement d'images affiche une consommation CPU de 95% de façon constante, même sans tâche complexe en cours. Cette consommation excessive empêche l'exécution fluide du reste du système. Quelles stratégies de réduction de charge préconisez-vous pour ce type de calcul intensif ? Cordialement.	des e-mails formels avec formule d'appel et formule de politesse	performance	1
performance	À l'attention du service technique, Nous constatons un ralentissement progressif de l'application après quelques heures d'utilisation continue, ce qui suggère une accumulation de données en mémoire non libérées. Pourriez-vous nous assister pour optimiser la gestion du garbage collector dans ce contexte ? Avec mes remerciements anticipés, Je vous prie d'agréer, Madame, Monsieur, mes salutations distinguées.	des e-mails formels avec formule d'appel et formule de politesse	performance	1
performance	Depuis la mise à jour de la librairie de traitement d'image, l'application met vraiment trop de temps à répondre dès qu'on lance un scan de plus de 50 fichiers.	des formulations indirectes : le sujet se devine sans reprendre les mots-clés de la description de la catégorie	performance	1
performance	J'ai remarqué que l'utilisation des ressources grimpe en flèche dès que l'utilisateur ouvre l'onglet de visualisation, ça finit par faire ramer tout le système.	des formulations indirectes : le sujet se devine sans reprendre les mots-clés de la description de la catégorie	performance	1
performance	Est-ce que quelqu'un a trouvé une astuce pour alléger la charge CPU lors du parcours de l'arborescence ? Le processus tourne à 100% sans s'arrêter.	des formulations indirectes : le sujet se devine sans reprendre les mots-clés de la description de la catégorie	performance	1
performance	Le script de calcul semble s'essouffler dès qu'on dépasse les 10 000 itérations, le temps d'exécution devient ingérable pour un usage quotidien.	des formulations indirectes : le sujet se devine sans reprendre les mots-clés de la description de la catégorie	performance	1
performance	On dirait que le garbage collector passe son temps à s'activer, le moteur de rendu subit des micro-coupures vraiment gênantes.	des formulations indirectes : le sujet se devine sans reprendre les mots-clés de la description de la catégorie	performance	1
performance	L'utilisation de la RAM explose littéralement dès qu'on traite des fichiers de grande taille, le monitoring indique une montée constante sans jamais redescendre.	des formulations indirectes : le sujet se devine sans reprendre les mots-clés de la description de la catégorie	performance	1
performance	J'ai l'impression que le rafraîchissement de l'interface est devenu très saccadé sur les machines avec moins de 16 Go de mémoire disponible.	des formulations indirectes : le sujet se devine sans reprendre les mots-clés de la description de la catégorie	performance	1
performance	Il y a un gros décalage entre la saisie de l'utilisateur et l'affichage du résultat, même sur une connexion locale très rapide.	des formulations indirectes : le sujet se devine sans reprendre les mots-clés de la description de la catégorie	performance	1
performance	Le traitement en arrière-plan prend une éternité dès que la file d'attente dépasse quelques éléments, on dirait que le débit s'effondre.	des formulations indirectes : le sujet se devine sans reprendre les mots-clés de la description de la catégorie	performance	1
performance	J'essaie de réduire l'empreinte de l'agent de monitoring, mais dès qu'on réduit les cycles, la réactivité du dashboard est trop impactée.	des formulations indirectes : le sujet se devine sans reprendre les mots-clés de la description de la catégorie	performance	1
database	Est-ce que je peux utiliser un LEFT JOIN sur la table des utilisateurs pour récupérer leurs commandes ?	des messages courts et directs (une phrase), niveau de langue courant	database	1
database	Je n'arrive pas à modifier la clé primaire dans le schéma de ma base PostgreSQL.	des messages courts et directs (une phrase), niveau de langue courant	database	1
database	Comment définir une relation ManyToMany avec l'ORM Hibernate sur ce modèle ?	des messages courts et directs (une phrase), niveau de langue courant	database	1
database	Peux-tu me vérifier la syntaxe de cette requête SELECT avec les sous-clauses WHERE ?	des messages courts et directs (une phrase), niveau de langue courant	database	1
database	Il manque une colonne 'created_at' dans la définition de la table orders.	des messages courts et directs (une phrase), niveau de langue courant	database	1
database	Est-ce que Sequelize supporte les index composites sur MySQL ?	des messages courts et directs (une phrase), niveau de langue courant	database	1
database	J'ai besoin de lister tous les champs de la table client, y compris les doublons.	des messages courts et directs (une phrase), niveau de langue courant	database	1
database	Quelle est la meilleure façon de mapper une colonne JSONB avec SQLAlchemy ?	des messages courts et directs (une phrase), niveau de langue courant	database	1
database	La contrainte d'unicité sur le champ email ne semble pas fonctionner sur mon script SQL.	des messages courts et directs (une phrase), niveau de langue courant	database	1
database	Peux-tu m'aider à transformer ce schéma relationnel en classes Python ?	des messages courts et directs (une phrase), niveau de langue courant	database	1
database	Je travaille sur une petite application de gestion de stock pour un client à Lyon. J'ai fini la structure de base, mais je bloque sur la relation entre les tables produits et catégories. Est-ce que je devrais utiliser une clé étrangère simple ou une table de jointure pour gérer le multi-catégorie dans mon schéma SQL ?	des messages longs (3 à 5 phrases) avec du contexte personnel ; le vrai sujet n'apparaît qu'au milieu ou à la fin	database	1
database	Salut Marc, j'espère que tu vas bien depuis notre dernier café. Je suis en train de refaire le module utilisateur de notre projet interne. Je ne me rappelle plus si on utilise SQLAlchemy ou Django ORM pour gérer les relations ManyToMany sur nos modèles réels.	des messages longs (3 à 5 phrases) avec du contexte personnel ; le vrai sujet n'apparaît qu'au milieu ou à la fin	database	1
database	On a reçu une demande urgente de la part de l'équipe marketing pour extraire des données clients. J'ai ouvert DBeaver pour regarder les tables du serveur de prod, mais je n'arrive pas à écrire la requête SQL pour faire une jointure entre les logs de connexion et les profils utilisateurs.	des messages longs (3 à 5 phrases) avec du contexte personnel ; le vrai sujet n'apparaît qu'au milieu ou à la fin	database	1
database	Je suis en plein milieu de ma révision pour la certification Google Cloud ce week-end. Je regarde les spécifications de Cloud Spanner pour mon projet personnel. Quel type d'index est le plus recommandé pour une colonne de type TIMESTAMP afin de faciliter les recherches par plage de dates ?	des messages longs (3 à 5 phrases) avec du contexte personnel ; le vrai sujet n'apparaît qu'au milieu ou à la fin	database	1
database	Hier soir, j'ai passé beaucoup de temps à essayer de comprendre la structure de la base de données de l'ancien projet. En parcourant le dossier migrations, j'ai remarqué qu'il manque une colonne cruciale pour l'ID de la transaction. Quel est le script pour modifier le schéma de la table 'orders' sans perdre les données ?	des messages longs (3 à 5 phrases) avec du contexte personnel ; le vrai sujet n'apparaît qu'au milieu ou à la fin	database	1
database	Je prépare la documentation pour la nouvelle API que l'on doit livrer vendredi. J'ai besoin de lister précisément tous les champs disponibles dans l'objet 'User'. Peux-tu m'envoyer l'export du schéma de la base PostgreSQL pour que je puisse vérifier les types de colonnes ?	des messages longs (3 à 5 phrases) avec du contexte personnel ; le vrai sujet n'apparaît qu'au milieu ou à la fin	database	1
database	Le client vient de nous envoyer un fichier CSV énorme avec des milliers de lignes de nouveaux utilisateurs. Je dois les importer dans notre instance MongoDB de test. Est-ce qu'il existe une commande spécifique pour mapper les colonnes du CSV vers les documents JSON de ma collection ?	des messages longs (3 à 5 phrases) avec du contexte personnel ; le vrai sujet n'apparaît qu'au milieu ou à la fin	database	1
database	Je suis un peu perdu avec les nouvelles fonctionnalités de l'ORM Hibernate que j'ai découvertes ce matin. J'essaie de configurer une relation OneToMany avec une cascade de suppression. Est-ce que vous avez un exemple de fichier de mapping XML ou d'annotation Java pour ce cas précis ?	des messages longs (3 à 5 phrases) avec du contexte personnel ; le vrai sujet n'apparaît qu'au milieu ou à la fin	database	1
database	On a un souci de cohérence sur les données de facturation de l'année dernière. J'ai lancé un script de vérification, mais il me manque la syntaxe pour faire un GROUP BY combiné avec un HAVING sur le montant total. Quel est le bon pattern SQL pour filtrer les résultats après l'agrégation ?	des messages longs (3 à 5 phrases) avec du contexte personnel ; le vrai sujet n'apparaît qu'au milieu ou à la fin	database	1
database	Je viens de commencer mon stage chez TechSolutions et je découvre leur stack technique. J'ai accès à la base de données de staging, mais je ne comprends pas comment ils ont structuré la table de liaison entre les rôles et les permissions. Pourriez-vous m'expliquer la logique derrière ce schéma relationnel ?	des messages longs (3 à 5 phrases) avec du contexte personnel ; le vrai sujet n'apparaît qu'au milieu ou à la fin	database	1
database	tu sais si le champ user_id est en fk ou si c'est juste un int dans la table users ?	un style SMS ou messagerie instantanée : familier, abréviations, fautes d'orthographe, peu de ponctuation	database	1
database	je galere sur ma requete sql pour faire la jointure entre orders et clients ca me sort rien du tout	un style SMS ou messagerie instantanée : familier, abréviations, fautes d'orthographe, peu de ponctuation	database	1
database	dsl j'ai oublié de te demander le schema de la db pour le projet alpha c'est quoi les noms des colonnes ?	un style SMS ou messagerie instantanée : familier, abréviations, fautes d'orthographe, peu de ponctuation	database	1
database	hello @dev_pro tu peux m'aider sur l'orm hibernate ? j'arrive pas a mapper ma relation oneToMany	un style SMS ou messagerie instantanée : familier, abréviations, fautes d'orthographe, peu de ponctuation	database	1
database	c'est quoi le nom de la table qui stocke les logs de connexion ? je retrouve plus	un style SMS ou messagerie instantanée : familier, abréviations, fautes d'orthographe, peu de ponctuation	database	1
database	est ce que tu peux m'envoyer le dump de la db de test stp j'ai besoin de voir la structure	un style SMS ou messagerie instantanée : familier, abréviations, fautes d'orthographe, peu de ponctuation	database	1
database	hey j'ai cree un nouvel index sur la col date_creation mais je sais pas si c'est le bon type de data	un style SMS ou messagerie instantanée : familier, abréviations, fautes d'orthographe, peu de ponctuation	database	1
database	mon prisma n'arrive pas a detecte les nouvelles colonnes de la db pourtant j'ai bien fait le push	un style SMS ou messagerie instantanée : familier, abréviations, fautes d'orthographe, peu de ponctuation	database	1
database	jsql veut pas reconnaitre ma subquery sur le module billing tu vois d'ou ca peut venir	un style SMS ou messagerie instantanée : familier, abréviations, fautes d'orthographe, peu de ponctuation	database	1
database	y'a une colonne deleted_at dans la table sessions ou on doit en ajouter une ?	un style SMS ou messagerie instantanée : familier, abréviations, fautes d'orthographe, peu de ponctuation	database	1
database	Monsieur, je vous contacte pour obtenir une clarification concernant le schéma de la table 'orders'. Est-il possible d'ajouter une contrainte d'unicité sur la colonne 'transaction_id' sans impacter les index existants ? Dans l'attente de votre retour, je vous prie d'agréer mes salutations distinguées.	des e-mails formels avec formule d'appel et formule de politesse	database	1
database	Bonjour Marc, pourrais-tu me transmettre la structure SQL de la base de données de test pour le projet Alpha ? J'ai besoin de vérifier la correspondance entre les clés étrangères et notre nouveau modèle. Merci d'avance, bien cordialement.	des e-mails formels avec formule d'appel et formule de politesse	database	1
database	Madame la Responsable, nous rencontrons une difficulté avec l'utilisation de l'ORM Hibernate dans notre module de facturation. La conversion des entités vers les types PostgreSQL semble incorrecte. Pourriez-vous nous conseiller sur la configuration du mapping ? Je vous prie d'agréer, Madame, l'expression de mes sentiments respectueux.	des e-mails formels avec formule d'appel et formule de politesse	database	1
database	Cher collègue, j'ai préparé une nouvelle requête SQL pour extraire les statistiques de vente du trimestre. Pourriez-vous vérifier si la jointure entre 'users' et 'payments' est correcte ? Cordialement.	des e-mails formels avec formule d'appel et formule de politesse	database	1
database	À l'attention de l'équipe support, nous souhaiterions modifier la définition de la colonne 'status' dans notre schéma de base de données MongoDB afin de passer d'un type string à un type enum. Quelles sont les étapes à suivre ? Cordialement.	des e-mails formels avec formule d'appel et formule de politesse	database	1
database	Bonjour Jean, est-ce que tu pourrais m'envoyer le script de création (DDL) de la base de données de l'application de gestion des stocks ? J'ai un doute sur le type de données utilisé pour le champ 'price'. Bien à vous.	des e-mails formels avec formule d'appel et formule de politesse	database	1
database	Monsieur, dans le cadre de la mise à jour de notre application, nous devons réviser les relations Many-to-Many définies dans notre couche d'accès aux données. Pourriez-vous nous aider à valider ce nouveau diagramme relationnel ? Je vous prie d'agréer mes salutations distinguées.	des e-mails formels avec formule d'appel et formule de politesse	database	1
database	Chère équipe technique, nous avons besoin d'une requête SQL complexe capable de calculer la moyenne mobile des commandes par région. Avez-vous un exemple de syntaxe compatible avec SQL Server ? Merci par avance, sincères salutations.	des e-mails formels avec formule d'appel et formule de politesse	database	1
database	Bonjour, je vous sollicite pour une question sur l'Entity Framework. Comment puis-je forcer le chargement immédiat (Eager Loading) de la collection 'items' lors de la récupération de l'objet 'cart' ? Merci de votre aide. Cordialement.	des e-mails formels avec formule d'appel et formule de politesse	database	1
database	Monsieur, je vous transmets ci-joint le nouveau schéma relationnel proposé pour le module de suivi de parc. Veuillez noter l'ajout de la table 'maintenance_logs'. Je reste à votre disposition pour toute modification. Respectueusement.	des e-mails formels avec formule d'appel et formule de politesse	database	1
database	Est-ce que je devrais utiliser un index composite sur les colonnes 'user_id' et 'created_at' pour faciliter la récupération des logs récents ?	des formulations indirectes : le sujet se devine sans reprendre les mots-clés de la description de la catégorie	database	1
database	J'ai un doute sur la relation entre la table 'orders' et 'customers', est-ce qu'on reste sur une cardinalité de un à plusieurs ?	des formulations indirectes : le sujet se devine sans reprendre les mots-clés de la description de la catégorie	database	1
database	Comment est-ce que je peux mapper cette propriété optionnelle de mon entité Java avec le champ nullable de la table PostgreSQL ?	des formulations indirectes : le sujet se devine sans reprendre les mots-clés de la description de la catégorie	database	1
database	Est-ce que vous avez le script qui définit la structure des colonnes pour la nouvelle fonctionnalité de facturation ?	des formulations indirectes : le sujet se devine sans reprendre les mots-clés de la description de la catégorie	database	1
database	Je n'arrive pas à récupérer le nom de l'utilisateur lors de mon fetch, pourtant la jointure semble correcte dans mon code.	des formulations indirectes : le sujet se devine sans reprendre les mots-clés de la description de la catégorie	database	1
database	Il faudrait ajouter une contrainte d'unicité sur le champ 'email' pour éviter les doublons lors de l'inscription.	des formulations indirectes : le sujet se devine sans reprendre les mots-clés de la description de la catégorie	database	1
database	Si je change le type de 'price' de integer à decimal, est-ce que cela va impacter les calculs de TVA déjà stockés ?	des formulations indirectes : le sujet se devine sans reprendre les mots-clés de la description de la catégorie	database	1
database	Est-ce que quelqu'un peut vérifier si la clé étrangère pointe bien vers la bonne table de référence ?	des formulations indirectes : le sujet se devine sans reprendre les mots-clés de la description de la catégorie	database	1
database	Le modèle Doctrine ne semble pas reconnaître le nouveau champ que j'ai ajouté manuellement via l'interface de gestion.	des formulations indirectes : le sujet se devine sans reprendre les mots-clés de la description de la catégorie	database	1
database	Je cherche à récupérer uniquement les lignes dont la date de modification est supérieure à hier, sans passer par une boucle dans mon service.	des formulations indirectes : le sujet se devine sans reprendre les mots-clés de la description de la catégorie	database	1
deployment	Est-ce que le pipeline GitLab CI est prêt pour la mise en prod demain ?	des messages courts et directs (une phrase), niveau de langue courant	deployment	1
deployment	J'ai un souci pour pousser l'image Docker sur notre registre privé.	des messages courts et directs (une phrase), niveau de langue courant	deployment	1
deployment	Le déploiement automatique sur l'instance AWS échoue systématiquement au stade du healthcheck.	des messages courts et directs (une phrase), niveau de langue courant	deployment	1
deployment	On utilise quoi pour l'orchestration des conteneurs sur notre cluster Kubernetes ?	des messages courts et directs (une phrase), niveau de langue courant	deployment	1
deployment	Peux-tu vérifier si le déploiement du microservice est passé sur l'environnement de staging ?	des messages courts et directs (une phrase), niveau de langue courant	deployment	1
deployment	Il faut mettre à jour la configuration de l'hébergement pour le nouveau projet.	des messages courts et directs (une phrase), niveau de langue courant	deployment	1
deployment	Le déploiement via Helm ne semble pas prendre en compte les nouvelles variables d'environnement.	des messages courts et directs (une phrase), niveau de langue courant	deployment	1
deployment	Est-ce que notre infrastructure Azure supporte l'auto-scaling pour ce service ?	des messages courts et directs (une phrase), niveau de langue courant	deployment	1
deployment	J'ai besoin d'un nouvel espace d'hébergement pour la démo de la semaine prochaine.	des messages courts et directs (une phrase), niveau de langue courant	deployment	1
deployment	Le workflow de déploiement continu sur GitHub Actions est cassé depuis la dernière modif.	des messages courts et directs (une phrase), niveau de langue courant	deployment	1
deployment	Salut l'équipe, j'espère que vous allez bien après ce long week-end. Je travaille actuellement sur la mise en production de notre nouveau microservice de paiement. J'ai un gros souci avec le pipeline GitLab CI qui ne semble pas réussir à pousser l'image sur le registre Docker après le build. Est-ce que quelqu'un a déjà rencontré ce problème de permissions sur le registry ?	des messages longs (3 à 5 phrases) avec du contexte personnel ; le vrai sujet n'apparaît qu'au milieu ou à la fin	deployment	1
deployment	Je suis en train de préparer la migration de nos services vers une infrastructure plus moderne. On a décidé de quitter nos vieux serveurs dédiés pour passer sur un cluster Kubernetes managé chez AWS. Par contre, je bloque complètement sur la configuration des Ingress pour exposer nos services externes au monde. Quelqu'un aurait un exemple de template YAML qui fonctionne bien ?	des messages longs (3 à 5 phrases) avec du contexte personnel ; le vrai sujet n'apparaît qu'au milieu ou à la fin	deployment	1
deployment	On a terminé la phase de développement de la nouvelle fonctionnalité de messagerie instantanée. Maintenant, il faut qu'on s'occupe de la partie mise en place de la stratégie de déploiement continu sur notre environnement de staging. J'aimerais savoir si vous recommandez l'utilisation de Helm charts pour gérer nos templates de déploiement ou si on reste sur du simple Compose.	des messages longs (3 à 5 phrases) avec du contexte personnel ; le vrai sujet n'apparaît qu'au milieu ou à la fin	deployment	1
deployment	Bonjour le support, je vous contacte car nous rencontrons une difficulté technique majeure. Notre application tourne actuellement sur un serveur VPS chez vous, mais nous souhaitons migrer l'ensemble de notre stack vers un système de conteneurisation plus robuste. Comment puis-je obtenir une offre pour un hébergement compatible avec Docker et l'orchestration de conteneurs ?	des messages longs (3 à 5 phrases) avec du contexte personnel ; le vrai sujet n'apparaît qu'au milieu ou à la fin	deployment	1
deployment	Hello Marc, je suis sur le dossier de la mise à jour de notre infrastructure cloud depuis ce matin. Le client demande une disponibilité de 99.9% pour sa plateforme e-commerce d'ici la fin du mois. Je me demandais comment vous géreriez la partie déploiement bleu-vert pour éviter toute interruption de service lors des mises à jour.	des messages longs (3 à 5 phrases) avec du contexte personnel ; le vrai sujet n'apparaît qu'au milieu ou à la fin	deployment	1
deployment	Je fais un tour sur le forum car je suis un peu perdu avec les nouvelles fonctionnalités de GitHub Actions. On essaie de mettre en place un workflow automatique qui déclenche un déploiement sur notre serveur de pré-production dès qu'une Pull Request est validée. Est-ce qu'il existe une méthode simple pour gérer les secrets de connexion SSH directement dans les étapes du pipeline ?	des messages longs (3 à 5 phrases) avec du contexte personnel ; le vrai sujet n'apparaît qu'au milieu ou à la fin	deployment	1
deployment	On a enfin fini de coder la version bêta de notre application mobile. L'étape suivante pour nous, c'est de trouver une solution d'hébergement capable de monter en charge automatiquement selon le nombre d'utilisateurs. Est-ce que vous pensez que les services de type PaaS comme Heroku ou Render sont suffisants pour une montée en charge imprévisible ?	des messages longs (3 à 5 phrases) avec du contexte personnel ; le vrai sujet n'apparaît qu'au milieu ou à la fin	deployment	1
deployment	Salut tout le monde, j'ai passé toute la nuit sur la refonte de notre documentation technique interne. En parallèle, je dois m'occuper de la partie CI/CD pour le projet 'Titan' qui est crucial pour l'entreprise. Je n'arrive pas à comprendre pourquoi mes conteneurs Docker ne parviennent pas à communiquer entre eux sur le même réseau virtuel lors de l'intégration.	des messages longs (3 à 5 phrases) avec du contexte personnel ; le vrai sujet n'apparaît qu'au milieu ou à la fin	deployment	1
deployment	Je suis actuellement en stage chez une startup à Lyon et je dois m'occuper de la mise en place de l'infrastructure. On utilise déjà beaucoup de technologies modernes, mais on n'a pas encore de processus d'intégration continue automatisé. Est-ce que vous auriez des conseils pour débuter avec Jenkins et intégrer les étapes de tests automatisés dans le cycle de déploiement ?	des messages longs (3 à 5 phrases) avec du contexte personnel ; le vrai sujet n'apparaît qu'au milieu ou à la fin	deployment	1
deployment	Le projet avance bien, mais on se retrouve face à un défi de taille pour la phase finale. On doit assurer la disponibilité de notre API sur plusieurs régions géographiques pour réduire la latence. Est-ce que l'utilisation de conteneurs orchestrés par Kubernetes est la solution la plus simple pour gérer ce type d'hébergement multi-région ?	des messages longs (3 à 5 phrases) avec du contexte personnel ; le vrai sujet n'apparaît qu'au milieu ou à la fin	deployment	1
deployment	sa marche pas mon pipeline gitlab la prod est bloquée... qqun peut regarder ?	un style SMS ou messagerie instantanée : familier, abréviations, fautes d'orthographe, peu de ponctuation	deployment	1
deployment	le cluster k8s il répond plus du tout sur l'instance us-east-1, c'est moi ou y'a un souci de réseau ?	un style SMS ou messagerie instantanée : familier, abréviations, fautes d'orthographe, peu de ponctuation	deployment	1
deployment	on deploy sur quel environnement pour la v2.4 ? l'image docker est prête sur le registry	un style SMS ou messagerie instantanée : familier, abréviations, fautes d'orthographe, peu de ponctuation	deployment	1
deployment	y'a un probleme avec le déploiement sur aws, le bucket s3 est pas accessible par le service	un style SMS ou messagerie instantanée : familier, abréviations, fautes d'orthographe, peu de ponctuation	deployment	1
deployment	est ce que l'agent jenkins est bien up sur le serveur de staging ?	un style SMS ou messagerie instantanée : familier, abréviations, fautes d'orthographe, peu de ponctuation	deployment	1
deployment	faut rajouter une étape de scan de vulnérabilité dans le workflow github actions la	un style SMS ou messagerie instantanée : familier, abréviations, fautes d'orthographe, peu de ponctuation	deployment	1
deployment	le pod tourne en boucle sur l'instance de test, impossible de sortir du crashloopbackoff	un style SMS ou messagerie instantanée : familier, abréviations, fautes d'orthographe, peu de ponctuation	deployment	1
deployment	on passe tout sur docker compose pour la demo de demain ?	un style SMS ou messagerie instantanée : familier, abréviations, fautes d'orthographe, peu de ponctuation	deployment	1
deployment	j'ai pas reçu la notif de fin de build sur slack, le deploy est passé ?	un style SMS ou messagerie instantanée : familier, abréviations, fautes d'orthographe, peu de ponctuation	deployment	1
deployment	regarde si l'hébergement sur heroku est bien configuré pour le nouveau service	un style SMS ou messagerie instantanée : familier, abréviations, fautes d'orthographe, peu de ponctuation	deployment	1
deployment	Madame, Monsieur, je vous contacte concernant l'échec systématique de notre pipeline GitLab CI lors de l'étape de push vers le registre Docker. Malgré une configuration correcte des variables d'environnement, l'image ne semble pas être poussée sur le serveur de destination. Dans l'attente de votre retour, je vous prie d'agréer mes salutations distinguées.	des e-mails formels avec formule d'appel et formule de politesse	deployment	1
deployment	Cher Marc, pourrais-tu vérifier l'état du cluster Kubernetes sur notre instance AWS de la région eu-est ? Nous constatons que les nouveaux pods ne passent pas en état 'Running' après le déploiement de la version 2.4. Je te remercie par avance pour ton aide. Bien cordialement.	des e-mails formels avec formule d'appel et formule de politesse	deployment	1
deployment	À l'attention de l'équipe Support, nous rencontrons une difficulté majeure avec notre déploiement automatisé sur Azure App Service. Le déploiement de la conteneurisation échoue lors de la phase de wayland, empêchant toute mise à jour de la production. Merci de nous indiquer la marche à suivre. Cordialement.	des e-mails formels avec formule d'appel et formule de politesse	deployment	1
deployment	Bonjour Jean, je viens de finaliser la mise en place de la stratégie de déploiement Blue-Green pour le projet Titan. Les nouveaux services sont désormais hébergés sur l'infrastructure de staging. Peux-tu valider la transition vers la production demain matin ? Bien à toi.	des e-mails formels avec formule d'appel et formule de politesse	deployment	1
deployment	Monsieur le Responsable Infrastructure, nous souhaiterions obtenir des informations sur les limites de stockage disponibles pour nos conteneurs sur votre plateforme d'hébergement managé. Notre utilisation actuelle approche des 500 Go. Je vous remercie de votre réponse. Respectueuses salutations.	des e-mails formels avec formule d'appel et formule de politesse	deployment	1
deployment	Cher équipe DevOps, le déploiement de notre microservice via Terraform sur Google Cloud Platform semble interrompu à l'étape de l'allocation des ressources réseau. Pourriez-vous analyser les journaux de l'instance ? Je vous prie d'agréer l'expression de mes sentiments distingués.	des e-mails formels avec formule d'appel et formule de politesse	deployment	1
deployment	Bonjour Sophie, j'ai configuré le nouveau pipeline Jenkins pour l'intégration continue des modules de sécurité. Les tests d'intégration automatique sont désormais lancés à chaque merge request. Je te laisse vérifier si les artefacts sont bien disponibles sur le serveur. Cordialement.	des e-mails formels avec formule d'appel et formule de politesse	deployment	1
deployment	Madame, je vous informe que nous avons migré l'ensemble de nos services conteneurisés vers une nouvelle architecture d'hébergement sur un serveur dédié sous Debian. Le déploiement initial est terminé avec succès. Je reste à votre disposition pour tout complément. Sincères salutations.	des e-mails formels avec formule d'appel et formule de politesse	deployment	1
deployment	Cher Paul, concernant le déploiement de la mise à jour sur l'environnement de pré-production, l'orchestrateur semble ne pas détecter les nouvelles versions de l'image Docker. Pourrais-tu vérifier la configuration du déploiement continu ? Merci d'avance. Bien cordialement.	des e-mails formels avec formule d'appel et formule de politesse	deployment	1
deployment	À l'attention du support technique, nous rencontrons un problème de routage lors de l'intégration continue de nos conteneurs dans le registre privé de l'entreprise. Les étapes de build passent, mais la publication échoue. Merci de nous apporter votre assistance. Dans l'attente de vous lire, cordialement.	des e-mails formels avec formule d'appel et formule de politesse	deployment	1
deployment	On a poussé la dernière version sur le cluster AWS, mais les nouveaux pods ne semblent pas passer en 'Ready' malgré le passage du check de santé.	des formulations indirectes : le sujet se devine sans reprendre les mots-clés de la description de la catégorie	deployment	1
deployment	Est-ce que quelqu'un peut vérifier si le pipeline GitLab est bien configuré pour envoyer les artefacts vers le registre de l'entreprise ?	des formulations indirectes : le sujet se devine sans reprendre les mots-clés de la description de la catégorie	deployment	1
deployment	Depuis la mise à jour de l'infrastructure hier soir, les nouveaux services ne sont plus accessibles via l'équilibreur de charge externe.	des formulations indirectes : le sujet se devine sans reprendre les mots-clés de la description de la catégorie	deployment	1
deployment	J'ai remarqué que le script de mise en production échoue systématiquement à l'étape du push de l'image sur le repo de l'équipe.	des formulations indirectes : le sujet se devine sans reprendre les mots-clés de la description de la catégorie	deployment	1
deployment	Le workflow Jenkins ne déclenche plus le déploiement automatique sur notre instance Azure, on reste bloqués sur l'étape de validation.	des formulations indirectes : le sujet se devine sans reprendre les mots-clés de la description de la catégorie	deployment	1
deployment	On aurait besoin de plus de ressources sur le nœud principal pour que les microservices puissent démarrer sans être interrompus.	des formulations indirectes : le sujet se devine sans reprendre les mots-clés de la description de la catégorie	deployment	1
deployment	Est-ce que le nouveau déploiement sur l'instance de l'équipe marketing a bien été répercuté sur l'URL publique ?	des formulations indirectes : le sujet se devine sans reprendre les mots-clés de la description de la catégorie	deployment	1
deployment	Le fichier YAML pour la mise en place des services sur le cluster semble invalide, l'orchestrateur refuse de prendre en compte les changements.	des formulations indirectes : le sujet se devine sans reprendre les mots-clés de la description de la catégorie	deployment	1
deployment	Il faut absolument qu'on automatise la mise à jour de nos images sur le registre pour éviter les interventions manuelles à chaque release.	des formulations indirectes : le sujet se devine sans reprendre les mots-clés de la description de la catégorie	deployment	1
design	Est-ce que vous recommanderiez l'utilisation des patterns Factory ou Singleton pour ce nouveau microservice ?	des messages courts et directs (une phrase), niveau de langue courant	design	1
design	Je me demande si l'injection de dépendances via le constructeur reste la meilleure approche ici.	des messages courts et directs (une phrase), niveau de langue courant	design	1
design	On devrait peut-être séparer la logique métier de l'interface utilisateur pour respecter les principes SOLID.	des messages courts et directs (une phrase), niveau de langue courant	design	1
design	Quel est votre avis sur l'implémentation de la Clean Architecture dans un projet React ?	des messages courts et directs (une phrase), niveau de langue courant	design	1
design	Est-ce que ce design pattern respecte bien le principe de responsabilité unique ?	des messages courts et directs (une phrase), niveau de langue courant	design	1
design	J'hésite entre une architecture hexagonale ou une simple couche de service pour ce module.	des messages courts et directs (une phrase), niveau de langue courant	design	1
design	Comment gérez-vous la décomposition des domaines dans votre conception DDD ?	des messages courts et directs (une phrase), niveau de langue courant	design	1
design	Est-ce que l'utilisation de l'inversion de contrôle est pertinente pour ce cas d'usage ?	des messages courts et directs (une phrase), niveau de langue courant	design	1
design	Je pense qu'on devrait appliquer le pattern Observer pour réduire le couplage entre ces deux classes.	des messages courts et directs (une phrase), niveau de langue courant	design	1
design	Faut-il privilégier la composition plutôt que l'héritage pour la structure de nos composants ?	des messages courts et directs (une phrase), niveau de langue courant	design	1
design	Je travaille actuellement sur une refonte complète de notre module de paiement pour le projet Horizon. On a un gros problème de couplage entre la logique métier et les services tiers qui rend les tests unitaires impossibles. Est-ce que vous recommanderiez l'implémentation d'un pattern Adapter ou d'une interface plus abstraite pour isoler ces dépendances ?	des messages longs (3 à 5 phrases) avec du contexte personnel ; le vrai sujet n'apparaît qu'au milieu ou à la fin	design	1
design	Salut l'équipe, je commence enfin ma nouvelle mission chez TechNova après deux semaines de pause. Je suis en train de parcourir le dépôt existant et je trouve la structure des classes assez confuse. Est-ce qu'on suit une approche orientée domaine avec du Domain-Driven Design ici, ou est-ce qu'on reste sur une architecture plus classique de type Layered Architecture ?	des messages longs (3 à 5 phrases) avec du contexte personnel ; le vrai sujet n'apparaît qu'au milieu ou à la fin	design	1
design	On doit ajouter une nouvelle fonctionnalité de notification pour l'application mobile d'ici la fin du sprint. J'ai peur qu'en ajoutant trop de logique dans nos contrôleurs actuels, on finisse avec un code spaghetti ingérable. Comment est-ce qu'on pourrait structurer les services pour respecter le principe de responsabilité unique sans créer une surabondance de fichiers ?	des messages longs (3 à 5 phrases) avec du contexte personnel ; le vrai sujet n'apparaît qu'au milieu ou à la fin	design	1
design	J'ai passé toute la matinée à réviser la Pull Request de Marc sur le module de gestion des utilisateurs. Bien que le code fonctionne, j'ai remarqué que beaucoup de règles métier sont éparpillées dans différents fichiers de logique. Je me demandais si on ne devrait pas centraliser ces règles dans des services dédiés pour mieux respecter les principes SOLID.	des messages longs (3 à 5 phrases) avec du contexte personnel ; le vrai sujet n'apparaît qu'au milieu ou à la fin	design	1
design	Depuis que je suis arrivé sur l'équipe de développement de la plateforme de streaming, je cherche à comprendre comment vous gérez l'évolution des fonctionnalités. Le projet est devenu très gros et la maintenance devient complexe à chaque nouvelle mise à jour. Est-ce qu'une architecture hexagonale serait pertinente pour protéger notre cœur métier des changements externes ?	des messages longs (3 à 5 phrases) avec du contexte personnel ; le vrai sujet n'apparaît qu'au milieu ou à la fin	design	1
design	Dans le cadre de ma formation interne sur les design patterns, j'essaie d'appliquer de nouvelles méthodes à notre projet de gestion de stock. J'hésite sur la manière d'organiser la communication entre les différents modules pour éviter les appels circulaires. Est-ce que l'utilisation d'un bus d'événements interne serait une bonne pratique pour découpler nos composants ?	des messages longs (3 à 5 phrases) avec du contexte personnel ; le vrai sujet n'apparaît qu'au milieu ou à la fin	design	1
design	Je suis en train de préparer la documentation technique pour notre nouveau SDK destiné aux partenaires. Je veux m'assurer que les développeurs qui l'utiliseront ne fassent pas d'erreurs de conception majeures. À votre avis, est-ce qu'on devrait exposer des classes de haut niveau ou plutôt fournir une API très granulaire et technique ?	des messages longs (3 à 5 phrases) avec du contexte personnel ; le vrai sujet n'apparaît qu'au milieu ou à la fin	design	1
design	Hier, lors de la revue de conception avec le CTO, on a discuté de la montée en charge de notre logique de calcul. Bien que l'idée soit de rester simple, la structure actuelle semble trop rigide pour intégrer de nouveaux types de calculs. Quel type d'abstraction devr'on mettre en place pour permettre une extension facile sans modifier le code existant ?	des messages longs (3 à 5 phrases) avec du contexte personnel ; le vrai sujet n'apparaît qu'au milieu ou à la fin	design	1
design	J'ai un doute sur la manière dont on gère la validation des données dans le nouveau microservice de facturation. Actuellement, la logique est injectée directement dans les couches de présentation, ce qui me semble peu propre. Est-ce qu'il ne vaudrait pas mieux utiliser des validateurs dédiés pour séparer la validation de la logique métier ?	des messages longs (3 à 5 phrases) avec du contexte personnel ; le vrai sujet n'apparaît qu'au milieu ou à la fin	design	1
design	Après avoir analysé le code legacy de l'application de gestion RH, je suis assez inquiet pour la maintenance à long terme. Les classes sont trop chargées et possèdent trop de responsabilités différentes, ce qui rend toute modification risquée. Est-ce que vous pensez qu'on devrait lancer un chantier de refactorisation vers une approche plus modulaire ?	des messages longs (3 à 5 phrases) avec du contexte personnel ; le vrai sujet n'apparaît qu'au milieu ou à la fin	design	1
design	tu penses quoi du pattern strategy pour gérer les différents types de paiements sur le module client ? ça va pas trop complexifier le code ?	un style SMS ou messagerie instantanée : familier, abréviations, fautes d'orthographe, peu de ponctuation	design	1
design	hey, j'ai un doute sur la couche service... on garde la logique métier dedans ou on crée un domain layer séparé ? je veux pas faire de l'anemic domain model	un style SMS ou messagerie instantanée : familier, abréviations, fautes d'orthographe, peu de ponctuation	design	1
design	svp quelqu'un peut checker mon pr ? je me demande si l'injection de dependance est bien faite ou si je vais me retrouver avec un spaghetti code pas possible	un style SMS ou messagerie instantanée : familier, abréviations, fautes d'orthographe, peu de ponctuation	design	1
design	j'ai pas trop les yeux pour le design pattern observer ici, c'est mieux de l'utiliser ou de passer par des events simples pour decoupler les modules ?	un style SMS ou messagerie instantanée : familier, abréviations, fautes d'orthographe, peu de ponctuation	design	1
design	dsl j'oubliais... pour le nouveau microservice on part sur une architecture hexagonale ou on fait un truc plus simple genre 3 layers ?	un style SMS ou messagerie instantanée : familier, abréviations, fautes d'orthographe, peu de ponctuation	design	1
design	estce que c'est une bonne pratique de mettre des interfaces partout même quand y a qu'une seule implémentation ? j'ai peur de trop surcharger le projet	un style SMS ou messagerie instantanée : familier, abréviations, fautes d'orthographe, peu de ponctuation	design	1
design	au fait pour la gestion des erreurs globales, on fait un middleware ou on laisse chaque controller gerer ses propres exceptions selon les cas ?	un style SMS ou messagerie instantanée : familier, abréviations, fautes d'orthographe, peu de ponctuation	design	1
design	un avis sur le principe de single responsibility ? j'ai un composant React qui fait trop de trucs, je devrais le splitter en sous-composants plus petits non	un style SMS ou messagerie instantanée : familier, abréviations, fautes d'orthographe, peu de ponctuation	design	1
design	ca vous semble ok de decoupler la logique de validation de la logique de persistance ou c'est overkill pour ce petit projet ?	un style SMS ou messagerie instantanée : familier, abréviations, fautes d'orthographe, peu de ponctuation	design	1
design	j'ai un gros doute sur le choix de la composition vs inheritance sur le module user, j'ai peur que l'inheritance devienne une usine a gaz si on rajoute des roles	un style SMS ou messagerie instantanée : familier, abréviations, fautes d'orthographe, peu de ponctuation	design	1
design	Monsieur, Je me permets de vous solliciter concernant la restructuration de notre module de paiement. Pensez-vous qu'il soit préférable d'adopter une architecture hexagonale ou de rester sur une structure en couches classique pour faciliter les tests unitaires ? Dans l'attente de votre avis, Je vous prie d'agréer, Monsieur, l'expression de mes salutations distinguées.	des e-mails formels avec formule d'appel et formule de politesse	design	1
design	Bonjour Marc, Suite à notre réunion de ce matin, j'ai commencé à réfléchir à l'implémentation du pattern Strategy pour notre moteur de règles métier. Cela permettrait de respecter le principe Open/Closed de SOLID. Qu'en penses-tu ? Bien cordialement, Lucie.	des e-mails formels avec formule d'appel et formule de politesse	design	1
design	Madame la Directrice Technique, Dans le cadre de la refonte du projet 'Titan', je souhaiterais proposer une séparation plus nette des responsabilités entre nos différents services via l'introduction de l'inversion de dépendance. Je reste à votre disposition pour en discuter. Respectueusement, Thomas.	des e-mails formels avec formule d'appel et formule de politesse	design	1
design	Cher Antoine, Concernant la nouvelle API, j'ai remarqué que nous ne suivons pas strictement les principes de conception RESTful, notamment sur la gestion de l'état des ressources. Devrions-nous imposer une revue de code plus stricte sur ce point ? Cordialement, Sophie.	des e-mails formels avec formule d'appel et formule de politesse	design	1
design	Monsieur, Je vous écris pour vous faire part de mes inquiétudes concernant l'encapsulation de nos objets métier dans le nouveau framework interne. L'exposition excessive des attributs pourrait compromettre la cohérence du domaine. Dans l'attente de votre retour, Bien à vous, Jean-Pierre.	des e-mails formels avec formule d'appel et formule de politesse	design	1
design	Bonjour l'équipe, Pour le prochain sprint, je suggère que nous appliquions systématiquement le principe de responsabilité unique (SRP) lors de la création de nos nouveaux contrôleurs. Cela rendra la maintenance beaucoup plus fluide. Salutations, Nicolas.	des e-mails formels avec formule d'appel et formule de politesse	design	1
design	Cher collègue, Pourriez-vous me donner votre avis sur l'utilisation du pattern Observer pour la gestion des événements de notre interface utilisateur ? Je crains qu'une implémentation trop complexe ne nuise à la lisibilité du code. Merci d'avance, Pierre.	des e-mails formels avec formule d'appel et formule de politesse	design	1
design	Madame, Je souhaite vous soumettre une proposition de modification de nos standards de codage, notamment sur l'usage des interfaces pour masquer la complexité de nos sous-systèmes. Je vous remercie de l'attention portée à cette requête. Sincères salutations, Claire.	des e-mails formels avec formule d'appel et formule de politesse	design	1
design	Bonjour Julien, En relisant le module de gestion des utilisateurs, je pense qu'une décomposition en composants plus petits, suivant une approche modulaire, serait plus pertinente pour l'évolution future du produit. Qu'en dis-tu ? Très cordialement, Éric.	des e-mails formels avec formule d'appel et formule de politesse	design	1
design	Monsieur, Je vous contacte afin de valider la stratégie de conception logicielle pour le module de calcul haute fidélité. Estimez-vous judicieux d'utiliser une architecture orientée événements pour découpler nos composants ? Je vous prie d'agréer, Monsieur, mes sincères salutations. Marc-Antoine.	des e-mails formels avec formule d'appel et formule de politesse	design	1
design	Je me demande si l'implémentation de ce pattern ne va pas rendre l'extension du module de paiement trop complexe à l'avenir, surtout si on doit ajouter des méthodes de paiement locales.	des formulations indirectes : le sujet se devine sans reprendre les mots-clés de la description de la catégorie	design	1
design	Est-ce que vous préconisez plutôt une approche orientée services ou une structure monolithique modulaire pour ce nouveau projet de gestion de stocks ?	des formulations indirectes : le sujet se devine sans reprendre les mots-clés de la description de la catégorie	design	1
design	Salut Marc, je n'arrive pas à décider s'il vaut mieux isoler la logique métier dans une couche dédiée ou la laisser directement dans les contrôleurs pour rester simple.	des formulations indirectes : le sujet se devine sans reprendre les mots-clés de la description de la catégorie	design	1
design	Selon vous, quelle est la meilleure stratégie pour découpler nos composants internes afin de faciliter les tests unitaires sans multiplier les mocks ?	des formulations indirectes : le sujet se devine sans reprendre les mots-clés de la description de la catégorie	design	1
design	J'hésite sur la manière de structurer nos interfaces pour qu'elles restent agnostiques de l'implémentation concrète des périphériques.	des formulations indirectes : le sujet se devine sans reprendre les mots-clés de la description de la catégorie	design	1
design	Pour le projet Alpha, on devrait peut-être envisager une séparation claire des responsabilités dès le départ pour éviter que le cœur du système ne devienne illisible.	des formulations indirectes : le sujet se devine sans reprendre les mots-clés de la description de la catégorie	design	1
design	Est-ce que l'injection de dépendances via le constructeur est une approche acceptable ici, ou est-ce qu'on risque de créer un couplage trop fort entre les modules ?	des formulations indirectes : le sujet se devine sans reprendre les mots-clés de la description de la catégorie	design	1
design	Je réfléchis à une façon de rendre notre logique de validation réutilisable à travers les différents modules du SDK sans introduire de liens circulaires.	des formulations indirectes : le sujet se devine sans reprendre les mots-clés de la description de la catégorie	design	1
design	Dans le cadre de la refonte de l'API, comment assurez-vous la cohérence de la structure des réponses entre les différents endpoints ?	des formulations indirectes : le sujet se devine sans reprendre les mots-clés de la description de la catégorie	design	1
design	On devrait peut-être définir des contrats d'interface plus stricts pour que les équipes frontend et backend puissent travailler en parallèle sans se bloquer.	des formulations indirectes : le sujet se devine sans reprendre les mots-clés de la description de la catégorie	design	1
none	Bonjour, pourriez-vous me communiquer l'adresse exacte de vos bureaux pour la réunion de demain ?	des questions pratiques (horaires, adresse, accès, tarifs généraux, contact)	none	1
none	Est-ce que le support est joignable par téléphone ou uniquement via le système de tickets ?	des questions pratiques (horaires, adresse, accès, tarifs généraux, contact)	none	1
none	Je souhaiterais connaître vos tarifs pour l'abonnement premium destiné aux équipes de plus de 10 développeurs.	des questions pratiques (horaires, adresse, accès, tarifs généraux, contact)	none	1
none	À quelle heure ferme votre service client le vendredi ?	des questions pratiques (horaires, adresse, accès, tarifs généraux, contact)	none	1
none	Est-ce que l'accès à la documentation est gratuit ou faut-il souscrire à un compte payant ?	des questions pratiques (horaires, adresse, accès, tarifs généraux, contact)	none	1
none	Bonjour, je cherche le contact du responsable du département infrastructure, pourriez-vous me l'envoyer ?	des questions pratiques (horaires, adresse, accès, tarifs généraux, contact)	none	1
none	Quels sont les moyens de paiement acceptés pour le renouvellement de la licence ?	des questions pratiques (horaires, adresse, accès, tarifs généraux, contact)	none	1
none	Pourriez-vous me confirmer si vos bureaux sont accessibles en fauteuil roulant ?	des questions pratiques (horaires, adresse, accès, tarifs généraux, contact)	none	1
none	Bonjour, je n'arrive pas à trouver l'email de l'équipe commerciale sur votre site.	des questions pratiques (horaires, adresse, accès, tarifs généraux, contact)	none	1
none	Est-ce que vous proposez des sessions de formation en présentiel dans vos locaux ?	des questions pratiques (horaires, adresse, accès, tarifs généraux, contact)	none	1
none	Merci beaucoup pour votre aide précieuse sur le thread précédent !	des remerciements, félicitations ou messages de politesse sans demande précise	none	1
none	Bravo pour la nouvelle version de la librairie, le travail est impressionnant.	des remerciements, félicitations ou messages de politesse sans demande précise	none	1
none	C'est noté, merci pour le retour rapide.	des remerciements, félicitations ou messages de politesse sans demande précise	none	1
none	Super boulot sur la documentation, c'est beaucoup plus clair maintenant.	des remerciements, félicitations ou messages de politesse sans demande précise	none	1
none	Un grand merci à l'équipe support pour la réactivité.	des remerciements, félicitations ou messages de politesse sans demande précise	none	1
none	Top, merci !	des remerciements, félicitations ou messages de politesse sans demande précise	none	1
none	Félicitations pour cette belle release, on attend ça avec impatience.	des remerciements, félicitations ou messages de politesse sans demande précise	none	1
none	Merci de m'avoir tenu informé de l'avancement du ticket.	des remerciements, félicitations ou messages de politesse sans demande précise	none	1
none	Bien reçu, je vous souhaite une excellente journée.	des remerciements, félicitations ou messages de politesse sans demande précise	none	1
none	Merci infiniment pour votre patience et vos explications.	des remerciements, félicitations ou messages de politesse sans demande précise	none	1
none	Bonjour, je suis développeur freelance spécialisé en React et je suis actuellement à la recherche de nouvelles missions en CDI ou long terme. N'hésitez pas à consulter mon portfolio ou à me contacter en MP pour discuter de vos besoins.	des candidatures, propositions commerciales, sollicitations ou partenariats	none	1
none	Objet : Proposition de partenariat pour votre prochain projet open-source. Nous proposons des services de maintenance premium pour les bibliothèques JavaScript. Seriez-vous disponible pour un court échange la semaine prochaine ?	des candidatures, propositions commerciales, sollicitations ou partenariats	none	1
none	Madame, Monsieur, je me permets de vous solliciter pour vous proposer mes services de rédaction technique. J'ai une solide expérience dans la documentation d'API et je serais ravi de collaborer avec votre équipe de dev.	des candidatures, propositions commerciales, sollicitations ou partenariats	none	1
none	Hello ! Je travaille sur un outil de monitoring et je cherche des partenaires pour tester la version bêta. Si votre équipe est intéressée par un accès gratuit en échange de feedbacks, faites-moi signe !	des candidatures, propositions commerciales, sollicitations ou partenariats	none	1
none	Bonjour, je suis très intéressé par votre offre de développeur Backend publiée hier. Vous trouverez ci-joint mon CV et mon lien GitHub. Je reste à votre disposition pour un entretien.	des candidatures, propositions commerciales, sollicitations ou partenariats	none	1
none	Votre plateforme est incroyable ! Nous développons une solution de paiement qui pourrait compléter votre écosystème de manière très pertinente. Seriez-vous ouvert à une présentation commerciale rapide ?	des candidatures, propositions commerciales, sollicitations ou partenariats	none	1
none	Bonjour l'équipe, je propose une collaboration pour intégrer des bannières publicitaires non intrusives sur votre forum technique. Cela pourrait générer un revenu passif intéressant pour la communauté.	des candidatures, propositions commerciales, sollicitations ou partenariats	none	1
none	Bonjour, je cherche un développeur Senior disponible immédiatement pour une mission de renfort de 3 mois sur un projet de migration frontend. Si vous avez des recommandations, je suis preneur.	des candidatures, propositions commerciales, sollicitations ou partenariats	none	1
none	Nous avons développé un plugin qui automatise la génération de documentation. Je souhaiterais vous proposer une licence gratuite pour votre organisation afin de tester l'adoption par vos développeurs.	des candidatures, propositions commerciales, sollicitations ou partenariats	none	1
none	Cher collègue, je viens de voir ton profil et je pense que mon expertise en cybersécurité pourrait apporter une vraie valeur ajoutée à tes projets actuels. Discutons-en autour d'un café virtuel ?	des candidatures, propositions commerciales, sollicitations ou partenariats	none	1
none	Est-ce que quelqu'un a un template propre pour rédiger une documentation API en Markdown ? Je veux quelque chose de standardisé pour l'équipe.	des messages sur des sujets proches du domaine mais qui ne relèvent d'aucune catégorie listée	none	1
none	Salut ! Vous utilisez quoi comme outil de gestion de projet en ce moment ? On cherche à remplacer Jira mais on veut garder une certaine agilité.	des messages sur des sujets proches du domaine mais qui ne relèvent d'aucune catégorie listée	none	1
none	J'ai une question sur la politique de sécurité concernant l'utilisation des clés API tierces sur les postes nomades, quelqu'un peut me rediriger vers le wiki ?	des messages sur des sujets proches du domaine mais qui ne relèvent d'aucune catégorie listée	none	1
none	On pourrait prévoir un petit point de synchronisation de 15 minutes demain matin pour discuter du planning de la semaine prochaine ?	des messages sur des sujets proches du domaine mais qui ne relèvent d'aucune catégorie listée	none	1
none	Petite question de droit d'auteur : est-ce que l'utilisation de cette bibliothèque sous licence MIT est autorisée pour notre nouveau produit commercial ?	des messages sur des sujets proches du domaine mais qui ne relèvent d'aucune catégorie listée	none	1
none	Quelqu'un a une recommandation de tutoriel pour apprendre les bases de l'accessibilité web (WCAG) ? Je dois intégrer quelques contraintes sur l'UI.	des messages sur des sujets proches du domaine mais qui ne relèvent d'aucune catégorie listée	none	1
none	Je cherche un moyen simple de partager mes notes de réunion technique avec les non-développeurs de l'équipe produit. Des idées ?	des messages sur des sujets proches du domaine mais qui ne relèvent d'aucune catégorie listée	none	1
none	Le planning de la roadmap a été modifié, vous pouvez consulter le nouveau calendrier sur Notion.	des messages sur des sujets proches du domaine mais qui ne relèvent d'aucune catégorie listée	none	1
none	Est-ce qu'on peut automatiser l'envoi des rapports hebdomadaires de présence via un simple script Google Sheets ?	des messages sur des sujets proches du domaine mais qui ne relèvent d'aucune catégorie listée	none	1
none	Besoin d'un avis : est-ce qu'on devrait passer à un modèle de travail 100% asynchrone pour les revues de documentation ?	des messages sur des sujets proches du domaine mais qui ne relèvent d'aucune catégorie listée	none	1
