label	text	style	verifier_label	agree
buying	Je souhaiterais organiser une visite pour l'appartement situé rue de la République demain après-midi.	des messages courts et directs (une phrase), niveau de langue courant	buying	1
buying	Nous sommes très intéressés par la maison de campagne à Saint-Malo et souhaitons déposer une offre ferme à 320 000 €.	des messages courts et directs (une phrase), niveau de langue courant	buying	1
buying	Est-il possible de programmer un créneau pour visiter le studio disponible sur l'annonce de l'agence ?	des messages courts et directs (une phrase), niveau de langue courant	buying	1
buying	Je reviens vers vous pour confirmer notre offre d'achat concernant le loft à Lyon.	des messages courts et directs (une phrase), niveau de langue courant	buying	1
buying	Bonjour, l'appartement de 3 pièces au deuxième étage est-il toujours disponible pour une visite ?	des messages courts et directs (une phrase), niveau de langue courant	buying	1
buying	Nous aimerions vous soumettre une proposition d'achat inférieure au prix demandé pour le terrain à Bordeaux.	des messages courts et directs (une phrase), niveau de langue courant	buying	1
buying	Serait-il possible de visiter le duplex ce samedi vers 11h ?	des messages courts et directs (une phrase), niveau de langue courant	buying	1
buying	Après réflexion, nous vous adressons une offre d'achat au prix net vendeur pour le bien de Nantes.	des messages courts et directs (une phrase), niveau de langue courant	buying	1
buying	Je voudrais savoir si des visites sont prévues prochainement pour la villa de Nice.	des messages courts et directs (une phrase), niveau de langue courant	buying	1
buying	Nous avons décidé de faire une offre sur le studio de l'avenue Jean Jaurès.	des messages courts et directs (une phrase), niveau de langue courant	buying	1
buying	Bonjour, nous venons de déménager à Lyon pour mon nouveau travail et nous cherchons à nous installer durablement dans le 6ème arrondissement. J'ai vu passer votre annonce concernant l'appartement avec terrasse situé rue Garibaldi. Serait-il possible de planifier une visite en fin de semaine ?	des messages longs (3 à 5 phrases) avec du contexte personnel ; le vrai sujet n'apparaît qu'au milieu ou à la fin	buying	1
buying	Madame, Monsieur, nous suivons vos activités sur les réseaux sociaux depuis quelques mois car nous sommes très intéressés par le secteur de Bordeaux. Notre situation familiale change avec l'arrivée d'un bébé et nous avons besoin de plus d'espace. Je reviens vers vous pour savoir si l'appartement de trois pièces que vous avez publié hier est toujours disponible pour une visite.	des messages longs (3 à 5 phrases) avec du contexte personnel ; le vrai sujet n'apparaît qu'au milieu ou à la fin	buying	1
buying	Bonjour, je vous contacte suite à notre passage devant votre agence ce matin en allant faire des courses. Nous sommes en pleine réflexion sur un projet de vie plus proche de la nature et nous avons repéré une maison de ville dans votre catalogue. Nous aimerions déposer une offre d'achat pour le bien situé avenue de la République si le vendeur est ouvert à la négociation.	des messages longs (3 à 5 phrases) avec du contexte personnel ; le vrai sujet n'apparaît qu'au milieu ou à la fin	buying	1
buying	Cher Monsieur, ma femme et moi avons beaucoup aimé l'architecture de la maison que nous avons découverte sur votre site internet hier soir. Nous avons déjà une idée assez précise de notre budget et de nos critères de recherche. Nous souhaiterions organiser une visite complète de ce bien dès que vous aurez un créneau disponible la semaine prochaine.	des messages longs (3 à 5 phrases) avec du contexte personnel ; le vrai sujet n'apparaît qu'au milieu ou à la fin	buying	1
buying	Bonjour, je travaille actuellement dans le secteur de la logistique et je souhaite m'installer à proximité de mon entreprise à Nantes. Après avoir étudié plusieurs annonces, j'ai eu un vrai coup de cœur pour le studio situé près du centre-ville. Je souhaite vous soumettre une offre d'achat ferme au prix indiqué dans l'annonce.	des messages longs (3 à 5 phrases) avec du contexte personnel ; le vrai sujet n'apparaît qu'au milieu ou à la fin	buying	1
buying	Bonjour à toute l'équipe, nous habitons actuellement dans un petit appartement et nous souhaitons passer à une étape supérieure. Nous avons remarqué que le duplex avec jardin que vous proposez est disponible immédiatement. Pourriez-vous nous envoyer les diagnostics techniques et nous proposer un rendez-vous pour le visiter ?	des messages longs (3 à 5 phrases) avec du contexte personnel ; le vrai sujet n'apparaît qu'au milieu ou à la fin	buying	1
buying	Madame, Monsieur, je suis en pleine mutation professionnelle et je dois m'installer très rapidement dans la région de Strasbourg. J'ai consulté votre catalogue de biens et le loft industriel m'a vraiment séduit par ses volumes. Je souhaiterais vous faire une proposition d'achat écrite d'ici la fin de la journée.	des messages longs (3 à 5 phrases) avec du contexte personnel ; le vrai sujet n'apparaît qu'au milieu ou à la fin	buying	1
buying	Bonjour, nous sommes un jeune couple et nous prévoyons de construire notre avenir dans ce quartier très calme. En parcourant vos dernières publications, nous avons remarqué un appartement de type T4 qui correspond parfaitement à nos attentes. Est-il possible de convenir d'un créneau pour visiter ce bien mardi ou mercredi prochain ?	des messages longs (3 à 5 phrases) avec du contexte personnel ; le vrai sujet n'apparaît qu'au milieu ou à la fin	buying	1
buying	Bonjour, je me permets de vous solliciter car je prépare un projet de vie importante pour l'année prochaine. J'ai remarqué une annonce concernant une maison de plain-pied avec un grand terrain dans le secteur de Toulouse. Je suis extrêmement intéressé et je souhaiterais vous faire une offre d'achat suite à une première visite.	des messages longs (3 à 5 phrases) avec du contexte personnel ; le vrai sujet n'apparaît qu'au milieu ou à la fin	buying	1
buying	Bonjour, nous venons de terminer la vente de notre précédent logement et nous sommes maintenant prêts à concrétiser notre nouveau projet. Votre annonce pour la maison de caractère avec dépendance a retenu toute notre attention. Seriez-vous disponible pour organiser une visite groupée avec mon conjoint et moi-même ce samedi matin ?	des messages longs (3 à 5 phrases) avec du contexte personnel ; le vrai sujet n'apparaît qu'au milieu ou à la fin	buying	1
buying	Bonjour, je suis super intéressé par l'appart t3 rue de la paix. C'est possible de le visiter demain vers 14h ?	un style SMS ou messagerie instantanée : familier, abréviations, fautes d'orthographe, peu de ponctuation	buying	1
buying	bonjour je voulais savoir si la maison avec le jardin à Nantes est toujours dispo ? on aimerait bien faire une visite	un style SMS ou messagerie instantanée : familier, abréviations, fautes d'orthographe, peu de ponctuation	buying	1
buying	Salut, on vient de faire une offre à 285000€ pour le studio à Lyon. Dites moi vite si c'est bon pour vous	un style SMS ou messagerie instantanée : familier, abréviations, fautes d'orthographe, peu de ponctuation	buying	1
buying	Est ce que l'annonce pour le duplex à Bordeaux est encore d'actualité ? on veut absolument le voir	un style SMS ou messagerie instantanée : familier, abréviations, fautes d'orthographe, peu de ponctuation	buying	1
buying	Bonjour je souhaite déposer une offre sur le pavillon de l'avenue des champs. 310k€ max	un style SMS ou messagerie instantanée : familier, abréviations, fautes d'orthographe, peu de ponctuation	buying	1
buying	on est dispo samedi matin pour visiter l'appartement au 4eme étage ? merci	un style SMS ou messagerie instantanée : familier, abréviations, fautes d'orthographe, peu de ponctuation	buying	1
buying	rebonjour je propose 245000€ net vendeur pour la maison de l'autre jour. tenez moi au courant	un style SMS ou messagerie instantanée : familier, abréviations, fautes d'orthographe, peu de ponctuation	buying	1
buying	svp possible de vnir voir le bien à Lille mardi apres midi ? on est deter	un style SMS ou messagerie instantanée : familier, abréviations, fautes d'orthographe, peu de ponctuation	buying	1
buying	j'ai vu l'annonce pour le garage à Marseille, c'est possible de passer le voir cette semaine ?	un style SMS ou messagerie instantanée : familier, abréviations, fautes d'orthographe, peu de ponctuation	buying	1
buying	On veut faire une offre sur le studio de la rue verte, on vous envoie le mail avec les détails tout de suite	un style SMS ou messagerie instantanée : familier, abréviations, fautes d'orthographe, peu de ponctuation	buying	1
buying	Madame, Monsieur, je reviens vers vous suite à l'annonce publiée ce matin concernant l'appartement de type T3 situé rue de Rivoli. Serait-il possible d'organiser une visite dans le courant de la semaine prochaine ? Je suis disponible tous les après-midi après 17h. Dans l'attente de votre retour, je vous prie d'agréer mes salutations distinguées. Jean Dupont.	des e-mails formels avec formule d'appel et formule de politesse	buying	1
buying	Monsieur le Responsable, suite à notre échange téléphonique de ce jour, je vous confirme mon vif intérêt pour la maison de ville à Bordeaux. Je souhaite vous soumettre une offre d'achat ferme au montant de 345 000 euros, sous réserve de l'obtention d'un financement. Je reste à votre disposition pour vous transmettre les justificatifs nécessaires. Cordialement, Marc Lefebvre.	des e-mails formels avec formule d'appel et formule de politesse	buying	1
buying	Bonjour, je souhaiterais obtenir des informations complémentaires sur le studio disponible à Lyon 6ème. La cuisine est-elle équipée et la luminosité est-elle conforme aux photos de l'annonce ? Si le bien correspond à mes attentes, j'aimerais convenir d'un rendez-vous pour une visite rapide. Bien cordialement, Sophie Martin.	des e-mails formels avec formule d'appel et formule de politesse	buying	1
buying	Madame, Monsieur, je vous contacte pour vous faire part de mon intention d'acquérir le loft situé dans le quartier de la Confluence. Après réflexion, je vous propose une offre d'achat au prix de 410 000 euros net vendeur. Vous trouverez en pièce jointe une lettre d'intention détaillant mes conditions. Je vous prie d'agréer, Madame, Monsieur, l'expression de mes sentiments respectueux. Pierre Morel.	des e-mails formels avec formule d'appel et formule de politesse	buying	1
buying	Monsieur, Je fais suite à la visite que nous avons effectuée hier concernant le terrain constructible à Nantes. Je suis très intéressé par ce projet et je souhaiterais savoir si une autre visite est possible pour que je puisse venir accompagné d'un architecte. Dans l'attente de votre réponse, je vous prie d'agréer mes sincères salutations. Lucie Bernard.	des e-mails formels avec formule d'appel et formule de politesse	buying	1
buying	À l'attention de l'agence immobilière, Je souhaiterais programmer une visite pour le duplex situé Avenue de la République. Nous sommes disponibles ce samedi matin entre 10h et 12h. Pourriez-vous me confirmer si ce créneau vous convient ? Merci par avance. Cordialement, Thomas Durand.	des e-mails formels avec formule d'appel et formule de politesse	buying	1
buying	Madame, Monsieur, après étude de votre annonce pour la villa de 150m², je souhaite vous transmettre une offre d'achat au prix affiché de 520 000 euros. Cette proposition est valable pendant une durée de huit jours. Je reste disponible pour discuter des modalités de signature de l'avant-contrat. Respectueusement, Émilie Roux.	des e-mails formels avec formule d'appel et formule de politesse	buying	1
buying	Monsieur, Je vous sollicite pour organiser une visite du bien situé au 12 Boulevard Haussmann. Nous avons un coup de cœur pour la description de l'annonce et souhaiterions voir la pièce de vie de plus près. Merci de bien vouloir nous proposer des dates. Bien à vous, Nicolas Petit.	des e-mails formels avec formule d'appel et formule de politesse	buying	1
buying	Bonjour, je vous contacte concernant l'annonce pour l'appartement de 2 pièces à Strasbourg. Serait-il possible de recevoir le dossier technique complet ainsi que le plan de l'appartement avant d'envisager une visite ? Je vous remercie de votre aide. Cordialement, Clara Simon.	des e-mails formels avec formule d'appel et formule de politesse	buying	1
buying	Madame, Monsieur, suite à la visite de la maison de campagne à Angers, je vous informe que nous souhaitons formuler une offre d'achat à 285 000 euros. Nous disposons de tous les éléments prouvant notre capacité d'acquisition. Dans l'attente de votre retour concernant la réponse des propriétaires, je vous prie d'agréer mes salutations distinguées. Antoine Legrand.	des e-mails formels avec formule d'appel et formule de politesse	buying	1
buying	Bonjour, j'ai vu l'annonce pour l'appartement de trois pièces sur la rue de la République. Serait-il possible de passer demain en fin de journée pour voir l'agencement de la cuisine ?	des formulations indirectes : le sujet se devine sans reprendre les mots-clés de la description de la catégorie	buying	1
buying	Madame, nous sommes très intéressés par la maison avec jardin à Nantes. Nous souhaiterions vous transmettre une proposition formelle à 345 000 euros, incluant nos garanties de financement.	des formulations indirectes : le sujet se devine sans reprendre les mots-clés de la description de la catégorie	buying	1
buying	Est-ce que le studio situé près de la gare est toujours disponible ? Si oui, quel créneau auriez-vous de libre mercredi matin pour faire le tour du propriétaire ?	des formulations indirectes : le sujet se devine sans reprendre les mots-clés de la description de la catégorie	buying	1
buying	Suite à notre passage ce matin, nous avons décidé de vous soumettre une proposition pour le duplex. Nous sommes prêts à signer un compromis rapidement.	des formulations indirectes : le sujet se devine sans reprendre les mots-clés de la description de la catégorie	buying	1
buying	Bonjour, je souhaiterais obtenir plus de précisions sur la surface exacte de la terrasse pour le bien situé à Bordeaux. Est-il possible de planifier un rendez-vous avec l'agent ?	des formulations indirectes : le sujet se devine sans reprendre les mots-clés de la description de la catégorie	buying	1
buying	Nous avons beaucoup aimé le charme de la maison de caractère à Limoges. Pourriez-vous nous envoyer le dossier de diagnostics techniques avant que nous ne revenions vers vous avec un montant précis ?	des formulations indirectes : le sujet se devine sans reprendre les mots-clés de la description de la catégorie	buying	1
buying	Bonjour, j'aimerais savoir si le rez-de-chaussée avec terrasse est encore libre pour une acquisition. Nous sommes très motivés par ce projet.	des formulations indirectes : le sujet se devine sans reprendre les mots-clés de la description de la catégorie	buying	1
buying	Est-il possible de programmer une deuxième visite pour le bien de l'avenue Foch ? Nous aimerions venir avec notre architecte pour projeter quelques modifications.	des formulations indirectes : le sujet se devine sans reprendre les mots-clés de la description de la catégorie	buying	1
buying	Nous revenons vers vous concernant la villa à Saint-Cloud. Nous vous confirmons notre volonté de vous faire une offre ferme dès demain matin.	des formulations indirectes : le sujet se devine sans reprendre les mots-clés de la description de la catégorie	buying	1
buying	Bonjour, j'ai remarqué l'appartement avec vue sur le parc sur votre site. Serait-il possible d'organiser une rencontre sur place la semaine prochaine ?	des formulations indirectes : le sujet se devine sans reprendre les mots-clés de la description de la catégorie	buying	1
renting	Je souhaiterais savoir si l'appartement situé rue de Rivoli est toujours disponible à la location.	des messages courts et directs (une phrase), niveau de langue courant	renting	1
renting	Pourriez-vous m'indiquer la liste des pièces justificatives nécessaires pour constituer mon dossier de location ?	des messages courts et directs (une phrase), niveau de langue courant	renting	1
renting	Veuillez trouver ci-joint mon dossier complet pour la location du studio de 25m² à Lyon.	des messages courts et directs (une phrase), niveau de langue courant	renting	1
renting	Est-il possible de prolonger la durée du bail pour mon logement actuel jusqu'à la fin de l'année ?	des messages courts et directs (une phrase), niveau de langue courant	renting	1
renting	Je cherche un appartement de trois pièces avec balcon dans le quartier de Nantes pour le mois prochain.	des messages courts et directs (une phrase), niveau de langue courant	renting	1
renting	Je vous contacte pour obtenir un exemplaire du bail de location concernant le studio du boulevard Raspail.	des messages courts et directs (une phrase), niveau de langue courant	renting	1
renting	Mon dossier de location est prêt, pouvez-vous me confirmer que toutes les pièces sont conformes ?	des messages courts et directs (une phrase), niveau de langue courant	renting	1
renting	Je suis très intéressé par l'annonce pour la maison de campagne et je souhaite déposer mon dossier rapidement.	des messages courts et directs (une phrase), niveau de langue courant	renting	1
renting	Serait-il possible de modifier une clause concernant la caution dans le contrat de bail ?	des messages courts et directs (une phrase), niveau de langue courant	renting	1
renting	Je recherche une colocation meublée avec budget maximum de 800 euros charges comprises.	des messages courts et directs (une phrase), niveau de langue courant	renting	1
renting	Bonjour, je viens de terminer mon contrat de six mois en tant que consultant informatique à Lyon. Je cherche activement un logement meublé pour la durée de ma mission, idéalement dans le 3ème arrondissement. Serait-il possible de savoir si vous avez des annonces disponibles pour ce type de profil ?	des messages longs (3 à 5 phrases) avec du contexte personnel ; le vrai sujet n'apparaît qu'au milieu ou à la fin	renting	1
renting	Bonjour l'équipe, je me permets de vous contacter car je déménage prochainement suite à une mutation professionnelle à Nantes. Je dispose déjà de tous mes justificatifs de revenus et de mon garant. Pourriez-vous m'indiquer la liste des pièces nécessaires pour constituer un dossier de location complet ?	des messages longs (3 à 5 phrases) avec du contexte personnel ; le vrai sujet n'apparaît qu'au milieu ou à la fin	renting	1
renting	Madame, Monsieur, je suis actuellement en train de préparer mon installation à Bordeaux pour la rentrée universitaire. Je suis à la recherche d'un studio ou d'un petit T2 proche des transports en commun. Je souhaiterais savoir si vous proposez des services d'accompagnement pour la signature d'un bail de colocation.	des messages longs (3 à 5 phrases) avec du contexte personnel ; le vrai sujet n'apparaît qu'au milieu ou à la fin	renting	1
renting	Bonjour, ma conjointe et moi avons vu votre annonce pour l'appartement situé rue de la République. Nos situations professionnelles sont très stables avec deux CDI dans le secteur de l'audiovisuel. Nous aimerions vous transmettre notre dossier de location numérique dès aujourd'hui pour étude.	des messages longs (3 à 5 phrases) avec du contexte personnel ; le vrai sujet n'apparaît qu'au milieu ou à la fin	renting	1
renting	Bonjour, je suis très intéressé par le logement que vous avez publié sur votre site internet hier. Je termine actuellement mes études de droit et je recherche une chambre en appartement partagé. Est-ce qu'il reste des disponibilités pour un contrat de location étudiant dans ce secteur ?	des messages longs (3 à 5 phrases) avec du contexte personnel ; le vrai sujet n'apparaît qu'au milieu ou à la fin	renting	1
renting	Bonjour, je reviens vers vous concernant l'appartement que nous avons vu la semaine dernière. Après avoir discuté avec mon employeur, je peux confirmer la validation de mon nouveau contrat. Je vous envoie par mail les éléments pour finaliser le bail et organiser l'état des lieux.	des messages longs (3 à 5 phrases) avec du contexte personnel ; le vrai sujet n'apparaît qu'au milieu ou à la fin	renting	1
renting	Bonjour, j'habite actuellement dans une maison de village mais je souhaite me rapprocher du centre-ville de Lille. Je recherche une location longue durée avec un petit jardin ou un balcon si possible. Pourriez-vous me dire si vous gérez des biens de ce type en gestion locative ?	des messages longs (3 à 5 phrases) avec du contexte personnel ; le vrai sujet n'apparaît qu'au milieu ou à la fin	renting	1
renting	Bonjour, suite à notre échange téléphonique de ce matin, je vous confirme mon intérêt pour le studio de 25m2. Je vous joins ci-joint l'ensemble des documents demandés, incluant mes trois derniers bulletins de salaire. Je reste à votre disposition pour toute précision concernant mon dossier de candidature.	des messages longs (3 à 5 phrases) avec du contexte personnel ; le vrai sujet n'apparaît qu'au milieu ou à la fin	renting	1
renting	Bonjour, je suis en pleine réorganisation familiale et nous devons trouver un logement plus spacieux très rapidement. Nous avons un budget mensuel de 1200 euros charges comprises pour un appartement de type T3. Seriez-vous en mesure de nous proposer des options de location correspondant à nos critères ?	des messages longs (3 à 5 phrases) avec du contexte personnel ; le vrai sujet n'apparaît qu'au milieu ou à la fin	renting	1
renting	Bonjour, je m'installe à Strasbourg le mois prochain pour un nouveau projet professionnel passionnant. Je n'ai pas encore de logement définitif et je cherche une solution de location de quelques mois. Est-il possible de louer un bien via votre agence avec un bail mobilité ?	des messages longs (3 à 5 phrases) avec du contexte personnel ; le vrai sujet n'apparaît qu'au milieu ou à la fin	renting	1
renting	Bonjour je cherche un appart vers Lyon 3e dispo rapidement ds le mois de juin svp	un style SMS ou messagerie instantanée : familier, abréviations, fautes d'orthographe, peu de ponctuation	renting	1
renting	Salut c est pour le studio rue des lilas j ai preparé mon dossier complet en pdf u pouvez me dire si c ok pour envoyer	un style SMS ou messagerie instantanée : familier, abréviations, fautes d'orthographe, peu de ponctuation	renting	1
renting	bjr est ce que l annonce pour l studio meublé est tjrs d'actualité ?? si oui j suis tres interese	un style SMS ou messagerie instantanée : familier, abréviations, fautes d'orthographe, peu de ponctuation	renting	1
renting	hello je voudrais savoir si le bail est possible en bail mobilité ? je suis en stage 6 mois	un style SMS ou messagerie instantanée : familier, abréviations, fautes d'orthographe, peu de ponctuation	renting	1
renting	Bonjour j ai bien recu le projet de bail par mail mais y a une erreur sur le montant du loyer cc si vous pouvez reguarder merci	un style SMS ou messagerie instantanée : familier, abréviations, fautes d'orthographe, peu de ponctuation	renting	1
renting	sr l appart de 3pj j ai mis les docs sur le lien mais il manque le garant c est grave ?	un style SMS ou messagerie instantanée : familier, abréviations, fautes d'orthographe, peu de ponctuation	renting	1
renting	svp je cherche une location T3 avec balcon secteur Nantes c'est possible de vous envoyer mon dossier ?	un style SMS ou messagerie instantanée : familier, abréviations, fautes d'orthographe, peu de ponctuation	renting	1
renting	bonsoir j ai finit de remplir le formulaire pour la location j attend votre retour pour la signature du contrat	un style SMS ou messagerie instantanée : familier, abréviations, fautes d'orthographe, peu de ponctuation	renting	1
renting	est ce ke je peux envoyer mes fiches de paie par whatsapp ou faut passer par le mail ?	un style SMS ou messagerie instantanée : familier, abréviations, fautes d'orthographe, peu de ponctuation	renting	1
renting	allo je suis tres interese par l appart studio je vous envoie mon dossier de loc immediatement	un style SMS ou messagerie instantanée : familier, abréviations, fautes d'orthographe, peu de ponctuation	renting	1
renting	Madame, Monsieur, je vous contacte suite à votre annonce pour l'appartement situé rue de la République. Je souhaiterais savoir si le bien est toujours disponible et si je peux vous transmettre mon dossier de location par voie numérique. Dans l'attente de votre retour, je vous prie d'agréamanter mes salutations distinguées.	des e-mails formels avec formule d'appel et formule de politesse	renting	1
renting	Monsieur le gestionnaire, je viens de prendre connaissance de votre offre de location pour le studio à Lyon. Vous trouverez ci-joint l'ensemble des pièces justificatives nécessaires à l'étude de ma candidature (avis d'imposition, bulletins de salaire et contrat de travail). Je reste à votre disposition pour toute information complémentaire. Bien cordialement.	des e-mails formels avec formule d'appel et formule de politesse	renting	1
renting	Madame, je reviens vers vous concernant le bail de l'appartement de la rue des Lilas. Pourriez-vous me préciser la date exacte de la remise des clés ainsi que les modalités pour le règlement du premier loyer et du dépôt de garantie ? Je vous remercie par avance et vous prie d'agréer mes sincères salutations.	des e-mails formels avec formule d'appel et formule de politesse	renting	1
renting	Bonjour, je suis vivement intéressé par la location de la maison de 4 pièces à Bordeaux. Mon dossier est complet et comprend un garant solide. Serait-il possible de convenir d'un rendez-vous pour signer le contrat de bail prochainement ? Je vous prie de recevoir, Madame, Monsieur, l'expression de mes sentiments respectueux.	des e-mails formels avec formule d'appel et formule de politesse	renting	1
renting	Monsieur, je vous prie de bien vouloir trouver en pièce jointe mon dossier de candidature pour l'appartement de type T3 situé à Nantes. Ma situation professionnelle est stable et je dispose de tous les documents requis par votre agence. Je reste dans l'attente de votre réponse. Cordialement.	des e-mails formels avec formule d'appel et formule de politesse	renting	1
renting	Madame, Monsieur, faisant suite à notre échange téléphonique, je vous adresse les éléments manquants pour la constitution de mon dossier de location pour le studio du centre-ville. Je reste disponible pour toute précision concernant mes revenus ou mes références de précédent bailleur. Je vous prie d'agréer mes salutations distinguées.	des e-mails formels avec formule d'appel et formule de politesse	renting	1
renting	Monsieur le courtier, je souhaiterais obtenir des informations concernant le contrat de location pour le local commercial situé avenue de la Gare. Pouvez-vous me transmettre un exemplaire du bail type afin que je puisse l'étudier ? Je vous remercie et vous adresse mes meilleures salutations.	des e-mails formels avec formule d'appel et formule de politesse	renting	1
renting	Madame, je souhaiterais savoir si le studio disponible sur votre site est toujours en recherche de locataire. Si tel est le cas, quelle est la procédure à suivre pour déposer mon dossier de location ? Je vous remercie de votre aide et vous prie d'agréer mes respectueuses salutations.	des e-mails formels avec formule d'appel et formule de politesse	renting	1
renting	Monsieur, je vous contacte au sujet du bail de location pour le logement situé à Strasbourg. Pourriez-vous m'indiquer la liste exacte des documents à fournir pour que mon dossier soit considéré comme complet ? Je vous prie de recevoir, Monsieur, mes salutations distinguées.	des e-mails formels avec formule d'appel et formule de politesse	renting	1
renting	Madame, Monsieur, je vous informe que je suis prêt à signer le bail pour l'appartement de la rue Victor Hugo. Je me tiens à votre disposition pour organiser la signature du contrat et procéder au règlement de la caution. Je vous prie d'agréer l'expression de mes sentiments les meilleurs.	des e-mails formels avec formule d'appel et formule de politesse	renting	1
renting	Bonjour, je viens de voir votre annonce pour l'appartement T3 vers la rue de Rivoli. Serait-il possible de connaître la liste des documents à fournir pour constituer ma demande ? Je dispose de toutes les pièces justificatives nécessaires.	des formulations indirectes : le sujet se devine sans reprendre les mots-clés de la description de la catégorie	renting	1
renting	Madame, Monsieur, je souhaiterais savoir si l'appartement meublé que vous proposez est toujours disponible pour une entrée dans les lieux dès le 1er septembre prochain.	des formulations indirectes : le sujet se devine sans reprendre les mots-clés de la description de la catégorie	renting	1
renting	Bonjour, je suis très intéressé par le studio situé près de la gare. Pouvez-vous me confirmer que les garanties demandées incluent la garantie Visale ? Je suis prêt à vous envoyer mon dossier complet dès aujourd'hui.	des formulations indirectes : le sujet se devine sans reprendre les mots-clés de la description de la catégorie	renting	1
renting	Bonjour, concernant le studio que vous avez publié ce matin, est-ce que le loyer comprend bien les charges d'eau et d'électricité ? Je prépare mes éléments pour une étude rapide.	des formulations indirectes : le sujet se devine sans reprendre les mots-clés de la description de la catégorie	renting	1
renting	Est-il possible de transmettre mes fiches de paie et mon contrat de travail par mail pour que vous puissiez étudier ma situation avant même de se rencontrer ?	des formulations indirectes : le sujet se devine sans reprendre les mots-clés de la description de la catégorie	renting	1
renting	Bonjour, j'ai pris connaissance de l'annonce pour le 4 pièces. Ma situation professionnelle est stable et je dispose d'un garant solide. Est-ce que mon profil pourrait correspondre à ce que vous recherchez ?	des formulations indirectes : le sujet se devine sans reprendre les mots-clés de la description de la catégorie	renting	1
renting	Je souhaiterais savoir si le logement est libre immédiatement ou s'il y a un préavis à respecter pour le locataire actuel. Merci d'avance.	des formulations indirectes : le sujet se devine sans reprendre les mots-clés de la description de la catégorie	renting	1
renting	Bonjour, j'ai un dossier très complet avec mes trois derniers bulletins de salaire et mon avis d'imposition. Pourriez-vous me dire quelle est la procédure pour que vous puissiez l'examiner ?	des formulations indirectes : le sujet se devine sans reprendre les mots-clés de la description de la catégorie	renting	1
renting	Bonjour, je cherche un logement pour deux personnes avec un budget mensuel ne dépassant pas 950 euros tout compris. Avez-vous des biens qui correspondent à ce critère en ce moment ?	des formulations indirectes : le sujet se devine sans reprendre les mots-clés de la description de la catégorie	renting	1
renting	Bonjour, je reviens vers vous concernant l'annonce pour le studio. Serait-il possible de vous faire parvenir un dossier numérique pour validation de la solvabilité ?	des formulations indirectes : le sujet se devine sans reprendre les mots-clés de la description de la catégorie	renting	1
landlord_repairs	Le robinet de la cuisine fuit depuis ce matin.	des messages courts et directs (une phrase), niveau de langue courant	landlord_repairs	1
landlord_repairs	Il y a une trace d'humidité importante sur le mur de la chambre.	des messages courts et directs (une phrase), niveau de langue courant	landlord_repairs	1
landlord_repairs	Le radiateur de l'appartement ne chauffe plus du tout.	des messages courts et directs (une phrase), niveau de langue courant	landlord_repairs	1
landlord_repairs	Une vitre est cassée dans la salle de bain, il faut la remplacer rapidement.	des messages courts et directs (une phrase), niveau de langue courant	landlord_repairs	1
landlord_repairs	Le chauffe-eau fait un bruit anormal et l'eau est froide.	des messages courts et directs (une phrase), niveau de langue courant	landlord_repairs	1
landlord_repairs	J'ai remarqué une infiltration d'eau au niveau du plafond du salon.	des messages courts et directs (une phrase), niveau de langue courant	landlord_repairs	1
landlord_repairs	La serrure de la porte d'entrée est bloquée et je ne peux plus fermer.	des messages courts et directs (une phrase), niveau de langue courant	landlord_repairs	1
landlord_repairs	Il y a une fuite d'eau sous l'évier de la salle d'eau.	des messages courts et directs (une phrase), niveau de langue courant	landlord_repairs	1
landlord_repairs	Le volet roulant du séjour est coincé et ne remonte plus.	des messages courts et directs (une phrase), niveau de langue courant	landlord_repairs	1
landlord_repairs	Une prise électrique ne fonctionne plus dans la cuisine.	des messages courts et directs (une phrase), niveau de langue courant	landlord_repairs	1
landlord_repairs	Bonjour, je me permets de vous contacter car nous sommes installés dans l'appartement de la rue des Lilas depuis deux mois maintenant. Tout se passe très bien jusqu'à ce matin où nous avons remarqué une trace d'humidité importante sur le plafond de la cuisine. Il semble y avoir une fuite provenant de l'étage supérieur qu'il faudrait vérifier rapidement.	des messages longs (3 à 5 phrases) avec du contexte personnel ; le vrai sujet n'apparaît qu'au milieu ou à la fin	landlord_repairs	1
landlord_repairs	Madame, Monsieur, je vous écris concernant mon installation électrique qui semble de plus en plus instable ces derniers jours. Dès que j'allume le four ou le lave-linge, les lumières du salon se mettent à vaciller étrangement. Je m'inquiète de la sécurité de l'installation et j'aimerais qu'un électricien puisse passer faire un diagnostic.	des messages longs (3 à 5 phrases) avec du contexte personnel ; le vrai sujet n'apparaît qu'au milieu ou à la fin	landlord_repairs	1
landlord_repairs	Bonjour, je reviens vers vous suite à notre discussion de la semaine dernière concernant l'entretien du jardin. Malheureusement, je viens de constater que la pompe du système d'arrosage automatique ne fonctionne plus du tout. Le mécanisme semble bloqué et l'eau ne circule plus dans les massifs de fleurs.	des messages longs (3 à 5 phrases) avec du contexte personnel ; le vrai sujet n'apparaît qu'au milieu ou à la fin	landlord_repairs	1
landlord_repairs	Bonjour, nous sommes très satisfaits de la location, mais nous rencontrons un petit souci technique avec la fenêtre du salon. Depuis la tempête de mardi dernier, le mécanisme de fermeture est devenu extrêmement difficile à manipuler. Le cadre semble légèrement déformé et l'isolation thermique n'est plus assurée.	des messages longs (3 à 5 phrases) avec du contexte personnel ; le vrai sujet n'apparaît qu'au milieu ou à la fin	landlord_repairs	1
landlord_repairs	Monsieur le gestionnaire, je vous informe que nous avons un problème urgent avec le chauffe-eau de la salle de bain. Depuis hier soir, l'eau ne sort plus que tiède, ce qui devient très compliqué pour nous au quotidien. Il est possible qu'un composant interne soit défectueux et nécessite un remplacement.	des messages longs (3 à 5 phrases) avec du contexte personnel ; le vrai sujet n'apparaît qu'au milieu ou à la fin	landlord_repairs	1
landlord_repairs	Bonjour, je vous contacte au sujet de l'appartement situé au 14 boulevard Victor Hugo. Nous avons remarqué que le joint autour de la baignoire est complètement craquelé et laisse passer l'eau sous le carrelage. Pour éviter un dégât des eaux plus important, il serait nécessaire de refaire cette étanchéité.	des messages longs (3 à 5 phrases) avec du contexte personnel ; le vrai sujet n'apparaît qu'au milieu ou à la fin	landlord_repairs	1
landlord_repairs	Bonjour, j'espère que vous allez bien. Je vous écris car la porte d'entrée de notre logement présente un problème de serrure depuis quelques jours. La clé tourne avec une grande difficulté et j'ai peur que nous ne restions un jour bloqués à l'extérieur ou que le mécanisme casse définitivement.	des messages longs (3 à 5 phrases) avec du contexte personnel ; le vrai sujet n'apparaît qu'au milieu ou à la fin	landlord_repairs	1
landlord_repairs	Madame, Monsieur, je vous contacte car nous avons remarqué une odeur de brûlé suspecte au niveau des prises de courant du couloir. Cela arrive de manière intermittente, surtout lorsque le chauffage est en marche. Je pense qu'un câblage est endommagé et cela nécessite une intervention de toute urgence.	des messages longs (3 à 5 phrases) avec du contexte personnel ; le vrai sujet n'apparaît qu'au milieu ou à la fin	landlord_repairs	1
landlord_repairs	Bonjour, suite à notre emménagement le mois dernier, nous avons commencé à découvrir quelques petits désagréments. Nous avons identifié une présence de moisissures sur le mur de la chambre principale, derrière l'armoire. Il semble y avoir un défaut d'isolation ou un problème de condensation majeur dans cette pièce.	des messages longs (3 à 5 phrases) avec du contexte personnel ; le vrai sujet n'apparaît qu'au milieu ou à la fin	landlord_repairs	1
landlord_repairs	Bonjour, je vous adresse ce message pour vous signaler que le radiateur de la pièce de vie ne chauffe plus du tout. Malgré nos tentatives de purger l'air, la température reste très basse même quand nous montons le thermostat au maximum. Un passage d'un chauffagiste serait nécessaire pour vérifier le circuit.	des messages longs (3 à 5 phrases) avec du contexte personnel ; le vrai sujet n'apparaît qu'au milieu ou à la fin	landlord_repairs	1
landlord_repairs	Bonjour, y avt une fuite d'eau sous l'evier de la cuisine depuis ce matin... ca coule pas mal faut faire qqch vite svp	un style SMS ou messagerie instantanée : familier, abréviations, fautes d'orthographe, peu de ponctuation	landlord_repairs	1
landlord_repairs	Bonjour j'ai un souci avec le radiateur du salon il chauffe plus du tout du coup il fait super froid ds l appart	un style SMS ou messagerie instantanée : familier, abréviations, fautes d'orthographe, peu de ponctuation	landlord_repairs	1
landlord_repairs	Dsl de vous deranger mais la poignée de la porte d'entrée est cassée je peux plus la fermer correctement	un style SMS ou messagerie instantanée : familier, abréviations, fautes d'orthographe, peu de ponctuation	landlord_repairs	1
landlord_repairs	Bonjour l'agence, y a une grosse tache d'humidité qui apparait sur le plafond de la chambre n°2 c'est assez inquiétant	un style SMS ou messagerie instantanée : familier, abréviations, fautes d'orthographe, peu de ponctuation	landlord_repairs	1
landlord_repairs	Bonjour je vous informe que le volet roulant du salon est bloqué il descend plus du tout	un style SMS ou messagerie instantanée : familier, abréviations, fautes d'orthographe, peu de ponctuation	landlord_repairs	1
landlord_repairs	Hello j'ai un pb de prise électrique dans la cuisine ca marche plus du tout j'ai verif les plombs mais rien	un style SMS ou messagerie instantanée : familier, abréviations, fautes d'orthographe, peu de ponctuation	landlord_repairs	1
landlord_repairs	Bonjour le robinet de la salle de bain fuit en continu ca gache tout on peut envoyer un plombier ?	un style SMS ou messagerie instantanée : familier, abréviations, fautes d'orthographe, peu de ponctuation	landlord_repairs	1
landlord_repairs	Dsl mais y a une fissure qui vient d'apparaitre sur le mur de l'entrée c'est pas normal	un style SMS ou messagerie instantanée : familier, abréviations, fautes d'orthographe, peu de ponctuation	landlord_repairs	1
landlord_repairs	Bonjour on a un probleme avec la serrure de la porte d'entrée elle est hyper dure a actionner	un style SMS ou messagerie instantanée : familier, abréviations, fautes d'orthographe, peu de ponctuation	landlord_repairs	1
landlord_repairs	Madame, Monsieur, je vous contacte pour vous signaler une fuite d'eau importante sous l'évier de la cuisine de l'appartement situé rue de Rivoli. Le tuyau semble présenter une fissure. Pourriez-vous mandater un plombier dans les plus brefs délais ? Dans l'attente de votre retour, je vous prie d'agréunir mes salutations distinguées.	des e-mails formels avec formule d'appel et formule de politesse	landlord_repairs	1
landlord_repairs	Monsieur le Gestionnaire, je souhaite vous informer que le système de chauffage électrique de mon logement présente des dysfonctionnements depuis plusieurs jours. Les radiateurs de la chambre ne montent plus en température. Je reste à votre disposition pour organiser le passage d'un technicien. Cordialement.	des e-mails formels avec formule d'appel et formule de politesse	landlord_repairs	1
landlord_repairs	Madame, je vous écris car j'ai constaté la présence de moisissures sur le mur de la salle de bain, suite à un problème d'infiltration apparent. Il semble urgent de traiter ce problème pour éviter une dégradation plus importante. Je vous remercie par avance de votre intervention. Bien cordialement.	des e-mails formels avec formule d'appel et formule de politesse	landlord_repairs	1
landlord_repairs	Monsieur, je me permets de vous solliciter car la fenêtre du salon ne ferme plus correctement, ce qui pose un problème d'isolation thermique et de sécurité. Un joint semble être décollé. Je vous remercie de bien vouloir faire le nécessaire. Je vous prie d'agréer l'expression de mes salutations distinguées.	des e-mails formels avec formule d'appel et formule de politesse	landlord_repairs	1
landlord_repairs	Madame, Monsieur, je vous informe que le chauffe-eau de l'appartement est tombé en panne ce matin. Je n'ai plus d'eau chaude pour l'ensemble du logement. Cette situation étant urgente, je vous remercie de me recontacter rapidement pour organiser une réparation. Respectueusement.	des e-mails formels avec formule d'appel et formule de politesse	landlord_repairs	1
landlord_repairs	Monsieur, je vous signale une fissure qui s'est étendue sur le mur de la pièce de vie dans mon appartement loué. Bien que cela semble superficiel pour l'instant, je souhaitais vous en informer par précaution. Je reste à votre disposition pour toute visite de contrôle. Cordialement.	des e-mails formels avec formule d'appel et formule de politesse	landlord_repairs	1
landlord_repairs	Madame, je vous contacte pour vous signaler que la serrure de la porte d'entrée est devenue extrêmement difficile à manipuler, ce qui m'inquiète pour la sécurité du logement. Un remplacement ou une réparation semble nécessaire. Dans l'attente de votre réponse, recevez mes sincères salutations.	des e-mails formels avec formule d'appel et formule de politesse	landlord_repairs	1
landlord_repairs	Monsieur le Responsable, je vous informe que le volet roulant de la chambre principale est bloqué en position fermée. Malgré mes tentatives, rien ne fonctionne. Je vous remercie de bien vouloir envoyer un réparateur. Bien à vous.	des e-mails formels avec formule d'appel et formule de politesse	landlord_repairs	1
landlord_repairs	Madame, Monsieur, je vous écris pour vous signaler un dégât des eaux constaté dans le plafond de la cuisine, provenant probablement de l'étage supérieur. Des traces d'humidité sont visibles sur le plâtre. Je vous remercie de prendre les mesures nécessaires. Salutations distinguées.	des e-mails formels avec formule d'appel et formule de politesse	landlord_repairs	1
landlord_repairs	Monsieur, je souhaite vous informer que la prise électrique située près de la prise TV ne fonctionne plus, ce qui rend l'utilisation de mes équipements impossible. Un électricien devra intervenir pour vérifier le circuit. Je vous remercie de votre diligence. Cordialement.	des e-mails formels avec formule d'appel et formule de politesse	landlord_repairs	1
landlord_repairs	Bonjour, je vous contacte car l'eau s'écoule de manière anormale sous le plan de travail de la cuisine depuis ce matin.	des formulations indirectes : le sujet se devine sans reprendre les mots-clés de la description de la catégorie	landlord_repairs	1
landlord_repairs	Bonjour, j'ai remarqué une trace d'humidité assez sombre qui s'agrandit sur le plafond de la chambre principale, juste au-dessus du lit.	des formulations indirectes : le sujet se devine sans reprendre les mots-clés de la description de la catégorie	landlord_repairs	1
landlord_repairs	Monsieur, le radiateur de la pièce de vie fait un bruit de sifflement insupportable dès qu'on le chauffe et il ne semble plus dégager de chaleur.	des formulations indirectes : le sujet se devine sans reprendre les mots-clés de la description de la catégorie	landlord_repairs	1
landlord_repairs	Je vous informe que le verrou de la porte d'entrée est devenu extrêmement difficile à manipuler, j'ai peur de rester bloqué à l'extérieur.	des formulations indirectes : le sujet se devine sans reprendre les mots-clés de la description de la catégorie	landlord_repairs	1
landlord_repairs	Bonjour, suite à la tempête d'hier soir, une partie de la fenêtre du salon ne ferme plus hermétiquement, l'air froid entre directement.	des formulations indirectes : le sujet se devine sans reprendre les mots-clés de la description de la catégorie	landlord_repairs	1
landlord_repairs	Bonjour, nous avons un souci avec le chauffe-eau de l'appartement, il n'y a plus d'eau chaude du tout depuis notre arrivée hier.	des formulations indirectes : le sujet se devine sans reprendre les mots-clés de la description de la catégorie	landlord_repairs	1
landlord_repairs	Est-il possible d'envoyer quelqu'un pour vérifier la prise électrique de la salle de bain ? Elle semble présenter des traces de brûlure.	des formulations indirectes : le sujet se devine sans reprendre les mots-clés de la description de la catégorie	landlord_repairs	1
landlord_repairs	Bonjour, je vous signale que le joint de la douche est complètement décollé, ce qui provoque des infiltrations sur le sol de la salle d'eau.	des formulations indirectes : le sujet se devine sans reprendre les mots-clés de la description de la catégorie	landlord_repairs	1
landlord_repairs	Un petit problème est survenu : le volet roulant de la cuisine est totalement bloqué en position basse et ne remonte plus malgré nos tentatives.	des formulations indirectes : le sujet se devine sans reprendre les mots-clés de la description de la catégorie	landlord_repairs	1
landlord_repairs	Bonjour, j'ai découvert de petites taches noires sur le mur du fond du salon, j'ai l'impression qu'un problème de condensation s'est installé.	des formulations indirectes : le sujet se devine sans reprendre les mots-clés de la description de la catégorie	landlord_repairs	1
valuation	Bonjour, j'aimerais connaître la valeur actuelle de mon appartement situé à Nantes.	des messages courts et directs (une phrase), niveau de langue courant	valuation	1
valuation	Serait-il possible de programmer une estimation pour ma maison de ville à Lyon ?	des messages courts et directs (une phrase), niveau de langue courant	valuation	1
valuation	Bonjour, pouvez-vous me donner un avis de valeur pour mon garage à Toulouse ?	des messages courts et directs (une phrase), niveau de langue courant	valuation	1
valuation	Je prévois de vendre mon terrain à Limoges et j'aurais besoin d'une évaluation.	des messages courts et directs (une phrase), niveau de langue courant	valuation	1
valuation	Combien vaudrait mon duplex à Lille si je le mettais sur le marché aujourd'hui ?	des messages courts et directs (une phrase), niveau de langue courant	valuation	1
valuation	Bonjour, je voudrais savoir à quel prix je peux proposer mon studio à Nice.	des messages courts et directs (une phrase), niveau de langue courant	valuation	1
valuation	Est-ce que vous faites des estimations gratuites pour des biens de standing à Paris ?	des messages courts et directs (une phrase), niveau de langue courant	valuation	1
valuation	Je souhaite mandater votre agence pour la vente de ma villa à Saint-Tropez.	des messages courts et directs (une phrase), niveau de langue courant	valuation	1
valuation	Bonjour, je cherche un professionnel pour évaluer mon local commercial à Marseille.	des messages courts et directs (une phrase), niveau de langue courant	valuation	1
valuation	Bonjour, je m'apprête à déménager à Bordeaux suite à une mutation professionnelle prévue pour le mois prochain. Mon appartement actuel de 65m² est très bien entretenu et situé dans un quartier calme. Je souhaiterais savoir si vous pourriez passer pour réaliser une estimation de la valeur de mon bien.	des messages longs (3 à 5 phrases) avec du contexte personnel ; le vrai sujet n'apparaît qu'au milieu ou à la fin	valuation	1
valuation	Après plus de vingt ans dans la même maison à Nantes, nous avons décidé de prendre notre retraite et de partir vers le sud. La propriété nécessite un peu de rafraîchissement mais dispose d'un grand jardin de 800m². Nous aimerions solliciter vos services pour organiser une mise en vente rapide.	des messages longs (3 à 5 phrases) avec du contexte personnel ; le vrai sujet n'apparaît qu'au milieu ou à la fin	valuation	1
valuation	Nous avons récemment hérité d'un petit studio situé près de la gare de Lyon. La situation est idéale pour un investissement locatif ou une revente immédiate. Est-il possible de convenir d'un rendez-vous pour obtenir un avis de valeur précis ?	des messages longs (3 à 5 phrases) avec du contexte personnel ; le vrai sujet n'apparaît qu'au milieu ou à la fin	valuation	1
valuation	Ma femme et moi avons de nouveaux projets de vie et nous ne souhaitons plus rester dans notre maison de ville à Lille. Le salon est très lumineux et nous avons refait toute la cuisine l'année dernière. Pourriez-vous nous proposer une évaluation pour une éventuelle mise en vente ?	des messages longs (3 à 5 phrases) avec du contexte personnel ; le vrai sujet n'apparaît qu'au milieu ou à la fin	valuation	1
valuation	Je suis actuellement en pleine réflexion sur la gestion de mon patrimoine immobilier à Toulouse. Je possède un appartement de type T3 qui est vide depuis quelques mois. J'aimerais connaître le prix du marché actuel pour envisager une mise en vente prochainité.	des messages longs (3 à 5 phrases) avec du contexte personnel ; le vrai sujet n'apparaît qu'au milieu ou à la fin	valuation	1
valuation	Suite à une séparation, je dois rapidement me séparer de mon studio de 30m² situé dans le centre de Strasbourg. Le bien est propre mais je n'ai pas le temps de m'occuper des annonces. Je souhaiterais obtenir une estimation réaliste pour lancer le processus de vente.	des messages longs (3 à 5 phrases) avec du contexte personnel ; le vrai sujet n'apparaît qu'au milieu ou à la fin	valuation	1
valuation	Nous avons agrandi la famille et notre maison de 120m² à Annecy devient trop petite pour nous quatre. Le quartier est très prisé et la maison dispose d'une belle terrasse. Seriez-vous disponible pour venir estimer le prix de vente de notre maison ?	des messages longs (3 à 5 phrases) avec du contexte personnel ; le vrai sujet n'apparaît qu'au milieu ou à la fin	valuation	1
valuation	Je travaille désormais à distance et je n'ai plus besoin de mon bureau de 40m² à Montpellier. Cet espace est très fonctionnel et dispose d'une excellente connexion fibre. J'aimerais savoir quel serait le montant de l'estimation pour une vente en mandat exclusif.	des messages longs (3 à 5 phrases) avec du contexte personnel ; le vrai sujet n'apparaît qu'au milieu ou à la fin	valuation	1
valuation	Le marché immobilier semble très dynamique en ce moment dans notre secteur de Lyon. Nous avons un appartement de standing avec de beaux volumes et une vue dégagée. Nous aimerions avoir votre avis professionnel sur la valeur de ce bien pour une mise en vente.	des messages longs (3 à 5 phrases) avec du contexte personnel ; le vrai sujet n'apparaît qu'au milieu ou à la fin	valuation	1
valuation	Après avoir rénové entièrement mon appartement à Rennes, je pense qu'il est temps de passer à autre chose. Les travaux de peinture et de sol ont été faits récemment par des professionnels. Je souhaiterais que vous veniez évaluer la valeur de ce bien pour une mise sur le marché.	des messages longs (3 à 5 phrases) avec du contexte personnel ; le vrai sujet n'apparaît qu'au milieu ou à la fin	valuation	1
valuation	Bonjour, je voudrais savoir combien vaut mon appart à Lyon 6eme? Je pense le vendre bientot svp	un style SMS ou messagerie instantanée : familier, abréviations, fautes d'orthographe, peu de ponctuation	valuation	1
valuation	Salut, vous faites des estimations gratuites? J'ai un studio à Bordeaux et je veux voir si c'est le bon moment pour vendre	un style SMS ou messagerie instantanée : familier, abréviations, fautes d'orthographe, peu de ponctuation	valuation	1
valuation	Bonjour je souhaite mettre en vente ma maison de 120m2 vers Nantes. Vous seriez dispo pour passer voir le bien et me donner un prix?	un style SMS ou messagerie instantanée : familier, abréviations, fautes d'orthographe, peu de ponctuation	valuation	1
valuation	est ce que vous pouvez me dire a combien vous estimez mon petit t2 a Paris 15? merci d'avance	un style SMS ou messagerie instantanée : familier, abréviations, fautes d'orthographe, peu de ponctuation	valuation	1
valuation	bonsoir je compte vendre mon pavillon à Toulouse. faut etre la pour l'estimation ou vous pouvez faire ca via photos?	un style SMS ou messagerie instantanée : familier, abréviations, fautes d'orthographe, peu de ponctuation	valuation	1
valuation	hello je cherche un agent pour vendre mon local commercial sur Marseille. il fait 50m2. vous seriez interresse?	un style SMS ou messagerie instantanée : familier, abréviations, fautes d'orthographe, peu de ponctuation	valuation	1
valuation	besoin d'une estimation pour un appart avec terrasse a Nice. on veut vendre d'ici l'ete	un style SMS ou messagerie instantanée : familier, abréviations, fautes d'orthographe, peu de ponctuation	valuation	1
valuation	Bonjour je vous contacte pr une estimation de ma maison de campagne en Creuse. on veut savoir si le marché bouge encore	un style SMS ou messagerie instantanée : familier, abréviations, fautes d'orthographe, peu de ponctuation	valuation	1
valuation	Est ce ke vous pouvez passer voir mon appart a Strasbourg pour me donner une fourchette de prix? Je veux vendre rapidement	un style SMS ou messagerie instantanée : familier, abréviations, fautes d'orthographe, peu de ponctuation	valuation	1
valuation	Madame, Monsieur, Je souhaiterais solliciter vos services afin d'obtenir une estimation de la valeur de mon appartement de trois pièces situé dans le quartier de la Madeleine. Je prévois de mettre ce bien sur le marché dans les prochains mois et j'aimerais connaître son prix de vente actuel. Je reste à votre disposition pour convenir d'un rendez-vous de visite. Cordialement, Jean Dupont.	des e-mails formels avec formule d'appel et formule de politesse	valuation	1
valuation	Monsieur l'Agent, Propriétaire d'une maison individuelle à Nantes, je me permets de vous contacter car j'envisage de vendre ma propriété. Avant de lancer toute démarche, j'aurais besoin d'une évaluation précise de son prix de marché. Pourriez-vous me recontacter pour organiser une estimation ? Dans l'attente de votre retour, je vous prie d'agréer mes salutations distinguées. Marc Lefebvre.	des e-mails formels avec formule d'appel et formule de politesse	valuation	1
valuation	Bonjour, Je possède un studio de 25m² à Lyon et je souhaite savoir quel serait son prix de vente après quelques rafraîchissements. Serait-il possible de fixer un créneau pour que vous puissiez venir évaluer le bien ? Je vous remercie par avance. Bien cordialement, Sophie Martin.	des e-mails formels avec formule d'appel et formule de politesse	valuation	1
valuation	Madame, Monsieur, Dans le cadre d'un projet de déménagement, je souhaite mettre en vente mon studio situé à Bordeaux. J'aimerais obtenir une estimation réaliste de la valeur de ce bien afin de définir mon budget de départ. Je vous remercie de bien vouloir me proposer une date de passage. Sincères salutations, Pierre Durand.	des e-mails formels avec formule d'appel et formule de politesse	valuation	1
valuation	À l'attention de l'agence, Je vous contacte pour une demande d'expertise concernant un grand appartement de type T5 à Strasbourg. Je souhaite estimer sa valeur vénale avant de mandater une agence pour la vente. Merci de me tenir informé de vos disponibilités. Cordialement, Émilie Morel.	des e-mails formels avec formule d'appel et formule de politesse	valuation	1
valuation	Monsieur, Je souhaite vous confier l'estimation de ma villa située à Saint-Tropez. Le bien dispose d'un jardin de 1000m² et d'une piscine. J'ai besoin d'une évaluation précise pour préparer une mise en vente prochaine. Je vous remercie de me recontacter rapidement. Bien à vous, Luc Bernard.	des e-mails formels avec formule d'appel et formule de politesse	valuation	1
valuation	Madame, Monsieur, Je projette de vendre mon local commercial situé en centre-ville de Lille. Avant d'entamer des démarches de mise en vente, j'aurais besoin d'une estimation de sa valeur marchande. Seriez-vous disponible la semaine prochaine pour un rendez-vous ? Dans l'attente de vous lire, Cordialement, Anne Petit.	des e-mails formels avec formule d'appel et formule de politesse	valuation	1
valuation	Bonjour, Je suis propriétaire d'un duplex à Toulouse et je souhaite connaître la valeur actuelle de ce bien dans le contexte du marché immobilier local. Une évaluation de votre part me serait très utile pour préparer mon projet de vente. Je vous prie d'agréement, mes respectueuses salutations. Thomas Roux.	des e-mails formels avec formule d'appel et formule de politesse	valuation	1
valuation	Monsieur, Je souhaiterais obtenir une estimation de mon appartement situé à Annecy. Je prévois une mise en vente d'ici la fin de l'année et je souhaite avoir une idée du prix de vente envisageable. Merci de me faire savoir quand vous pourriez passer. Cordialement, Claire Lambert.	des e-mails formels avec formule d'appel et formule de politesse	valuation	1
valuation	Madame, Monsieur, Je me permets de vous solliciter pour une estimation de mon bien immobilier (maison de ville de 120m²) à Reims. Je souhaite estimer sa valeur pour un projet de vente à venir. Je reste à votre entière disposition pour tout complément d'information. Je vous prie d'agréer l'expression de mes salutations distinguées. François Legrand.	des e-mails formels avec formule d'appel et formule de politesse	valuation	1
valuation	Bonjour, nous envisageons de quitter notre maison de campagne en Dordogne et nous aimerions savoir à quel prix nous pourrions proposer notre propriété sur le marché actuel.	des formulations indirectes : le sujet se devine sans reprendre les mots-clés de la description de la catégorie	valuation	1
valuation	Bonjour, je souhaiterais fixer un rendez-vous avec un collaborateur pour faire le point sur la valeur de mon appartement de 3 pièces situé dans le quartier de la Part-Dieu.	des formulations indirectes : le sujet se devine sans reprendre les mots-clés de la description de la catégorie	valuation	1
valuation	Après plusieurs années dans ce loft industriel, nous sommes prêts à passer à l'étape suivante et nous avons besoin d'un avis professionnel sur la rentabilité potentielle de ce bien.	des formulations indirectes : le sujet se devine sans reprendre les mots-clés de la description de la catégorie	valuation	1
valuation	Est-il possible de recevoir une estimation de la valeur de mon terrain constructible en zone bleue ? Je souhaite connaître le montant approximatif de la transaction possible.	des formulations indirectes : le sujet se devine sans reprendre les mots-clés de la description de la catégorie	valuation	1
valuation	Nous avons hérité d'une maison de ville à Nantes et nous nous demandons si le secteur est toujours aussi dynamique pour un projet de cession prochainement.	des formulations indirectes : le sujet se devine sans reprendre les mots-clés de la description de la catégorie	valuation	1
valuation	Je possède un studio de 22m2 à Bordeaux et je cherche à obtenir un chiffre réaliste pour une mise en concurrence dans les semaines à venir.	des formulations indirectes : le sujet se devine sans reprendre les mots-clés de la description de la catégorie	valuation	1
valuation	Bonjour, pourriez-vous passer voir notre villa à Saint-Tropez pour nous donner votre ressenti sur le potentiel de sortie de notre patrimoine immobilier ?	des formulations indirectes : le sujet se devine sans reprendre les mots-clés de la description de la catégorie	valuation	1
valuation	Suite à une mutation professionnelle, nous devons nous séparer de notre maison individuelle. Quel serait, selon vous, le montant de sortie raisonnable pour un dossier de ce type ?	des formulations indirectes : le sujet se devine sans reprendre les mots-clés de la description de la catégorie	valuation	1
valuation	Je me demande si le prix de ma maison de 120m² est toujours en adéquation avec les dernières transactions réalisées dans mon quartier.	des formulations indirectes : le sujet se devine sans reprendre les mots-clés de la description de la catégorie	valuation	1
valuation	Nous avons un projet de changement de vie et nous souhaiterions avoir une idée de la valeur de marché de notre maison de caractère avant de lancer toute démarche officielle.	des formulations indirectes : le sujet se devine sans reprendre les mots-clés de la description de la catégorie	valuation	1
condominium	Pouvez-vous m'envoyer l'ordre du jour de la prochaine assemblée générale de la résidence Belle Vue ?	des messages courts et directs (une phrase), niveau de langue courant	condominium	1
condominium	Je conteste le montant des charges de copropriété figurant sur mon dernier appel de fonds.	des messages courts et directs (une phrase), niveau de langue courant	condominium	1
condominium	Est-ce que le procès-verbal de la dernière AG est disponible sur l'espace client ?	des messages courts et directs (une phrase), niveau de langue courant	condominium	1
condominium	Je souhaite ajouter une question supplémentaire à la liste des points à aborder lors de l'AG.	des messages courts et directs (une phrase), niveau de langue courant	condominium	1
condominium	Le montant du fonds de travaux semble avoir augmenté de façon injustifiée cette année.	des messages courts et directs (une phrase), niveau de langue courant	condominium	1
condominium	Bonjour, je n'ai pas reçu ma convocation pour la réunion des copropriétaires du 15 juin.	des messages courts et directs (une phrase), niveau de langue courant	condominium	1
condominium	Pourriez-vous me préciser la répartition des charges de chauffage pour mon lot ?	des messages courts et directs (une phrase), niveau de langue courant	condominium	1
condominium	J'ai remarqué une erreur dans le calcul des tantièmes de mon appartement au 3ème étage.	des messages courts et directs (une phrase), niveau de langue courant	condominium	1
condominium	Le compte rendu de la dernière assemblée générale contient une coquille sur le vote du budget.	des messages courts et directs (une phrase), niveau de langue courant	condominium	1
condominium	Y a-t-il une date prévue pour le prochain vote concernant le changement de prestataire de nettoyage ?	des messages courts et directs (une phrase), niveau de langue courant	condominium	1
condominium	Bonjour, je vous contacte car j'ai remarqué un changement dans mon relevé bancaire ce matin. En vérifiant le détail du prélèvement automatique, j'ai constaté que le montant des charges de copropriété a augmenté de 45 euros sans explication. Pourriez-vous me transmettre le dernier compte rendu pour comprendre cette hausse ?	des messages longs (3 à 5 phrases) avec du contexte personnel ; le vrai sujet n'apparaît qu'au milieu ou à la fin	condominium	1
condominium	Chère Madame, je prépare actuellement mon agenda pour le mois prochain car mon emploi du temps est très chargé. J'aimerais savoir si la date de la prochaine assemblée générale a déjà été fixée par le syndic. Il est important pour moi d'être présent pour voter les budgets.	des messages longs (3 à 5 phrases) avec du contexte personnel ; le vrai sujet n'apparaît qu'au milieu ou à la fin	condominium	1
condominium	Monsieur le gestionnaire, je me permets de vous solliciter suite à une discussion avec mon voisin du troisième étage. Nous nous demandions si le budget prévisionnel de l'année prochaine inclut bien la révision du contrat d'entretien des espaces verts. Cela nous semble crucial pour la tenue de notre résidence.	des messages longs (3 à 5 phrases) avec du contexte personnel ; le vrai sujet n'apparaît qu'au milieu ou à la fin	condominium	1
condominium	Je reviens vers vous concernant ma situation de copropriétaire au sein de la résidence Les Lilas. Je n'ai toujours pas reçu l'ordre du jour détaillé pour la réunion annuelle de la copropriété. Serait-il possible de me l'envoyer par email d'ici la fin de la semaine ?	des messages longs (3 à 5 phrases) avec du contexte personnel ; le vrai sujet n'apparaît qu'au milieu ou à la fin	condominium	1
condominium	Bonjour, nous venons d'emménager dans l'appartement 4B et nous essayons de nous organiser avec le reste de l'immeuble. Pourriez-vous nous envoyer l'état des charges récupérables ainsi que le règlement de copropriété ? Nous souhaitons connaître précisément nos obligations vis-à-vis de la gestion du syndic.	des messages longs (3 à 5 phrases) avec du contexte personnel ; le vrai sujet n'apparaît qu'au milieu ou à la fin	condominium	1
condominium	Bonjour, je fais un point sur mes comptes de fin d'année et je vois une anomalie sur mon dernier appel de fonds. Le montant indiqué semble ne pas correspondre au calcul habituel des quotes-parts de copropriété. Je vous remercie de vérifier s'il n'y a pas eu une erreur de saisie.	des messages longs (3 à 5 phrases) avec du contexte personnel ; le vrai sujet n'apparaît qu'au milieu ou à la fin	condominium	1
condominium	L'année est déjà presque terminée et je n'ai pas encore vu passer les convocations pour la séance annuelle. Je crains que certains points importants ne soient pas abordés lors de l'assemblée générale de cette année. Pouvez-vous me confirmer que les documents sont prêts à être diffusés ?	des messages longs (3 à 5 phrases) avec du contexte personnel ; le vrai sujet n'apparaît qu'au milieu ou à la fin	condominium	1
condominium	Je vous écris car je prépare mon dossier de déclaration de revenus pour l'administration fiscale. J'ai besoin de connaître le montant exact des charges de copropriété payées au titre de l'année civile passée. Ce document est indispensable pour finaliser ma déclaration sans erreur.	des messages longs (3 à 5 phrases) avec du contexte personnel ; le vrai sujet n'apparaît qu'au milieu ou à la fin	condominium	1
condominium	Monsieur, je m'inquiète un peu en voyant l'évolution des dépenses communes de notre immeuble situé rue de Rivoli. Il me semble que les frais de nettoyage et de maintenance ont considérablement dérapé ces derniers mois. Serait-il possible d'auditer le suivi des charges de la copropriété ?	des messages longs (3 à 5 phrases) avec du contexte personnel ; le vrai sujet n'apparaît qu'au milieu ou à la fin	condominium	1
condominium	J'ai bien reçu votre dernier courrier concernant la gestion de notre immeuble de standing. Cependant, je n'ai pas trouvé d'information concernant le vote des nouveaux travaux de ravalement lors de la prochaine assemblée générale. Je souhaiterais que ce point soit inscrit à l'ordre du jour.	des messages longs (3 à 5 phrases) avec du contexte personnel ; le vrai sujet n'apparaît qu'au milieu ou à la fin	condominium	1
condominium	Bonjour, je voulais savoir quand aura lieu la prochaine AG pour la résidence les pins ? Merci	un style SMS ou messagerie instantanée : familier, abréviations, fautes d'orthographe, peu de ponctuation	condominium	1
condominium	Bonjour je viens de voir le relevé de charges pour l'appart 4B... c'est quoi cette augmentation de 50€ ?? c'est pas normal	un style SMS ou messagerie instantanée : familier, abréviations, fautes d'orthographe, peu de ponctuation	condominium	1
condominium	Dites, vous avez reçu le compte rendu de la dernière assemblée ? j'ai rien eu du tout	un style SMS ou messagerie instantanée : familier, abréviations, fautes d'orthographe, peu de ponctuation	condominium	1
condominium	Bonjour, je voudrais avoir l'état des sommes de copropriété pour le lot 12 svp	un style SMS ou messagerie instantanée : familier, abréviations, fautes d'orthographe, peu de ponctuation	condominium	1
condominium	Slt, vous pouvez m'envoyer le convocation pour l'AG de mardi ? j'ai perdi le courrier	un style SMS ou messagerie instantanée : familier, abréviations, fautes d'orthographe, peu de ponctuation	condominium	1
condominium	C'est quand la date limite pour envoyer les pouvoirs pour l'AG de l'immeuble rue de la paix ?	un style SMS ou messagerie instantanée : familier, abréviations, fautes d'orthographe, peu de ponctuation	condominium	1
condominium	Y'a un gros probleme avec le calcul des charges de chauffage cette année, vous pouvez regarder ?	un style SMS ou messagerie instantanée : familier, abréviations, fautes d'orthographe, peu de ponctuation	condominium	1
condominium	Bonjour je souhaite ajouter un point a l'ordre du jour pour la prochaine réunion de copro merci d'avance	un style SMS ou messagerie instantanée : familier, abréviations, fautes d'orthographe, peu de ponctuation	condominium	1
condominium	A part le fonds de travaux vous avez quoi d'autre dans le budget prévisionnel cette année ?	un style SMS ou messagerie instantanée : familier, abréviations, fautes d'orthographe, peu de ponctuation	condominium	1
condominium	Bonjour je ne comprends pas la ligne 'entretien parties communes' sur mon appel de fonds... c'est quoi le detail svp	un style SMS ou messagerie instantanée : familier, abréviations, fautes d'orthographe, peu de ponctuation	condominium	1
condominium	Madame, Monsieur, je reviens vers vous suite à la réception du dernier appel de fonds. Après vérification, il me semble qu'une erreur a été commise sur le calcul de mes charges de copropriété pour le trimestre en cours. Pourriez-vous vérifier le décompte ? Dans l'attente de votre retour, je vous prie d'agréun agréer mes salutations distinguées.	des e-mails formels avec formule d'appel et formule de politesse	condominium	1
condominium	Monsieur le Syndic, je vous informe par la présente que je souhaite faire inscrire une question à l'ordre du jour de notre prochaine assemblée générale annuelle. Je souhaiterais que nous discutions du renouvellement du contrat de maintenance de l'ascenseur. Je vous remercie par avance et vous prie de recevoir mes sincères salutations.	des e-mails formels avec formule d'appel et formule de politesse	condominium	1
condominium	Madame, Monsieur, en tant que copropriétaire de l'immeuble situé au 14 rue des Lilas, je souhaiterais obtenir une copie complète du règlement de copropriété mis à jour. Ce document m'est indispensable pour clarifier certains usages de la partie commune. Je vous remercie de votre aide et vous adresse mes cordiales salutations.	des e-mails formels avec formule d'appel et formule de politesse	condominium	1
condominium	Monsieur le Gestionnaire, je vous contacte car je n'ai toujours pas reçu le procès-verbal de l'assemblée générale qui s'est tenue le 12 octobre dernier. Pourriez-vous me le transmettre par voie électronique dans les plus brefs délais ? Je vous remercie de votre diligence et vous prie d'agréer mes respectueuses salutations.	des e-mails formels avec formule d'appel et formule de politesse	condominium	1
condominium	Madame, Monsieur, je souhaiterais savoir si le budget prévisionnel pour l'année 2024 a déjà été validé par le conseil syndical. J'ai besoin de cette information pour préparer la comptabilité de mon lot. Je reste dans l'attente de votre réponse et vous prie d'agréer mes sincères salutations.	des e-mails formels avec formule d'appel et formule de politesse	condominium	1
condominium	Monsieur, je vous informe de mon changement de coordonnées bancaires pour le prélèvement automatique de mes charges mensuelles. Vous trouverez mon nouveau RIB en pièce jointe de ce courriel. Je vous remercie de faire le nécessaire auprès de votre service comptable. Bien cordialement.	des e-mails formels avec formule d'appel et formule de politesse	condominium	1
condominium	Madame, Monsieur, concernant l'ordre du jour de la réunion de copropriété du mois prochain, je note avec inquiétude l'absence de discussion sur l'augmentation des frais de gardiennage. Je demande à ce que ce point soit approfondi lors des délibérations. Je vous prie d'agréer l'expression de mes salutations distinguées.	des e-mails formels avec formule d'appel et formule de politesse	condominium	1
condominium	Monsieur le Syndic, je vous prie de bien vouloir m'adresser le relevé détaillé des comptes de la copropriété de la Résidence les Pins pour l'exercice précédent. Ce document est nécessaire pour la vérification des écritures par le contrôleur de gestion. Je vous remercie et vous adresse mes salutations distinguées.	des e-mails formels avec formule d'appel et formule de politesse	condominium	1
condominium	Madame, Monsieur, je souhaiterais obtenir des éclaircissements sur la répartition des charges de nettoyage des parties communes. Le montant indiqué sur ma dernière facture me paraît disproportionné par rapport à l'année passée. Je vous remercie de votre attention et vous prie d'agréer mes salutations.	des e-mails formels avec formule d'appel et formule de politesse	condominium	1
condominium	Monsieur le Gestionnaire, je vous informe que je serai absent lors de la prochaine assemblée générale et que je vous transmets par ce biais mon pouvoir de représentation au nom de Monsieur Martin. Je vous prie de bien vouloir le transmettre aux membres du conseil. Cordialement.	des e-mails formels avec formule d'appel et formule de politesse	condominium	1
condominium	Bonjour, j'ai bien reçu le compte-rendu de notre réunion du 12 mars dernier à la Résidence des Glycines, cependant le point concernant le budget prévisionnel me semble comporter une erreur de calcul sur le poste électricité.	des formulations indirectes : le sujet se devine sans reprendre les mots-clés de la description de la catégorie	condominium	1
condominium	Madame, Monsieur, pourriez-vous m'indiquer la date exacte de la prochaine convocation pour que nous puissions voter le renouvellement du mandat du conseil ?	des formulations indirectes : le sujet se devine sans reprendre les mots-clés de la description de la catégorie	condominium	1
condominium	Je constate une augmentation de 15% sur mon dernier relevé mensuel, pouvez-vous m'expliquer ce qui justifie une telle hausse par rapport à l'année précédente ?	des formulations indirectes : le sujet se devine sans reprendre les mots-clés de la description de la catégorie	condominium	1
condominium	Est-il possible d'ajouter une question supplémentaire à l'ordre du jour avant que les documents définitifs ne soient envoyés à l'ensemble des copropriétaires de l'immeuble du 14 rue de la Paix ?	des formulations indirectes : le sujet se devine sans reprendre les mots-clés de la description de la catégorie	condominium	1
condominium	Je ne parviens pas à retrouver le détail de la répartition des quotes-parts pour le jardin commun dans les documents que vous m'avez transmis le mois dernier.	des formulations indirectes : le sujet se devine sans reprendre les mots-clés de la description de la catégorie	condominium	1
condominium	Concernant l'approbation des comptes de l'exercice clôturé, je souhaiterais obtenir une copie du rapport du commissaire aux comptes pour l'étudier avant le jour J.	des formulations indirectes : le sujet se devine sans reprendre les mots-clés de la description de la catégorie	condominium	1
condominium	Y a-t-il eu des changements dans le montant de la provision pour imprévus suite aux dernières décisions prises lors de la réunion de l'année dernière ?	des formulations indirectes : le sujet se devine sans reprendre les mots-clés de la description de la catégorie	condominium	1
condominium	Un habitant du deuxième étage conteste le calcul de sa part de frais de gardiennage, pourriez-vous vérifier si le règlement intérieur est toujours appliqué à l'identique ?	des formulations indirectes : le sujet se devine sans reprendre les mots-clés de la description de la catégorie	condominium	1
condominium	Je n'ai toujours pas reçu le lien de connexion pour participer à la session dématérialisée prévue la semaine prochaine.	des formulations indirectes : le sujet se devine sans reprendre les mots-clés de la description de la catégorie	condominium	1
condominium	Pourriez-vous nous transmettre le procès-verbal actualisé suite aux derniers échanges concernant le fonds de travaux ?	des formulations indirectes : le sujet se devine sans reprendre les mots-clés de la description de la catégorie	condominium	1
mortgage	Est-ce qu'on pourrait obtenir une simulation pour un prêt sur 20 ans ?	des messages courts et directs (une phrase), niveau de langue courant	mortgage	1
mortgage	Je souhaiterais connaître le taux actuel pour un emprunt immobilier de 250 000 euros.	des messages courts et directs (une phrase), niveau de langue courant	mortgage	1
mortgage	Quel est le coût total de l'assurance emprunteur pour ce projet de crédit ?	des messages courts et directs (une phrase), niveau de langue courant	mortgage	1
mortgage	Pouvez-vous m'envoyer une proposition avec un taux fixe à 3,5% ?	des messages courts et directs (une phrase), niveau de langue courant	mortgage	1
mortgage	J'aimerais savoir si mon dossier est éligible à un prêt à taux zéro.	des messages courts et directs (une phrase), niveau de langue courant	mortgage	1
mortgage	Quel serait le montant de mes mensualités pour un crédit de 180 000 € ?	des messages courts et directs (une phrase), niveau de langue courant	mortgage	1
mortgage	Je voudrais comparer les taux d'intérêt proposés par votre banque pour un projet à Lyon.	des messages courts et directs (une phrase), niveau de langue courant	mortgage	1
mortgage	Est-ce que vous proposez des offres de prêt immobilier avec différé de remboursement ?	des messages courts et directs (une phrase), niveau de langue courant	mortgage	1
mortgage	Pourriez-vous me faire une estimation de ma capacité d'emprunt ?	des messages courts et directs (une phrase), niveau de langue courant	mortgage	1
mortgage	Bonjour, nous venons de recevoir une proposition pour un appartement à Lyon mais nous avons un doute sur notre capacité d'autofinancement. Mon conjoint et moi travaillons en CDI depuis peu et nous aimerions savoir si vous pourriez nous proposer une simulation de prêt pour voir si le projet est viable. Merci de nous recontacter rapidement.	des messages longs (3 à 5 phrases) avec du contexte personnel ; le vrai sujet n'apparaît qu'au milieu ou à la fin	mortgage	1
mortgage	Madame, Monsieur, je vous contacte car je souhaite réorganiser mes finances personnelles suite à un héritage important. Je voudrais obtenir des informations précises concernant les taux d'emilité actuels pour un emprunt sur 20 ans. Pourriez-vous me dire quelles sont vos offres de crédit immobilier en ce moment ?	des messages longs (3 à 5 phrases) avec du contexte personnel ; le vrai sujet n'apparaît qu'au milieu ou à la fin	mortgage	1
mortgage	Bonjour, je suis actuellement en train de faire le point sur mon budget familial après l'arrivée de mon deuxième enfant. Dans ce contexte de changement de vie, je cherche à savoir si je peux souscrire à un nouveau crédit immobilier sans trop impacter mes mensualités actuelles. Serait-il possible de réaliser une étude de faisabilité ?	des messages longs (3 à 5 phrases) avec du contexte personnel ; le vrai sujet n'apparaît qu'au milieu ou à la fin	mortgage	1
mortgage	Cher courtier, nous avons récemment consulté plusieurs banques de notre région mais les réponses sont très disparates. Nous aimerions avoir votre expertise pour comparer les différents taux d'emprunt disponibles sur le marché de l'Ouest. Est-ce que vous proposez un accompagnement pour négocier les conditions de prêt ?	des messages longs (3 à 5 phrases) avec du contexte personnel ; le vrai sujet n'apparaît qu'au milieu ou à la fin	mortgage	1
mortgage	Bonjour, j'ai un projet de restructuration de mes dettes et j'aimerais voir si un regroupement pourrait être intéressant. Je souhaiterais surtout savoir si vous proposez une simulation de prêt incluant une assurance emprunteur adaptée à mon profil. Je reste disponible pour un rendez-vous téléphonique.	des messages longs (3 à 5 phrases) avec du contexte personnel ; le vrai sujet n'apparaît qu'au milieu ou à la fin	mortgage	1
mortgage	Monsieur le conseiller, je vous écris car les taux de la Banque de France ont beaucoup fluctué ces derniers mois. Je m'inquiète pour mon futur projet de construction et j'aimerais avoir une estimation de mon taux d'emprunt actuel. Est-ce qu'une étude personnalisée est possible dans votre agence ?	des messages longs (3 à 5 phrases) avec du contexte personnel ; le vrai sujet n'apparaît qu'au milieu ou à la fin	mortgage	1
mortgage	Bonjour, après plusieurs années de location dans le centre de Bordeaux, nous envisageons enfin de devenir propriétaires. Cependant, nous ne savons pas du tout quel budget nous pouvons mobiliser pour notre futur crédit immobilier. Pourriez-vous nous aider à évaluer notre capacité d'emprunt ?	des messages longs (3 à 5 phrases) avec du contexte personnel ; le vrai sujet n'apparaît qu'au milieu ou à la fin	mortgage	1
mortgage	Je travaille désormais en tant qu'indépendant depuis six mois et je redoute que ma situation professionnelle ne bloque mon dossier. J'ai pourtant un apport conséquent et je souhaiterais faire une simulation de prêt pour tester la réactivité de votre établissement. Quel type de garantie demandez-vous habituellement ?	des messages longs (3 à 5 phrases) avec du contexte personnel ; le vrai sujet n'apparaît qu'au milieu ou à la fin	mortgage	1
mortgage	Bonjour, je me permets de vous solliciter car je souhaite vérifier si mon projet de rénovation énergétique peut être financé par un prêt spécifique. Je cherche à connaître le taux d'emprunt pour un montage incluant une part de prêt à taux zéro. Merci d'avance pour votre retour.	des messages longs (3 à 5 phrases) avec du contexte personnel ; le vrai sujet n'apparaît qu'au milieu ou à la fin	mortgage	1
mortgage	Bonjour, nous avons rencontré un coup de cœur pour une maison en périphérie de Nantes mais notre dossier financier n'est pas encore prêt. Nous aurions besoin de savoir si un crédit immobilier avec une durée de 25 ans est envisageable avec nos revenus actuels. Pourriez-vous nous envoyer une proposition chiffrée ?	des messages longs (3 à 5 phrases) avec du contexte personnel ; le vrai sujet n'apparaît qu'au milieu ou à la fin	mortgage	1
mortgage	bonjour je voudrais savoir si vous pouvez me faire une simulation pour un prêt sur 20 ans ? j'ai un apport de 30k et je voudrais voir ce que ca donne au niveau du taux	un style SMS ou messagerie instantanée : familier, abréviations, fautes d'orthographe, peu de ponctuation	mortgage	1
mortgage	allo c est pour savoir si les taux ont baissé ce mois ci ? j'ai vu que ca bougeait pas mal sur le net	un style SMS ou messagerie instantanée : familier, abréviations, fautes d'orthographe, peu de ponctuation	mortgage	1
mortgage	salut je peux vous envoyer mes derniers relevés pour calculer ma capacité d'emprunt svp ??	un style SMS ou messagerie instantanée : familier, abréviations, fautes d'orthographe, peu de ponctuation	mortgage	1
mortgage	srprez je peux avoir une estimation de mes mensualités pour un emprunt de 250000€ ?	un style SMS ou messagerie instantanée : familier, abréviations, fautes d'orthographe, peu de ponctuation	mortgage	1
mortgage	bjr j ai besoin de refaire mon budget je voudrais voir si je peux passer sur un taux fixe ou si l offre est en variable	un style SMS ou messagerie instantanée : familier, abréviations, fautes d'orthographe, peu de ponctuation	mortgage	1
mortgage	vous faites aussi les simulations pour les primo-accédants ? j'ai pas trop de garant	un style SMS ou messagerie instantanée : familier, abréviations, fautes d'orthographe, peu de ponctuation	mortgage	1
mortgage	hello j'ai reçu une offre de la banque concurrente à 3.8% vous pouvez faire mieux ??	un style SMS ou messagerie instantanée : familier, abréviations, fautes d'orthographe, peu de ponctuation	mortgage	1
mortgage	est ce que l assurance emprunteur est comprise dans votre simulation ou faut compter en plus ?	un style SMS ou messagerie instantanée : familier, abréviations, fautes d'orthographe, peu de ponctuation	mortgage	1
mortgage	besoin d un coup de main pour mon dossier de prêt... je sais pas trop si mon dossier est assez solide pour un 25 ans	un style SMS ou messagerie instantanée : familier, abréviations, fautes d'orthographe, peu de ponctuation	mortgage	1
mortgage	Monsieur, Je reviens vers vous suite à notre échange téléphonique de ce matin. Pourriez-vous me faire parvenir une simulation détaillée pour un prêt immobilier de 250 000 euros sur une durée de 20 ans ? Je souhaiterais connaître le montant approximatif de mes mensualités ainsi que le TAEG applicable. Dans l'attente de votre retour, je vous prie d'agréarkan agréer, Monsieur, l'expression de mes salutations distinguées.	des e-mails formels avec formule d'appel et formule de politesse	mortgage	1
mortgage	Madame, Dans le cadre de mon projet de financement, je souhaiterais savoir si votre établissement propose actuellement des taux fixes attractifs pour un emprunt sur 25 ans. Je reste à votre disposition pour vous transmettre mes derniers relevés de compte. Bien cordialement.	des e-mails formels avec formule d'appel et formule de politesse	mortgage	1
mortgage	Bonjour, Je vous contacte pour obtenir une étude comparative concernant un prêt relais. Nous avons besoin de financer une transition entre la vente de notre maison actuelle et l'acquisition de notre futur logement. Quel serait le coût total du crédit ? Je vous remercie par avance de votre réponse. Cordialement.	des e-mails formels avec formule d'appel et formule de politesse	mortgage	1
mortgage	Monsieur le Courtier, Serait-il possible de convenir d'un rendez-vous afin de discuter des conditions de prêt pour un investissement locatif ? Nous aimerions optimiser notre capacité d'emprunt et étudier les différents taux d'intérêt disponibles sur le marché actuel. Je vous prie d'agréer, Monsieur, mes sincères salutations.	des e-mails formels avec formule d'appel et formule de politesse	mortgage	1
mortgage	Madame, Je souhaiterais recevoir une proposition de prêt immobilier incluant une assurance emprunteur. Le montant du capital emprunté est estimé à 320 000 euros. Pourriez-vous intégrer les frais de dossier dans votre simulation ? Je vous remercie de votre aide. Cordialement.	des e-mails formels avec formule d'appel et formule de politesse	mortgage	1
mortgage	Monsieur, Suite à la réception de votre dernier mail, j'ai bien noté la variation des taux d'intérêt. Est-ce que cette hausse impacte significativement ma capacité d'emprunt pour un projet à 15 ans ? Je vous remercie de votre retour rapide. Bien à vous.	des e-mails formels avec formule d'appel et formule de politesse	mortgage	1
mortgage	Bonjour, Je souhaiterais effectuer une simulation de prêt pour un achat en VEFA. Pouvez-vous me transmettre une offre de financement incluant une modulation des échéances ? Je vous prie d'agréer l'expression de mes salutations distinguées.	des e-mails formels avec formule d'appel et formule de politesse	mortgage	1
mortgage	Madame, Pourriez-vous m'indiquer quel est le taux d'usure actuel et si cela pourrait bloquer ma demande de crédit pour un montant de 180 000 euros ? Je vous remercie de votre expertise. Cordialement.	des e-mails formels avec formule d'appel et formule de politesse	mortgage	1
mortgage	Monsieur, Je vous adresse ce message car je souhaite renégocier mon prêt immobilier en cours. Compte tenu de la baisse actuelle des taux de l'emprunt, est-il pertinent de lancer une procédure de rachat de crédit ? Dans l'attente de votre avis, je vous prie d'agréer, Monsieur, mes salutations distinguées.	des e-mails formels avec formule d'appel et formule de politesse	mortgage	1
mortgage	Bonjour, Nous aimerions connaître les conditions de déblocage anticipé des fonds pour un prêt d'équipement lié à un projet immobilier. Quels sont les frais appliqués en cas de remboursement partiel ? Merci de votre retour. Cordialement.	des e-mails formels avec formule d'appel et formule de politesse	mortgage	1
mortgage	Bonjour, je souhaiterais savoir si vous pourriez me dire si mon dossier passerait pour un montant de 250 000 € avec un apport de 30 000 €. Est-ce que les conditions actuelles sont favorables pour une durée de 20 ans ?	des formulations indirectes : le sujet se devine sans reprendre les mots-clés de la description de la catégorie	mortgage	1
mortgage	Madame, Monsieur, je reviens vers vous suite à notre échange de mardi concernant l'évolution des mensualités. J'aimerais voir si on peut faire baisser le coût total de l'opération en allongeant la durée de remboursement.	des formulations indirectes : le sujet se devine sans reprendre les mots-clés de la description de la catégorie	mortgage	1
mortgage	Est-il possible d'obtenir un comparatif entre l'offre de la banque nationale et celle que vous m'avez présentée hier ? Je cherche à minimiser l'impact de l'assurance emprunteur sur mon budget mensuel.	des formulations indirectes : le sujet se devine sans reprendre les mots-clés de la description de la catégorie	mortgage	1
mortgage	J'ai reçu une proposition avec un 3,85% fixe, mais je trouve que l'écart avec ce que j'avais prévu est assez important. Pourriez-vous vérifier s'il existe une alternative plus compétitive ?	des formulations indirectes : le sujet se devine sans reprendre les mots-clés de la description de la catégorie	mortgage	1
mortgage	Bonjour, pourriez-vous calculer ce que cela représenterait concrètement chaque mois si je prenais une durée de 25 ans au lieu de 20 ? J'ai besoin de voir l'impact sur ma capacité de remboursement.	des formulations indirectes : le sujet se devine sans reprendre les mots-clés de la description de la catégorie	mortgage	1
mortgage	Suite à la hausse de l'inflation, je m'inquiète de la pérennité de mon projet. Est-ce que les chiffres que vous m'avez envoyés tiennent compte des nouvelles directives de la Banque de France ?	des formulations indirectes : le sujet se devine sans reprendre les mots-clés de la description de la catégorie	mortgage	1
mortgage	Je voudrais savoir si l'assurance décès-invalidité est incluse dans le pourcentage que vous m'avez annoncé ou s'il faut rajouter une part supplémentaire au budget global.	des formulations indirectes : le sujet se devine sans reprendre les mots-clés de la description de la catégorie	mortgage	1
mortgage	Bonjour, après réflexion, j'aimerais que l'on reprenne l'étude pour un montant de 400 000 € en incluant les frais de notaire dans le financement global.	des formulations indirectes : le sujet se devine sans reprendre les mots-clés de la description de la catégorie	mortgage	1
mortgage	Est-ce que vous auriez une estimation du coût total du dossier, en incluant la garantie de l'organisme spécialisé et les frais de dossier bancaires ?	des formulations indirectes : le sujet se devine sans reprendre les mots-clés de la description de la catégorie	mortgage	1
mortgage	Bonjour, je souhaiterais obtenir un document récapitulant les différentes options de mensualités selon les différents scénarios de durée que nous avons évoqués lors de notre rendez-vous à Lyon.	des formulations indirectes : le sujet se devine sans reprendre les mots-clés de la description de la catégorie	mortgage	1
none	Bonjour, pourriez-vous me confirmer vos horaires d'ouverture le samedi matin ? Merci d'avance.	des questions pratiques (horaires, adresse, accès, tarifs généraux, contact)	none	1
none	Bonjour, je souhaitais savoir si votre agence dispose d'un parking réservé aux clients ou s'il y a des zones de stationnement payantes à proximité de vos bureaux.	des questions pratiques (horaires, adresse, accès, tarifs généraux, contact)	none	1
none	Est-ce que je peux vous joindre par WhatsApp ou préférez-vous que l'on communique uniquement par email ?	des questions pratiques (horaires, adresse, accès, tarifs généraux, contact)	none	1
none	Bonjour, je cherche votre adresse exacte mais Google Maps semble m'indiquer une rue adjacente. Pourriez-vous me préciser si vous êtes situé derrière la mairie ?	des questions pratiques (horaires, adresse, accès, tarifs généraux, contact)	none	1
none	Bonjour, quels sont vos tarifs pour la gestion des dossiers administratifs courants ? Je n'ai pas de question précise sur un bien, mais je voudrais connaître votre grille tarifaire de services.	des questions pratiques (horaires, adresse, accès, tarifs généraux, contact)	none	1
none	Est-il possible de prendre rendez-vous en visio plutôt que de se déplacer dans vos locaux ?	des questions pratiques (horaires, adresse, accès, tarifs généraux, contact)	none	1
none	Bonjour, je me demandais si vous aviez des bureaux accessibles aux personnes à mobilité réduite.	des questions pratiques (horaires, adresse, accès, tarifs généraux, contact)	none	1
none	Bonjour, je vous écris car je n'arrive pas à vous joindre par téléphone malgré plusieurs tentatives. Quel serait le meilleur moment pour vous appeler sans vous déranger ?	des questions pratiques (horaires, adresse, accès, tarifs généraux, contact)	none	1
none	Votre agence est-elle ouverte durant la période estivale ou prévoyez-vous une fermeture annuelle ?	des questions pratiques (horaires, adresse, accès, tarifs généraux, contact)	none	1
none	Bonjour, je souhaiterais savoir si vous proposez des services de conseil juridique ou si vous ne vous occupez que de la partie transactionnelle.	des questions pratiques (horaires, adresse, accès, tarifs généraux, contact)	none	1
none	Un grand merci pour votre réactivité lors de notre dernier échange, c'est très appréciable.	des remerciements, félicitations ou messages de politesse sans demande précise	none	1
none	Je tenais simplement à vous féliciter pour la qualité de votre accueil lors de notre rendez-vous de la semaine dernière.	des remerciements, félicitations ou messages de politesse sans demande précise	none	1
none	Bien reçu, je vous remercie pour ces précisions.	des remerciements, félicitations ou messages de politesse sans demande précise	none	1
none	Juste un petit mot pour vous remercier de votre aide précieuse durant ces derniers jours. Bonne journée à vous.	des remerciements, félicitations ou messages de politesse sans demande précise	none	1
none	Félicitations à toute l'équipe pour cette belle réussite, c'est amplement mérité !	des remerciements, félicitations ou messages de politesse sans demande précise	none	1
none	Merci encore pour votre professionnalisme et votre gentillesse.	des remerciements, félicitations ou messages de politesse sans demande précise	none	1
none	Je vous souhaite une excellente fin de semaine.	des remerciements, félicitations ou messages de politesse sans demande précise	none	1
none	Un immense merci pour votre accompagnement, vous avez été au top.	des remerciements, félicitations ou messages de politesse sans demande précise	none	1
none	Je vous souhaite une très bonne continuation.	des remerciements, félicitations ou messages de politesse sans demande précise	none	1
none	Merci beaucoup pour votre retour rapide, c'est très clair.	des remerciements, félicitations ou messages de politesse sans demande précise	none	1
none	Bonjour, je suis graphiste freelance et je me permets de vous contacter pour vous proposer mes services de création de supports de communication (flyers, brochures, logos) afin de moderniser l'image de votre agence. Seriez-vous disponible pour un court échange ?	des candidatures, propositions commerciales, sollicitations ou partenariats	none	1
none	Madame, Monsieur, suite à votre annonce pour le poste d'assistant immobilier, je vous prie de trouver ci-joint mon CV et ma lettre de motivation pour postuler à cette offre.	des candidatures, propositions commerciales, sollicitations ou partenariats	none	1
none	Objet : Proposition de partenariat pour l'organisation de votre prochain événement de réseau. Nous proposons des services de traiteur premium qui pourraient intéresser vos clients VIP lors de vos vernissages de biens.	des candidatures, propositions commerciales, sollicitations ou partenariats	none	1
none	Bonjour, je représente la société NetClean, spécialisée dans le nettoyage de vitrines pour les commerces de proximité. Nous aimerions vous proposer un contrat d'entretien mensuel pour vos locaux professionnels.	des candidatures, propositions commerciales, sollicitations ou partenariats	none	1
none	Je souhaiterais vous proposer une collaboration concernant la gestion de vos réseaux sociaux. Je peux m'occuper de la publication de vos nouveaux biens sur Instagram et Facebook pour booster votre visibilité locale.	des candidatures, propositions commerciales, sollicitations ou partenariats	none	1
none	Madame, Monsieur, je vous contacte car je souhaite proposer mes services de photographe immobilier professionnel. Un rendu haute définition est essentiel pour valoriser vos mandats et attirer davantage de prospects.	des candidatures, propositions commerciales, sollicitations ou partenariats	none	1
none	Bonjour, je suis étudiant en marketing et je recherche un stage de 6 mois au sein de votre structure pour découvrir les métiers de la transaction immobilière. Voici mon dossier de candidature.	des candidatures, propositions commerciales, sollicitations ou partenariats	none	1
none	Nous avons développé une application de visite virtuelle 3D innovante et nous aimerions vous la présenter comme outil complémentaire pour vos agents lors de leurs prospections.	des candidatures, propositions commerciales, sollicitations ou partenariats	none	1
none	Bonjour, je vous contacte pour vous proposer une prestation de rédaction web spécialisée dans l'immobilier. Je peux rédiger vos articles de blog et vos newsletters de manière régulière.	des candidatures, propositions commerciales, sollicitations ou partenariats	none	1
none	Monsieur le Directeur, j'aimerais vous proposer un partenariat de recommandation mutuelle entre mon cabinet d'architecte d'intérieur et votre agence, afin d'offrir une valeur ajoutée à vos acquéreurs.	des candidatures, propositions commerciales, sollicitations ou partenariats	none	1
none	Bonjour, je souhaiterais savoir si vous proposez des services de gestion de patrimoine en plus de vos activités habituelles ?	des messages sur des sujets proches du domaine mais qui ne relèvent d'aucune catégorie listée	none	1
none	Est-ce que vous pourriez me transmettre la liste des partenaires locaux que vous recommandez pour l'assurance habitation ?	des messages sur des sujets proches du domaine mais qui ne relèvent d'aucune catégorie listée	none	1
none	Bonjour, je me demandais si vous aviez des informations concernant les nouvelles réglementations sur l'audit énergétique obligatoire pour les bâtiments anciens.	des messages sur des sujets proches du domaine mais qui ne relèvent d'aucune catégorie listée	none	1
none	Je vous contacte pour savoir si vous gérez également les aspects de mutation notariale ou si je dois m'adresser directement à mon étude.	des messages sur des sujets proches du domaine mais qui ne relèvent d'aucune catégorie listée	none	1
none	Bonjour, j'aimerais savoir si votre agence propose des services de conciergerie pour la gestion des clés lors de mes déplacements professionnels.	des messages sur des sujets proches du domaine mais qui ne relèvent d'aucune catégorie listée	none	1
none	Est-il possible de mettre en relation mon conseiller en gestion de patrimoine avec votre service pour une étude de stratégie fiscale ?	des messages sur des sujets proches du domaine mais qui ne relèvent d'aucune catégorie listée	none	1
none	Je souhaiterais obtenir des renseignements sur les aides de l'État concernant la transition écologique, savez-vous si vous accompagnez vos clients sur ce point ?	des messages sur des sujets proches du domaine mais qui ne relèvent d'aucune catégorie listée	none	1
none	Bonjour, pourriez-vous me dire si vous avez des contacts fiables pour la domiciliation d'entreprise dans le secteur ?	des messages sur des sujets proches du domaine mais qui ne relèvent d'aucune catégorie listée	none	1
none	Je me permets de vous solliciter pour connaître vos tarifs concernant le conseil en optimisation fiscale lié à la détention de patrimoine immobilier.	des messages sur des sujets proches du domaine mais qui ne relèvent d'aucune catégorie listée	none	1
none	Bonjour, j'ai un doute sur la validité d'un document administratif concernant l'urbanisme, auriez-vous un expert à me conseiller pour vérifier cela ?	des messages sur des sujets proches du domaine mais qui ne relèvent d'aucune catégorie listée	none	1
